"plot","treatment","date","collar","FCO2_DRY","FCH4_DRY","FN2O","FCO2_R2","FCH4_R2","FN2O_R2","CO2_model","CH4_model","N2O_model","CH4_MDF","CH4_below_MDF","CH4_det_class","N2O_MDF","N2O_below_MDF","N2O_det_class","CH4_qc_any","N2O_qc_any"
1,"slurry",2025-05-06,"A",9.43904986617382,-0.117158076247291,0.280080409216498,0.999646090038971,0.909434611427484,0.581215857092192,"HM","HM","HM",0.0205887794346849,FALSE,"uptake",0.112892230610332,FALSE,"emission",FALSE,FALSE
1,"slurry",2025-05-06,"B",10.4864494085429,-0.180210773414388,0.408342610000153,0.999600232634054,0.960566087694704,0.801438434083872,"HM","HM","HM",0.0205594368658678,FALSE,"uptake",0.112742299135499,FALSE,"emission",FALSE,TRUE
1,"slurry",2025-05-06,"C",9.43058405020516,-0.233572010166826,0.210942767892169,0.998257366681186,0.975117729421343,0.454031124818476,"HM","HM","HM",0.0199007409787452,FALSE,"uptake",0.109122869809185,FALSE,"emission",TRUE,FALSE
2,"control",2025-05-06,"A",7.53948194431453,-0.160817036045349,0.225922472670423,0.999224775538665,0.949211148360315,0.376271725898755,"HM","HM","HM",0.0203809761824419,FALSE,"uptake",0.11177133104992,FALSE,"emission",FALSE,FALSE
2,"control",2025-05-06,"B",11.1705600391567,-0.262843177059738,0.263621331912628,0.997042269518087,0.96427750037047,0.598456927822569,"HM","HM","HM",0.0200630509883658,FALSE,"uptake",0.110028658669206,FALSE,"emission",TRUE,TRUE
2,"control",2025-05-06,"C",14.2820734746994,-0.102993866671532,0.0663838689965166,0.99987487157566,0.841235559543692,0.106561337142641,"HM","HM","LM",0.0207181224536995,FALSE,"uptake",0.113609392472895,TRUE,"below detection",FALSE,FALSE
3,"compost",2025-05-06,"A",10.1103612751038,0.122998820922306,0.358923064087449,0.999750452491605,0.907629396090688,0.568080017297873,"HM","HM","HM",0.0203054840457883,FALSE,"emission",0.111363565953347,FALSE,"emission",FALSE,FALSE
3,"compost",2025-05-06,"B",8.73776677628927,-0.114589533482739,0.132981085459282,0.998907961712645,0.924689262324982,0.362204528491515,"HM","HM","HM",0.0198823318969398,FALSE,"uptake",0.109030819558113,FALSE,"emission",FALSE,FALSE
3,"compost",2025-05-06,"C",9.98609044859762,-0.178887652000151,0.211455318899109,0.999446609674804,0.90898621886229,0.464355496167945,"HM","HM","LM",0.0212455336315278,FALSE,"uptake",0.116507805840718,FALSE,"emission",FALSE,FALSE
4,"compost",2025-05-06,"A",7.41284290086964,-0.212993721623689,0.200863422722886,0.99913151166407,0.958150954734579,0.436686167853638,"HM","HM","HM",0.0205494215402089,FALSE,"uptake",0.112681323624418,FALSE,"emission",FALSE,FALSE
4,"compost",2025-05-06,"B",8.65601047511384,-0.284948828893441,0.0881041662580438,0.999637118433543,0.98402330008737,0.131051028975692,"HM","HM","HM",0.0205211423457819,FALSE,"uptake",0.112514485714025,TRUE,"below detection",FALSE,FALSE
4,"compost",2025-05-06,"C",11.754969641329,-0.2070495225424,0.345519790112206,0.999614620726695,0.968929660668839,0.785985871771197,"HM","HM","HM",0.0200932394309138,FALSE,"uptake",0.11017310369991,FALSE,"emission",TRUE,FALSE
5,"control",2025-05-06,"A",11.2397882831265,-0.254079964684194,0.394888074372411,0.997738891641161,0.969577132934855,0.808450368548385,"HM","HM","HM",0.0198837937512514,FALSE,"uptake",0.109047439496065,FALSE,"emission",TRUE,FALSE
5,"control",2025-05-06,"B",8.03899795212186,-0.247347214841098,0.359663603974228,0.998457544211852,0.973037695351249,0.748366823910811,"HM","HM","HM",0.0204672733277474,FALSE,"uptake",0.112254326527902,FALSE,"emission",FALSE,FALSE
5,"control",2025-05-06,"C",9.51861219184715,-0.260516191906338,0.264667576786172,0.999463747882,0.979125328636506,0.699680201240602,"HM","HM","HM",0.0208657135119719,FALSE,"uptake",0.11446103239385,FALSE,"emission",TRUE,FALSE
6,"slurry",2025-05-06,"A",9.23565856808185,-0.230278463167936,0.337330512549102,0.999467810006784,0.971560948437314,0.770569564739607,"HM","HM","HM",0.0207617959301118,FALSE,"uptake",0.113857581366318,FALSE,"emission",FALSE,FALSE
6,"slurry",2025-05-06,"B",9.98360758965248,-0.152138294034381,0.119538227594105,0.999555041298331,0.930583780071479,0.24788761845843,"HM","HM","HM",0.021998445090517,FALSE,"uptake",0.120623655765533,TRUE,"below detection",FALSE,FALSE
6,"slurry",2025-05-06,"C",12.3834039833384,-0.188398305662685,0.313231320990803,0.999715341263909,0.965222964830472,0.507598794337348,"HM","HM","HM",0.0209577177333891,FALSE,"uptake",0.114927083025374,FALSE,"emission",TRUE,FALSE
7,"control",2025-05-06,"A",12.1394107910992,-0.16538465964381,0.943119759427957,0.99820200030046,0.952486917732943,0.945197940724908,"HM","HM","HM",0.0203680926677064,FALSE,"uptake",0.111698380877748,FALSE,"emission",TRUE,FALSE
7,"control",2025-05-06,"B",13.2034024044552,-0.212163434232919,0.641922857520661,0.998127936838354,0.969735221069506,0.716625435642774,"HM","HM","HM",0.0209948807350032,FALSE,"uptake",0.115129534964235,FALSE,"emission",FALSE,FALSE
7,"control",2025-05-06,"C",12.4083709800694,-0.310760409769251,1.95901360848248,0.99866378472374,0.955208782733863,0.978765643885532,"HM","HM","HM",0.0206637959876793,FALSE,"uptake",0.113309685970976,FALSE,"emission",FALSE,FALSE
8,"compost",2025-05-06,"A",9.37257892500261,-0.359943246783667,0.0662385812663935,0.994087343021692,0.958672732200595,0.00763049396239757,"HM","HM","HM",0.0206643578277681,FALSE,"uptake",0.113329984094137,TRUE,"below detection",TRUE,FALSE
8,"compost",2025-05-06,"C",14.4886341721782,-0.378713058975839,0.68154526304991,0.998947670835773,0.987998623510313,0.850368210772126,"HM","HM","HM",0.0208459407404934,FALSE,"uptake",0.114311778539427,FALSE,"emission",FALSE,FALSE
9,"compost",2025-05-06,"A",9.48780300528783,-0.189212310460879,0.487952978395951,0.999651510105416,0.971429214055357,0.808810890407269,"HM","HM","HM",0.020499120918648,FALSE,"uptake",0.11242080470416,FALSE,"emission",FALSE,FALSE
9,"compost",2025-05-06,"B",8.9339468161533,-0.272692528916489,0.17031797181032,0.999575123470061,0.976420098348277,0.31187291152124,"HM","HM","HM",0.0205597532496504,FALSE,"uptake",0.11275453670326,FALSE,"emission",FALSE,FALSE
9,"compost",2025-05-06,"C",11.850491951598,-0.356901823566441,0.333784217014121,0.999340609645199,0.988943011524828,0.72316645981439,"HM","HM","LM",0.0203689960360224,FALSE,"uptake",0.111712018379369,FALSE,"emission",TRUE,FALSE
10,"control",2025-05-06,"A",10.2464439916162,-0.150594125973334,0.790003218368073,0.999623945396552,0.955618296388742,0.92714976695363,"HM","HM","HM",0.0210312466326203,FALSE,"uptake",0.115329393319476,FALSE,"emission",FALSE,FALSE
10,"control",2025-05-06,"B",7.42442336166704,-0.08746081971197,0.298412523358204,0.998457092586091,0.83528503888899,0.571505326035279,"HM","HM","HM",0.0198027776384597,FALSE,"uptake",0.108594378993887,FALSE,"emission",FALSE,FALSE
10,"control",2025-05-06,"C",8.98783536671453,-0.129456275249965,0.874044184223691,0.999728525577425,0.934236621835466,0.910642930564243,"HM","HM","HM",0.0196929856613285,FALSE,"uptake",0.107994018024875,FALSE,"emission",FALSE,FALSE
11,"slurry",2025-05-06,"A",11.6992567993984,-0.237444688523147,0.408901154554249,0.997683969079654,0.975542362290796,0.73746986962583,"HM","HM","HM",0.0203998740071405,FALSE,"uptake",0.111885093946647,FALSE,"emission",TRUE,FALSE
11,"slurry",2025-05-06,"B",11.0292198468622,-0.145477713918565,0.243527817636974,0.999740091929389,0.926082786357209,0.552591557792991,"HM","HM","HM",0.0195492327358469,FALSE,"uptake",0.107226133925753,FALSE,"emission",TRUE,FALSE
12,"slurry",2025-05-06,"A",10.4832673877742,-0.223033610684874,0.140995254371388,0.999279933895446,0.964433908249411,0.217691632741112,"HM","HM","LM",0.0208173279075918,FALSE,"uptake",0.114184084430619,FALSE,"emission",FALSE,FALSE
12,"slurry",2025-05-06,"B",12.2987862077633,-0.188883822891596,0.458024959448426,0.999535843814297,0.956842348696623,0.790163534676035,"HM","HM","HM",0.0200089450766101,FALSE,"uptake",0.109724576864978,FALSE,"emission",TRUE,FALSE
12,"slurry",2025-05-06,"C",8.96465195210674,-0.0156640924151967,0.288247095192615,0.999543135090741,0.160388260086872,0.662182252590972,"HM","HM","HM",0.019162521148159,TRUE,"below detection",0.105105195904354,FALSE,"emission",TRUE,FALSE
13,"slurry",2025-05-06,"A",11.3619766702759,-0.247018499918058,0.446946926964229,0.999095927584847,0.964998480854207,0.610150474524707,"HM","HM","HM",0.020851119855912,FALSE,"uptake",0.114370980033606,FALSE,"emission",TRUE,FALSE
13,"slurry",2025-05-06,"B",15.8129426825331,-0.0239803390620074,0.980240586786349,0.995096986515572,0.215205739329566,0.886075256951383,"LM","HM","HM",0.0206683833220145,FALSE,"uptake",0.113350018153069,FALSE,"emission",TRUE,FALSE
13,"slurry",2025-05-06,"C",11.2049825323587,-0.119901116213404,0.136582838750942,0.999758608090709,0.900620319308647,0.280106048678966,"HM","HM","HM",0.0208023541709773,FALSE,"uptake",0.114092230897205,FALSE,"emission",FALSE,FALSE
14,"compost",2025-05-06,"A",9.13477544906734,-0.0277864848972129,0.253573960728539,0.999682249053687,0.375602245061511,0.432975004808813,"HM","HM","HM",0.0196518817671423,FALSE,"uptake",0.107776550972717,FALSE,"emission",TRUE,FALSE
14,"compost",2025-05-06,"B",9.81624633623514,-0.135398850464416,0.502744765609774,0.999375883612433,0.931076831197386,0.782976252800914,"HM","HM","HM",0.0205801552166745,FALSE,"uptake",0.112887290515936,FALSE,"emission",FALSE,FALSE
14,"compost",2025-05-06,"C",11.4504071362007,-0.164444634031546,0.582547655086069,0.99857121084957,0.929517287331515,0.886022030274653,"HM","HM","HM",0.0210685102205479,FALSE,"uptake",0.115562283481283,FALSE,"emission",TRUE,FALSE
15,"control",2025-05-06,"A",17.0389872522001,-0.414916066701735,0.45025448618233,0.997215183705377,0.979261739065434,0.848257096987436,"HM","HM","HM",0.0195837472991894,FALSE,"uptake",0.10740791976936,FALSE,"emission",TRUE,TRUE
15,"control",2025-05-06,"B",9.92158925414944,-0.161642877297551,0.956199077246326,0.998578202675607,0.954438092969316,0.945620563121701,"HM","HM","HM",0.0207776551033646,FALSE,"uptake",0.113945680421366,FALSE,"emission",TRUE,TRUE
15,"control",2025-05-06,"C",10.8571481768297,-0.100952682916309,0.794259995446643,0.999000441923368,0.891698231200863,0.934858220508114,"HM","HM","HM",0.0203754820384077,FALSE,"uptake",0.111751738297121,FALSE,"emission",FALSE,FALSE
1,"slurry",2025-05-27,"A",10.5207163139962,-0.318019659171386,0.0650450182827487,0.9995096921553,0.98429361084777,0.0421781776593333,"HM","HM","LM",0.0218893054872714,FALSE,"uptake",0.158427407494205,TRUE,"below detection",FALSE,FALSE
1,"slurry",2025-05-27,"B",6.11071835982145,-0.333592220768284,0.14023856499833,0.998486603583497,0.972151255419234,0.204011390770381,"HM","HM","HM",0.0219282331198691,FALSE,"uptake",0.158521665006209,TRUE,"below detection",FALSE,FALSE
1,"slurry",2025-05-27,"C",11.6002971361622,-0.478926115223527,0.0679069098053637,0.998976751459393,0.992679211491328,0.0757826522733136,"HM","HM","LM",0.02105201370485,FALSE,"uptake",0.151794921487024,TRUE,"below detection",FALSE,FALSE
2,"control",2025-05-27,"A",8.03503799609242,-0.381336956496943,0.0329657728459725,0.999429344727988,0.988257331454653,0.000874733858941212,"HM","HM","HM",0.0219902278335729,FALSE,"uptake",0.158587069017271,TRUE,"below detection",FALSE,FALSE
2,"control",2025-05-27,"B",15.8909912968575,-0.618722090175054,0.0772662180321948,0.99891787076816,0.986023336026122,0.0422688548353656,"HM","HM","HM",0.0213047561472552,FALSE,"uptake",0.153929874184889,TRUE,"below detection",FALSE,FALSE
2,"control",2025-05-27,"C",13.122672305455,-0.42492428589522,0.038558405648435,0.999021800479528,0.990630025705596,-0.00587042812343319,"HM","HM","HM",0.0219306569156154,FALSE,"uptake",0.158142860945671,TRUE,"below detection",TRUE,FALSE
3,"compost",2025-05-27,"A",8.80190358676113,-0.335089725568182,-0.00743653979626951,0.999564037715861,0.98762421927543,-0.0100421713250975,"HM","HM","HM",0.0216507401188633,FALSE,"uptake",0.156547464016173,TRUE,"below detection",FALSE,FALSE
3,"compost",2025-05-27,"B",15.1066296195881,-0.457453286263854,0.076095906281175,0.998877795290599,0.993161907482499,0.0499781161404426,"HM","HM","LM",0.02115361853838,FALSE,"uptake",0.152839805077407,TRUE,"below detection",FALSE,FALSE
3,"compost",2025-05-27,"C",9.7026418716369,-0.412165269881839,-0.0192022162699722,0.999453608475383,0.992809465302524,-0.00460390246054532,"HM","HM","HM",0.0223696799300562,FALSE,"uptake",0.161347595067635,TRUE,"below detection",FALSE,FALSE
4,"compost",2025-05-27,"A",6.88187299168558,-0.385339223161529,-0.0794597457243135,0.996780034958188,0.988967145872996,0.0128052059819935,"HM","HM","HM",0.0216448083785963,FALSE,"uptake",0.156365505462221,TRUE,"below detection",FALSE,FALSE
4,"compost",2025-05-27,"B",11.071337752399,-0.456315029276744,0.0553824404996352,0.9995012092675,0.990285360073126,0.0212914179045863,"HM","HM","LM",0.0218185626011228,FALSE,"uptake",0.157545435156232,TRUE,"below detection",TRUE,FALSE
4,"compost",2025-05-27,"C",11.5462230234586,-0.355073816063643,0.15567141344248,0.999098208121196,0.982265615699956,0.0623230966753922,"HM","HM","HM",0.0214103592343046,FALSE,"uptake",0.154613659200502,FALSE,"emission",TRUE,FALSE
5,"control",2025-05-27,"A",16.4009030191884,-0.537367983991688,0.391666237745556,0.999502889367213,0.992639811151531,0.495754851705517,"HM","HM","HM",0.0222862826899941,FALSE,"uptake",0.160678513000001,FALSE,"emission",FALSE,FALSE
5,"control",2025-05-27,"B",14.1426342816159,-0.620399551587946,0.0742512493851661,0.998298077103293,0.991974542999049,0.0559241797896936,"HM","HM","HM",0.0217949978510162,FALSE,"uptake",0.157055054430125,TRUE,"below detection",FALSE,FALSE
5,"control",2025-05-27,"C",9.76839299190088,-0.54468421196328,-0.00748318215732974,0.999027102768291,0.99323338443054,-0.010487179489719,"HM","HM","HM",0.0223404371043312,FALSE,"uptake",0.160966556865602,TRUE,"below detection",FALSE,FALSE
6,"slurry",2025-05-27,"A",9.82494777747963,-0.517453135296599,-0.0624895038747348,0.998222675861235,0.993815342564724,0.0445028511687035,"HM","HM","LM",0.0208544804557467,FALSE,"uptake",0.150678369350693,TRUE,"below detection",FALSE,FALSE
6,"slurry",2025-05-27,"B",8.99785726969925,-0.316478728776992,0.0749053045140117,0.998628625376272,0.980867056225685,0.0311428075702505,"HM","HM","HM",0.0234010624455298,FALSE,"uptake",0.168923080052728,TRUE,"below detection",TRUE,FALSE
6,"slurry",2025-05-27,"C",9.86290185817256,-0.426147852047913,0.095043399087224,0.999161729341836,0.990294807460921,0.0891161950293685,"HM","HM","HM",0.0225250520419281,FALSE,"uptake",0.162460338635617,TRUE,"below detection",TRUE,TRUE
7,"control",2025-05-27,"A",14.8780975410886,-0.310604952498459,0.231565369515001,0.999511767909772,0.983543724682567,0.423496800401521,"HM","HM","LM",0.0216457118763707,FALSE,"uptake",0.156277917606865,FALSE,"emission",FALSE,FALSE
7,"control",2025-05-27,"B",14.0192308253016,-0.406293204027936,0.537226679546921,0.999296073912752,0.992946322578613,0.566880939803185,"HM","HM","HM",0.0218582276424979,FALSE,"uptake",0.157732025397133,FALSE,"emission",FALSE,FALSE
7,"control",2025-05-27,"C",13.5670029925905,-0.289273950631446,0.528273342075497,0.998821984796208,0.980484170803064,0.54794534032857,"HM","HM","HM",0.0217101852282981,FALSE,"uptake",0.156829449189517,FALSE,"emission",FALSE,FALSE
8,"compost",2025-05-27,"A",8.54952057667401,-0.427900598564676,0.0759997005809644,0.998656397310007,0.991853576192235,0.0676492451090792,"HM","HM","HM",0.0217979243106863,FALSE,"uptake",0.157341685084238,TRUE,"below detection",TRUE,FALSE
8,"compost",2025-05-27,"B",10.3465837325597,-0.332939126968801,0.0539236865941714,0.998647982313745,0.986179185240704,0.0232072287255047,"HM","HM","HM",0.0220920582311607,FALSE,"uptake",0.159579990208982,TRUE,"below detection",TRUE,TRUE
8,"compost",2025-05-27,"C",13.887043881288,-0.529698079696768,0.0998474024803472,0.9990409216887,0.995230800967073,0.108912200101189,"HM","HM","LM",0.0220829546798436,FALSE,"uptake",0.159547319230256,TRUE,"below detection",FALSE,FALSE
9,"compost",2025-05-27,"A",9.66897085599391,-0.390748458997288,0.0594908708692734,0.999131800388519,0.984789270228496,0.024198321526087,"HM","HM","HM",0.0214964193990009,FALSE,"uptake",0.155230900358865,TRUE,"below detection",FALSE,FALSE
9,"compost",2025-05-27,"B",8.10495297853154,-0.328589964567013,0.227201119450942,0.998221343440904,0.986205331415103,0.341096349736262,"HM","HM","HM",0.021904172051127,FALSE,"uptake",0.158013163827881,FALSE,"emission",TRUE,FALSE
9,"compost",2025-05-27,"C",8.82098474355022,-0.37817817421271,0.18945344150063,0.998803451886074,0.986911330761564,0.308984052367262,"HM","HM","HM",0.0214525057903745,FALSE,"uptake",0.154912010228762,FALSE,"emission",TRUE,FALSE
10,"control",2025-05-27,"A",10.5527900219337,-0.222959459922916,0.209753859380944,0.997375064935396,0.969369915310451,0.347127379303835,"HM","HM","HM",0.022328894969278,FALSE,"uptake",0.161126375448422,FALSE,"emission",TRUE,FALSE
10,"control",2025-05-27,"B",7.786484822922,-0.353897014542677,0.0431019624009786,0.999285549535899,0.987980102441212,0.013544821678945,"HM","HM","LM",0.0210014766987036,FALSE,"uptake",0.151416419911352,TRUE,"below detection",TRUE,FALSE
10,"control",2025-05-27,"C",7.57210804585303,-0.320180513367962,0.205498347400543,0.999140072293701,0.98579092545214,0.319672758179513,"HM","HM","HM",0.0209682292611094,FALSE,"uptake",0.15124587994659,FALSE,"emission",FALSE,FALSE
11,"slurry",2025-05-27,"A",10.6068521904452,-0.272394453347309,-0.0626375049502094,0.997759175759924,0.979731196262177,0.0188109513190465,"HM","HM","HM",0.0215986051211027,FALSE,"uptake",0.155921019103677,TRUE,"below detection",FALSE,FALSE
11,"slurry",2025-05-27,"B",11.1204608373275,-0.279353812278091,0.0775826337374982,0.998369535899195,0.969521614143179,0.0614878219520454,"HM","HM","LM",0.0216162615747279,FALSE,"uptake",0.156081213953317,TRUE,"below detection",FALSE,FALSE
11,"slurry",2025-05-27,"C",10.0851436031008,-0.388051975895884,0.0546869056415187,0.997972912076369,0.984166226046267,0.0237765297033965,"HM","HM","LM",0.0208545975882394,FALSE,"uptake",0.150661591700413,TRUE,"below detection",FALSE,FALSE
12,"slurry",2025-05-27,"A",7.38119600197698,-0.506184702599007,0.112479439550852,0.999082548856294,0.991154959884266,0.130580055585649,"HM","HM","LM",0.0220955075414598,FALSE,"uptake",0.159332481900871,TRUE,"below detection",FALSE,FALSE
12,"slurry",2025-05-27,"B",13.3062593633456,-0.384325273558543,0.13725338819233,0.99889895287175,0.991346189358002,0.151490235687839,"HM","HM","HM",0.0211969670977885,FALSE,"uptake",0.153077168942318,TRUE,"below detection",FALSE,FALSE
12,"slurry",2025-05-27,"C",8.17183584830207,-0.261177516714934,0.0665669108971169,0.997863282766989,0.97748875371312,0.00754382559783462,"HM","HM","HM",0.0205152468744226,FALSE,"uptake",0.148085546318309,TRUE,"below detection",TRUE,FALSE
13,"slurry",2025-05-27,"A",8.76793297316507,-0.411966542995523,0.102846847280017,0.997472690618431,0.989685724521204,0.0306070753654194,"HM","HM","HM",0.0226018576364468,FALSE,"uptake",0.162842953205067,TRUE,"below detection",FALSE,FALSE
13,"slurry",2025-05-27,"B",6.91384031497341,0.255932250847399,0.173114495824358,0.999322553065329,0.98047426200285,0.244738507817084,"HM","HM","HM",0.0219886231978791,FALSE,"emission",0.15846268818914,FALSE,"emission",FALSE,FALSE
13,"slurry",2025-05-27,"C",7.58198987767122,-0.342008138722842,0.0873410741228711,0.9986673109165,0.990317809393361,0.110332247152603,"HM","HM","HM",0.021358282862896,FALSE,"uptake",0.153902314945968,TRUE,"below detection",FALSE,TRUE
14,"compost",2025-05-27,"A",7.38095240060777,-0.0871276527820567,0.0252356174680372,0.998811438996057,0.852004389495681,-0.00713071125373266,"HM","HM","HM",0.021211215224577,FALSE,"uptake",0.15291318466293,TRUE,"below detection",FALSE,FALSE
14,"compost",2025-05-27,"B",7.29923507348148,-0.293717581030795,0.0244269812268975,0.999367216047445,0.984604924315575,-0.00301404489878365,"HM","HM","HM",0.0221648558962342,FALSE,"uptake",0.159829562913283,TRUE,"below detection",FALSE,FALSE
14,"compost",2025-05-27,"C",8.41535143288559,-0.157451028798551,-0.0531084750095229,0.999175566890432,0.940791387226278,0.0292677303743556,"HM","HM","HM",0.0226883343682591,FALSE,"uptake",0.163646731662275,TRUE,"below detection",FALSE,FALSE
15,"control",2025-05-27,"A",8.67394866946062,-0.255435551654574,0.0479136281408034,0.998878741604682,0.98151310255322,0.026423078241096,"HM","HM","HM",0.0209180746053529,FALSE,"uptake",0.150882943763912,TRUE,"below detection",TRUE,FALSE
15,"control",2025-05-27,"B",8.15416451091308,-0.283974907192067,-0.0335569764676628,0.998761045623317,0.981579230901277,0.00268150863996175,"HM","HM","HM",0.0219495499383493,FALSE,"uptake",0.158370836018031,TRUE,"below detection",FALSE,FALSE
15,"control",2025-05-27,"C",10.61274590296,-0.306800764305716,0.010625731263127,0.999027817537886,0.985069393533786,-0.00948624295693978,"HM","HM","HM",0.0219472013686537,FALSE,"uptake",0.158313996945428,TRUE,"below detection",FALSE,FALSE
1,"slurry",2025-05-29,"A",17.5134418982364,-0.191775052014862,0.525367460700005,0.997222135075975,0.945187788656477,0.811124667992099,"HM","HM","HM",0.0221731350007214,FALSE,"uptake",0.158756147833023,FALSE,"emission",FALSE,FALSE
1,"slurry",2025-05-29,"B",9.52903439625256,-0.368808651210687,0.115178842142746,0.999018533274633,0.99012202448547,0.0739306672545443,"HM","HM","HM",0.0221884531901092,FALSE,"uptake",0.158817116180043,TRUE,"below detection",FALSE,FALSE
1,"slurry",2025-05-29,"C",8.21828700597537,-0.479930573868904,-0.0108703327685906,0.99818344628554,0.993917936133721,-0.00985449218770795,"HM","HM","HM",0.021365837851487,FALSE,"uptake",0.152960332816537,TRUE,"below detection",FALSE,FALSE
2,"control",2025-05-29,"A",6.10250002667085,-0.454053771306127,-0.0277868872814998,0.998909351741442,0.990463469554857,-0.00628157204184632,"HM","HM","HM",0.0220641269590181,FALSE,"uptake",0.15795512029581,TRUE,"below detection",FALSE,FALSE
2,"control",2025-05-29,"B",7.58794770877072,-0.455087498124654,0.280009535836389,0.999530777095309,0.993623555587521,0.374159484418242,"HM","HM","HM",0.0216395172145525,FALSE,"uptake",0.154954458182422,FALSE,"emission",FALSE,FALSE
2,"control",2025-05-29,"C",7.83727241939899,-0.434947250106994,0.0841269638040207,0.999618991032448,0.993337856194408,0.0590540796734133,"HM","HM","HM",0.0222189879681575,FALSE,"uptake",0.159067232041495,TRUE,"below detection",FALSE,FALSE
3,"compost",2025-05-29,"A",8.61230545748478,-0.330941940008932,0.139163216318091,0.997380521755968,0.986933281646369,0.123097876985387,"HM","HM","LM",0.0211310527214095,FALSE,"uptake",0.151228055806359,TRUE,"below detection",TRUE,FALSE
3,"compost",2025-05-29,"B",11.3523514218015,-0.370620952811596,0.090155410598611,0.997991721566573,0.987767273475968,0.0135890991967799,"HM","HM","LM",0.0237002641342569,FALSE,"uptake",0.169501290879008,TRUE,"below detection",TRUE,FALSE
3,"compost",2025-05-29,"C",8.40075468471645,-0.43476257426654,0.034005515665746,0.996146377026725,0.98751434609431,-0.00318749525510476,"HM","HM","HM",0.0223508374379398,FALSE,"uptake",0.159862015513635,TRUE,"below detection",FALSE,FALSE
4,"compost",2025-05-29,"A",5.13271157110077,-0.350188226469422,0.0142942141266355,0.997895293681799,0.988497834617673,-0.00815275784457214,"HM","HM","HM",0.0219720430398898,FALSE,"uptake",0.157284181999712,TRUE,"below detection",FALSE,FALSE
4,"compost",2025-05-29,"B",6.97459237717754,-0.501905713251151,0.100251318221118,0.998681270795341,0.989445942221492,0.104326063047085,"HM","HM","LM",0.0220343410417508,FALSE,"uptake",0.157759432309831,TRUE,"below detection",FALSE,FALSE
4,"compost",2025-05-29,"C",9.37423928549762,-0.462490406391014,0.066698398172992,0.996680344076552,0.986794171899968,0.0601345269181778,"HM","HM","HM",0.0216791492769567,FALSE,"uptake",0.155285967965182,TRUE,"below detection",FALSE,FALSE
5,"control",2025-05-29,"A",8.01608077328563,-0.411896356401309,0.0522030558891091,0.999080076809002,0.993127789978568,0.022125255035171,"HM","HM","HM",0.0215298316755177,FALSE,"uptake",0.154116612128358,TRUE,"below detection",FALSE,FALSE
5,"control",2025-05-29,"B",5.06083700852129,-0.450566216645809,-0.0491719677550034,0.999334792242957,0.994039219877817,0.0211821623994867,"HM","HM","LM",0.0222647101728138,FALSE,"uptake",0.15937960451761,TRUE,"below detection",TRUE,FALSE
5,"control",2025-05-29,"C",7.37369870672345,-0.59424254692914,0.0776674916709074,0.999423384476619,0.992664978470601,0.0369936893818421,"HM","HM","HM",0.0225013758718377,FALSE,"uptake",0.161085590540731,TRUE,"below detection",FALSE,FALSE
6,"slurry",2025-05-29,"A",10.035541364499,-0.385847780468113,0.335151233615863,0.999475532999403,0.989715689058915,0.308606662231048,"HM","HM","HM",0.0213839764844249,FALSE,"uptake",0.152958624135146,FALSE,"emission",TRUE,FALSE
6,"slurry",2025-05-29,"B",11.2598048601939,-0.315759955322957,0.598640000994048,0.999139758942446,0.990262266640732,0.591638816491177,"HM","HM","HM",0.0209155015105091,FALSE,"uptake",0.149595802208818,FALSE,"emission",FALSE,FALSE
6,"slurry",2025-05-29,"C",21.0107712542891,0.227510122380258,1.16733705821488,0.998852614815354,0.945500355681241,0.926464775276798,"HM","HM","HM",0.0262659094423881,FALSE,"emission",0.187870554530265,FALSE,"emission",FALSE,TRUE
7,"control",2025-05-29,"A",8.60232688220495,-0.317088937963551,0.0341265237240893,0.999670781409655,0.984459701287023,0.00554071805830447,"HM","HM","HM",0.022000652199202,FALSE,"uptake",0.157594751879371,TRUE,"below detection",FALSE,FALSE
7,"control",2025-05-29,"B",8.39860948779564,-0.482249448253651,0.326457798746909,0.999398251437661,0.99332647413624,0.354817578766278,"HM","HM","HM",0.0225779503565272,FALSE,"uptake",0.161646798928619,FALSE,"emission",FALSE,FALSE
7,"control",2025-05-29,"C",8.92218846454819,-0.320697466833968,0.0658316097901014,0.998151266532018,0.985630197948791,0.0480403275702853,"HM","HM","HM",0.0222179523813318,FALSE,"uptake",0.159144460940886,TRUE,"below detection",FALSE,TRUE
8,"compost",2025-05-29,"A",7.42059492499338,-0.492082986702856,0.0718747065211022,0.997806588702529,0.991210313046623,0.0479318821534255,"HM","HM","LM",0.0221477334817937,FALSE,"uptake",0.158582980167064,TRUE,"below detection",FALSE,FALSE
8,"compost",2025-05-29,"B",8.58096115603156,-0.471918659856519,0.118903974257811,0.998050738995006,0.990307773206548,0.0444133214902963,"HM","HM","HM",0.0225344898324427,FALSE,"uptake",0.161367571081124,TRUE,"below detection",FALSE,FALSE
8,"compost",2025-05-29,"C",9.38349862097041,-0.64905053868785,0.0181935969733611,0.998966444854326,0.996086987625273,-0.00841284530998054,"HM","HM","HM",0.0221864667913668,FALSE,"uptake",0.158939168509965,TRUE,"below detection",FALSE,FALSE
9,"compost",2025-05-29,"A",8.58445223939568,-0.427595047592992,0.0392303840625575,0.996918376173634,0.987656370091262,0.00899508268108173,"HM","HM","HM",0.0218114319638304,FALSE,"uptake",0.156018210096822,TRUE,"below detection",FALSE,TRUE
9,"compost",2025-05-29,"B",8.13473529154432,-0.418457083310649,0.144244325721814,0.998869438017466,0.991319852167983,0.16329276488746,"HM","HM","HM",0.0216149352371639,FALSE,"uptake",0.154661175767815,TRUE,"below detection",TRUE,TRUE
9,"compost",2025-05-29,"C",8.62300010329126,-0.549478604941604,-0.00269290302120736,0.998830409879617,0.995833926001766,-0.0105518675543383,"HM","HM","HM",0.0213677542013354,FALSE,"uptake",0.152875379681305,TRUE,"below detection",TRUE,FALSE
10,"control",2025-05-29,"B",5.5267100478432,-0.363050701547867,-0.0134961947682298,0.998398676916852,0.987113699696389,-0.00959781538599191,"HM","HM","HM",0.0213801274944526,FALSE,"uptake",0.153057787682321,TRUE,"below detection",FALSE,FALSE
10,"control",2025-05-29,"C",5.79541839228382,-0.327918796410175,0.0647028811659977,0.99930779176687,0.989172888383562,0.0499445169199252,"HM","HM","HM",0.0213501511939034,FALSE,"uptake",0.152798975402373,TRUE,"below detection",TRUE,TRUE
11,"slurry",2025-05-29,"A",11.3583046174899,-0.322372940380563,-0.0523062940362947,0.998980090029989,0.983244833525882,-0.00114959213345855,"HM","HM","HM",0.0218445842570532,FALSE,"uptake",0.156477340273003,TRUE,"below detection",FALSE,FALSE
11,"slurry",2025-05-29,"B",12.0135165575124,-0.109227474136519,0.0474351575909794,0.999466400832256,0.897575335238933,0.0204782265124709,"HM","HM","HM",0.0218616288348713,FALSE,"uptake",0.156576080508597,TRUE,"below detection",FALSE,TRUE
11,"slurry",2025-05-29,"C",12.4097348465716,-0.158341163352846,0.173389749905347,0.998297505768575,0.944311801913971,0.257878654134973,"HM","HM","HM",0.0210444407002303,FALSE,"uptake",0.150691196299453,FALSE,"emission",TRUE,FALSE
12,"slurry",2025-05-29,"A",12.3488917282674,-0.398275743457867,0.40974355163157,0.998913443736567,0.990696827536132,0.41160621263839,"HM","HM","HM",0.0220879521028597,FALSE,"uptake",0.158098118607573,FALSE,"emission",TRUE,FALSE
12,"slurry",2025-05-29,"B",21.0513424352588,-0.267839201643687,1.1285329214571,0.998306436646114,0.981649673281779,0.923115052196413,"HM","HM","HM",0.0213549608128761,FALSE,"uptake",0.152823182342816,FALSE,"emission",FALSE,FALSE
12,"slurry",2025-05-29,"C",15.8294777608977,-0.118348206509018,1.98177975236848,0.997950376621451,0.943450945050837,0.981429698663479,"HM","HM","HM",0.0204542369589427,FALSE,"uptake",0.146458388972108,FALSE,"emission",FALSE,FALSE
13,"slurry",2025-05-29,"A",9.29438728237218,-0.395276562165763,0.0338234180464382,0.999403618101856,0.990489404857715,0.00239899152053946,"HM","HM","HM",0.0227343756031883,FALSE,"uptake",0.162651457762179,TRUE,"below detection",FALSE,FALSE
13,"slurry",2025-05-29,"B",23.0534126903992,5.23473403332025,1.02101140783911,0.998283066227502,0.997609239017794,0.903707556416869,"HM","HM","HM",0.0223718485746575,FALSE,"emission",0.160130155476328,FALSE,"emission",TRUE,FALSE
13,"slurry",2025-05-29,"C",16.6112336414536,-0.0400203582886741,1.19032510244957,0.998912396759609,0.588133831324562,0.861714526325427,"HM","HM","HM",0.0216213154574436,FALSE,"uptake",0.154781142790763,FALSE,"emission",FALSE,FALSE
14,"compost",2025-05-29,"A",8.93027691274808,-0.0787613790792786,-0.000320162486487471,0.99803735295893,0.759062744063199,-0.0106361601552163,"HM","HM","HM",0.0209781049071534,FALSE,"uptake",0.150308593936182,TRUE,"below detection",FALSE,FALSE
14,"compost",2025-05-29,"B",7.89308634062424,-0.286219679118415,0.133816828503269,0.996689585865095,0.985118349993876,0.170155583734903,"HM","HM","HM",0.022242549823343,FALSE,"uptake",0.159436153936929,TRUE,"below detection",FALSE,FALSE
14,"compost",2025-05-29,"C",7.98642768605746,-0.191916000899237,0.149438797995566,0.998900280835236,0.952107406911764,0.0542817647661015,"HM","HM","HM",0.0224651334170348,FALSE,"uptake",0.160993404699017,TRUE,"below detection",FALSE,FALSE
15,"control",2025-05-29,"A",8.56745228408116,-0.265551152252752,0.133768093225568,0.998655951672042,0.978742057906798,0.173116006296381,"HM","HM","HM",0.0209393202009437,FALSE,"uptake",0.149960869048544,TRUE,"below detection",FALSE,FALSE
15,"control",2025-05-29,"B",7.21185069652652,-0.278600389080356,0.121206764091032,0.998557887617163,0.982491923589754,0.138042193599147,"HM","HM","LM",0.0220708402858815,FALSE,"uptake",0.158032649709974,TRUE,"below detection",TRUE,FALSE
15,"control",2025-05-29,"C",8.97428370396282,-0.306336764836116,0.072835207841292,0.9932440911834,0.972810883867768,0.0133215720740559,"HM","HM","HM",0.0217008217414736,FALSE,"uptake",0.155356256663076,TRUE,"below detection",FALSE,FALSE
1,"slurry",2025-05-30,"A",16.5051357619324,-0.180218249708572,0.641157341384763,0.998164877848332,0.959115993519621,0.860120053361168,"HM","HM","HM",0.0208564128595673,FALSE,"uptake",0.14482169005454,FALSE,"emission",TRUE,FALSE
1,"slurry",2025-05-30,"B",9.23002213008933,-0.290747571493645,0.261248781934336,0.997542372725211,0.984857738411738,0.58011804882377,"HM","HM","LM",0.0208745825909489,FALSE,"uptake",0.145023577452234,FALSE,"emission",TRUE,TRUE
1,"slurry",2025-05-30,"C",8.32726731665853,-0.368229056590869,0.0632522374375592,0.997067619685757,0.988260301022577,0.0512658800737135,"HM","HM","HM",0.0201315940467026,FALSE,"uptake",0.139992863820382,TRUE,"below detection",FALSE,TRUE
2,"control",2025-05-30,"A",8.83054975539121,-0.374692015605108,0.0827775054361635,0.997709640061152,0.98528270809914,0.0832705226336989,"HM","HM","HM",0.0208444776311422,FALSE,"uptake",0.145008750483328,TRUE,"below detection",TRUE,FALSE
2,"control",2025-05-30,"B",12.1816436459643,-0.405477403659794,0.243504859508847,0.998919504201465,0.988840060876617,0.23728525610561,"HM","HM","HM",0.0203999058857874,FALSE,"uptake",0.141990143044763,FALSE,"emission",TRUE,FALSE
2,"control",2025-05-30,"C",10.2889868493653,-0.385747761450039,0.0570799541168695,0.998107591980868,0.98899908492619,0.0327818026450845,"HM","HM","LM",0.021008097399013,FALSE,"uptake",0.145934216957035,TRUE,"below detection",TRUE,FALSE
3,"compost",2025-05-30,"A",8.78725548742356,-0.357250813463948,0.181808155461132,0.997682520192384,0.984884473009541,0.307014259782002,"HM","HM","HM",0.0207574660093604,FALSE,"uptake",0.144188815006951,FALSE,"emission",FALSE,FALSE
3,"compost",2025-05-30,"B",13.4512446707882,-0.350650580510151,1.17611181939011,0.997856343567228,0.986380868940454,0.889710117952273,"HM","HM","HM",0.0202206872979863,FALSE,"uptake",0.140473716843636,FALSE,"emission",TRUE,FALSE
3,"compost",2025-05-30,"C",9.19357935991332,-0.344657414157718,0.087969134965471,0.997356429575057,0.986955141362447,0.109242524973943,"HM","HM","HM",0.0213914674349356,FALSE,"uptake",0.148598444031052,TRUE,"below detection",TRUE,FALSE
4,"compost",2025-05-30,"A",6.96967873089484,-0.296205469076052,0.0586369973504177,0.993244749642712,0.981144330017801,0.0465255388026987,"HM","HM","HM",0.0206477359489139,FALSE,"uptake",0.143388996522213,TRUE,"below detection",TRUE,FALSE
4,"compost",2025-05-30,"B",9.4171983792947,-0.391344116918126,0.143325695918827,0.996578281371814,0.988093013106032,0.234740412892451,"HM","HM","HM",0.0204779326040598,FALSE,"uptake",0.142322012074191,FALSE,"emission",TRUE,TRUE
4,"compost",2025-05-30,"C",12.2384497728816,-0.536797596572471,0.151671606857767,0.998367857806663,0.995533907344008,0.209150084969224,"HM","HM","LM",0.0204289166675434,FALSE,"uptake",0.141565800767798,FALSE,"emission",FALSE,FALSE
5,"control",2025-05-30,"A",13.6784154090808,-0.592600530026244,0.116821358835288,0.998412184950836,0.990303748793926,0.145313690565579,"HM","HM","HM",0.0203641688179124,FALSE,"uptake",0.141088239435099,TRUE,"below detection",TRUE,TRUE
5,"control",2025-05-30,"B",8.51298016152207,-0.535048811226305,0.0775725494421717,0.997125429147347,0.993023423552887,0.0794415227235394,"HM","HM","HM",0.0209483285842832,FALSE,"uptake",0.145196818093666,TRUE,"below detection",FALSE,FALSE
5,"control",2025-05-30,"C",10.7572411157834,-0.472754312322721,0.0949700369339751,0.997793762501032,0.992610315981111,0.0743157809931365,"HM","HM","LM",0.0212861571146731,FALSE,"uptake",0.147499926580815,TRUE,"below detection",FALSE,FALSE
6,"slurry",2025-05-30,"A",10.5641145232144,-0.418801362455694,0.244186274521382,0.999092266037441,0.989484105605193,0.492476378808134,"HM","HM","HM",0.0203079762908351,FALSE,"uptake",0.140711568704962,FALSE,"emission",TRUE,FALSE
6,"slurry",2025-05-30,"B",12.5403023726096,-0.359483678530318,0.269774224504028,0.99917839220706,0.985698716560162,0.481136726640115,"HM","HM","HM",0.0224299654210436,FALSE,"uptake",0.155453259178134,FALSE,"emission",FALSE,FALSE
6,"slurry",2025-05-30,"C",19.9437237598308,-0.236986580729702,1.19857221458815,0.998437136349697,0.94595007360574,0.943009244226766,"HM","HM","HM",0.0212790959737106,FALSE,"uptake",0.147446624083415,FALSE,"emission",TRUE,FALSE
7,"control",2025-05-30,"A",16.7275741675958,-0.355042243642122,0.30118827183524,0.997531565655622,0.975894658047856,0.35125393280742,"HM","HM","HM",0.0206544456519503,FALSE,"uptake",0.143130640813474,FALSE,"emission",TRUE,FALSE
7,"control",2025-05-30,"B",12.3380743104518,-0.474813069610584,0.097832076865384,0.997986210740121,0.993577466933197,0.054610815145777,"HM","HM","HM",0.0212584022013653,FALSE,"uptake",0.14733257743717,TRUE,"below detection",FALSE,FALSE
7,"control",2025-05-30,"C",13.8756576128827,-0.405895194533483,0.112238258331296,0.998667330190015,0.988257847270136,0.13372006262111,"HM","HM","HM",0.0209291080774542,FALSE,"uptake",0.14503287727999,TRUE,"below detection",FALSE,TRUE
8,"compost",2025-05-30,"A",9.42655665400982,-0.447275273546254,0.114802885555747,0.996076300992067,0.987242981227641,0.140940363718124,"HM","HM","LM",0.0208980507624205,FALSE,"uptake",0.144837661091519,TRUE,"below detection",TRUE,FALSE
8,"compost",2025-05-30,"B",12.7035135923742,-0.560146460851833,0.198414965859572,0.997838977867041,0.992957779031375,0.105750911718239,"HM","HM","HM",0.021330138841921,FALSE,"uptake",0.147820778806242,FALSE,"emission",TRUE,FALSE
8,"compost",2025-05-30,"C",15.9033973565607,-0.923797979008438,0.235846989142082,0.998010589478361,0.99386634167737,0.487333984309423,"HM","HM","HM",0.0210740383464955,FALSE,"uptake",0.146009089355101,FALSE,"emission",TRUE,FALSE
9,"compost",2025-05-30,"A",9.20519827685973,-0.36337284891723,0.0877897250549046,0.998213941063091,0.9868652265387,0.0761112134164059,"HM","HM","HM",0.0208303269734135,FALSE,"uptake",0.144374269145663,TRUE,"below detection",TRUE,FALSE
9,"compost",2025-05-30,"B",9.05960772655269,-0.448956091496785,0.246942425382933,0.99807906512127,0.987753556851188,0.472087836874233,"HM","HM","HM",0.0208085699665961,FALSE,"uptake",0.144209471692506,FALSE,"emission",TRUE,TRUE
9,"compost",2025-05-30,"C",9.45564264141365,-0.481191689609846,0.226839711834315,0.997901432594731,0.991392195279,0.41439300810983,"HM","HM","HM",0.0206617239340349,FALSE,"uptake",0.143209529265349,FALSE,"emission",TRUE,FALSE
10,"control",2025-05-30,"A",9.2709464833279,-0.307223345267428,0.481513150424036,0.99693733644248,0.98402184633037,0.381800272063659,"HM","HM","HM",0.0196581552315024,FALSE,"uptake",0.136200891411035,FALSE,"emission",TRUE,FALSE
10,"control",2025-05-30,"B",7.69656161404254,-0.369465130885143,0.0797626248220494,0.998060104611489,0.990445715711975,0.0620395591047319,"HM","HM","HM",0.020236976121606,FALSE,"uptake",0.140234048091626,TRUE,"below detection",FALSE,TRUE
10,"control",2025-05-30,"C",9.82617496112648,-0.390863932797386,0.150831747911878,0.997171857002686,0.985323964167427,0.143996208340704,"HM","HM","HM",0.0201109759501335,FALSE,"uptake",0.139363463370724,FALSE,"emission",TRUE,FALSE
11,"slurry",2025-05-30,"A",12.8915995910622,-0.278123369387332,0.258699604707018,0.996699277296308,0.974176237689397,0.532313135154926,"HM","HM","HM",0.0208673761660667,FALSE,"uptake",0.144605729210651,FALSE,"emission",TRUE,FALSE
11,"slurry",2025-05-30,"B",14.6227379423379,-0.26725093043874,0.290188507932771,0.999190664899705,0.9773056590754,0.500615339787936,"HM","HM","HM",0.0207345809641477,FALSE,"uptake",0.143692530145922,FALSE,"emission",TRUE,FALSE
11,"slurry",2025-05-30,"C",12.482541532531,-0.237330852521088,0.478501657782521,0.997229128262561,0.973674366815606,0.701915061387396,"HM","HM","HM",0.0201014249331479,FALSE,"uptake",0.139269478951021,FALSE,"emission",TRUE,FALSE
12,"slurry",2025-05-30,"A",9.07527499701436,-0.43719457406133,0.394954620317342,0.997538706360594,0.992551571331768,0.485164212341477,"HM","HM","HM",0.0213597851020159,FALSE,"uptake",0.148011326495344,FALSE,"emission",FALSE,FALSE
12,"slurry",2025-05-30,"B",17.654031466811,-0.327388577898455,0.648568939236806,0.999225849502962,0.984710803822423,0.821473842811468,"HM","HM","HM",0.0201782045817162,FALSE,"uptake",0.139823566725306,FALSE,"emission",TRUE,TRUE
12,"slurry",2025-05-30,"C",14.240859925521,-0.281516771148712,0.834996038217898,0.99870871833655,0.97456699722701,0.927746184870948,"HM","HM","HM",0.019389474797605,FALSE,"uptake",0.134377927341952,FALSE,"emission",TRUE,FALSE
13,"slurry",2025-05-30,"A",10.3969892863313,-0.38705896741759,0.18032002885764,0.999164018054576,0.991096757604347,0.35154075610106,"HM","HM","HM",0.0216267216897772,FALSE,"uptake",0.14985886251444,FALSE,"emission",TRUE,FALSE
13,"slurry",2025-05-30,"B",23.1902375849807,1.79642337078005,3.75963812162262,0.998450910353122,0.997281411281468,0.992622273997814,"HM","HM","HM",0.0213295551625686,FALSE,"emission",0.147794622245216,FALSE,"emission",TRUE,FALSE
13,"slurry",2025-05-30,"C",15.3391997315147,-0.284711754053929,0.53521794970825,0.999035915210469,0.980701262074625,0.811720396548432,"HM","HM","HM",0.0203990799199612,FALSE,"uptake",0.141339942065403,FALSE,"emission",FALSE,FALSE
14,"compost",2025-05-30,"A",10.3157551878587,0.122289809892098,0.125291191239307,0.997666250446045,0.878278958607399,0.209846226968813,"HM","HM","HM",0.0200426310844075,FALSE,"emission",0.138870528158672,TRUE,"below detection",TRUE,FALSE
14,"compost",2025-05-30,"B",8.71061963510839,-0.296813414623503,0.0901733372465606,0.998711466270932,0.979328243726123,0.118556102526021,"HM","HM","HM",0.0213311640430308,FALSE,"uptake",0.147786085729846,TRUE,"below detection",TRUE,FALSE
14,"compost",2025-05-30,"C",9.68547501932882,-0.163719000595151,0.149853683481853,0.998027305372494,0.930895210460516,0.142056421847717,"HM","HM","HM",0.0215476830209993,FALSE,"uptake",0.149293051762233,FALSE,"emission",TRUE,FALSE
15,"control",2025-05-30,"A",11.2065203127147,-0.284705481976647,0.143380560617622,0.996686162402423,0.979723634172194,0.303503560464497,"HM","HM","HM",0.0201020112129844,FALSE,"uptake",0.139269697830023,FALSE,"emission",TRUE,FALSE
15,"control",2025-05-30,"B",9.32269761261087,-0.320114410995106,0.121822529050633,0.996997102368088,0.979483411183786,0.14700974624829,"HM","HM","HM",0.0211409325643887,FALSE,"uptake",0.146480895446759,TRUE,"below detection",TRUE,TRUE
15,"control",2025-05-30,"C",12.1132701785932,-0.356390119524422,0.274666343932692,0.996226882545773,0.988414681808095,0.496571579604202,"HM","HM","HM",0.0207654218030677,FALSE,"uptake",0.1438865333769,FALSE,"emission",TRUE,TRUE
1,"slurry",2025-06-03,"A",13.7981323783792,-0.155340193657536,0.343860828216969,0.997813749765716,0.926576164194369,0.613129351079638,"HM","HM","HM",0.0212913891053914,FALSE,"uptake",0.158449497966898,FALSE,"emission",TRUE,FALSE
1,"slurry",2025-06-03,"B",9.69403269653683,-0.186829505040598,0.284544067874793,0.998358069422935,0.95070098103659,0.395535826355623,"HM","HM","HM",0.0215794460437979,FALSE,"uptake",0.160557862977579,FALSE,"emission",FALSE,FALSE
1,"slurry",2025-06-03,"C",10.8254060494258,-0.248600868613806,0.28704513984276,0.997883780677126,0.978873212992772,0.39632775603158,"HM","HM","HM",0.0205044423766528,FALSE,"uptake",0.152533383745894,FALSE,"emission",FALSE,FALSE
2,"control",2025-06-03,"A",11.0106815003683,-0.298354912490763,0.256603580566149,0.998267782874556,0.972473253542996,0.322633638838784,"HM","HM","HM",0.021197375787518,FALSE,"uptake",0.157678541548251,FALSE,"emission",TRUE,FALSE
2,"control",2025-06-03,"B",15.7959694318267,-0.378831740526007,0.244712557733153,0.998762338828877,0.98922498138643,0.270646921294545,"HM","HM","HM",0.0208617699241781,FALSE,"uptake",0.155174574855141,FALSE,"emission",TRUE,FALSE
2,"control",2025-06-03,"C",12.7714099625113,-0.233466967804745,0.130191453821592,0.99898476533296,0.964509473649843,0.226818056007472,"HM","HM","HM",0.0213381297390518,FALSE,"uptake",0.1587606345191,TRUE,"below detection",TRUE,FALSE
3,"compost",2025-06-03,"A",12.891265601336,-0.151512335701515,0.306357524253833,0.998418892243198,0.936059736263094,0.563789464186164,"HM","HM","HM",0.0210323962198603,FALSE,"uptake",0.156493185535067,FALSE,"emission",TRUE,FALSE
3,"compost",2025-06-03,"B",18.513614420745,-0.0788257941906113,0.546239636739074,0.997762471555021,0.768393104113811,0.779890204547435,"HM","HM","HM",0.0204266730505497,FALSE,"uptake",0.151932808410828,FALSE,"emission",TRUE,FALSE
3,"compost",2025-06-03,"C",11.6686496498961,-0.24418979706746,0.190235142768973,0.998477343834127,0.968369551188175,0.208861256286323,"HM","HM","HM",0.0218143263268827,FALSE,"uptake",0.162290625827213,FALSE,"emission",TRUE,FALSE
4,"compost",2025-06-03,"A",7.99385070248672,-0.223111801040143,0.139979047598524,0.997689558773281,0.966094606767767,0.13259515553421,"HM","HM","HM",0.0211470215995009,FALSE,"uptake",0.15736101220763,TRUE,"below detection",TRUE,FALSE
4,"compost",2025-06-03,"B",12.7068179454953,-0.318265814792859,0.119299137547478,0.998811987800986,0.985825229873241,0.0575174219111484,"HM","HM","HM",0.0207697502892355,FALSE,"uptake",0.154516791888761,TRUE,"below detection",TRUE,FALSE
4,"compost",2025-06-03,"C",14.6446805988815,-0.266753641372897,0.181037421155641,0.998382850570962,0.973355111328765,0.366878205440249,"HM","HM","HM",0.0209220259146334,FALSE,"uptake",0.155683581512183,FALSE,"emission",TRUE,FALSE
5,"control",2025-06-03,"A",13.9974738160491,-0.301569277799997,0.335244410509089,0.998577615934437,0.981770861880813,0.316897284370257,"HM","HM","HM",0.0209071791852119,FALSE,"uptake",0.155552658257816,FALSE,"emission",TRUE,FALSE
5,"control",2025-06-03,"B",10.2845149309775,-0.380831703222989,0.1700908523688,0.998710047808105,0.989300997645134,0.265619244737241,"HM","HM","LM",0.0212738660452168,FALSE,"uptake",0.158271486971256,FALSE,"emission",TRUE,FALSE
5,"control",2025-06-03,"C",13.2742536735236,-0.397288295533915,0.14300977845849,0.998917489928183,0.99265244573536,0.180396007350718,"HM","HM","LM",0.0216181682940909,FALSE,"uptake",0.160860115629732,TRUE,"below detection",TRUE,FALSE
6,"slurry",2025-06-03,"A",10.6667897974715,-0.287112739527538,0.639377634037135,0.999074266277243,0.98580303638389,0.720394980482018,"HM","HM","HM",0.0209573886529579,FALSE,"uptake",0.155915235648715,FALSE,"emission",FALSE,FALSE
6,"slurry",2025-06-03,"B",11.9126800829258,-0.185193880447595,0.499067006875515,0.999092673909478,0.936826397675222,0.434636008190645,"HM","HM","HM",0.0229811566984781,FALSE,"uptake",0.170997901383671,FALSE,"emission",TRUE,FALSE
6,"slurry",2025-06-03,"C",16.4312308888356,-0.249610478716205,0.654787335684305,0.999333307917234,0.974616258624587,0.828674187443336,"HM","HM","HM",0.0218510520703876,FALSE,"uptake",0.16257187497651,FALSE,"emission",TRUE,FALSE
7,"control",2025-06-03,"A",17.9271122420755,-0.264818633098928,0.482372888590913,0.99844752987913,0.967923116913307,0.569093078863437,"HM","HM","HM",0.0213395925315752,FALSE,"uptake",0.158782895259217,FALSE,"emission",TRUE,FALSE
7,"control",2025-06-03,"B",15.5376246437367,-0.380845498475859,0.447770379808887,0.998605339940418,0.987434537496682,0.700523031469883,"HM","HM","HM",0.0216366971047512,FALSE,"uptake",0.160942373985258,FALSE,"emission",TRUE,FALSE
7,"control",2025-06-03,"C",13.6804024422315,-0.228989329803561,0.19901400827434,0.99883297214689,0.970107454313542,0.336732708837366,"HM","HM","HM",0.0213096573400403,FALSE,"uptake",0.158531624036574,FALSE,"emission",FALSE,FALSE
8,"compost",2025-06-03,"A",10.4291437754668,-0.272257762110366,0.129377084258725,0.998264044628257,0.974317905348483,0.0895491194834761,"HM","HM","HM",0.0213537613613683,FALSE,"uptake",0.158857967709393,TRUE,"below detection",TRUE,FALSE
8,"compost",2025-06-03,"B",12.8491989738639,-0.272975550559445,0.176486232026831,0.997564653385365,0.96815878767248,0.219243796767954,"HM","HM","HM",0.0218166969382856,FALSE,"uptake",0.162319724980187,FALSE,"emission",TRUE,FALSE
8,"compost",2025-06-03,"C",16.866545140746,-0.516995739274963,0.492155269468942,0.999353423254378,0.99428815144609,0.670473182232112,"HM","HM","HM",0.0214983572292077,FALSE,"uptake",0.159969322130801,FALSE,"emission",TRUE,FALSE
9,"compost",2025-06-03,"A",10.6799290256726,-0.207405076195229,0.280374547277274,0.99877266209271,0.970817136061394,0.199842932941565,"HM","HM","HM",0.0213576800148449,FALSE,"uptake",0.158913689665895,FALSE,"emission",FALSE,FALSE
9,"compost",2025-06-03,"B",9.47082075231672,-0.207034867184847,0.265711312060276,0.997350947898741,0.953656900205879,0.425034511114897,"HM","HM","HM",0.0213963734514186,FALSE,"uptake",0.159194268175674,FALSE,"emission",TRUE,FALSE
9,"compost",2025-06-03,"C",11.0889171716856,-0.281444501462419,0.575721628947385,0.998200209892684,0.978092738774903,0.594276852144399,"HM","HM","HM",0.0211408594698604,FALSE,"uptake",0.157321526812554,FALSE,"emission",TRUE,FALSE
10,"control",2025-06-03,"A",11.6927605472018,-0.174235564001042,0.419522409294145,0.996737667887629,0.941273736564286,0.690369045084917,"HM","HM","HM",0.0218172097584273,FALSE,"uptake",0.162324560161434,FALSE,"emission",TRUE,FALSE
10,"control",2025-06-03,"B",8.99974226958295,-0.170872887612071,0.0741883545780149,0.996318292068139,0.929764862162433,0.068097835458046,"HM","HM","HM",0.0205445704206991,FALSE,"uptake",0.152893260426565,TRUE,"below detection",TRUE,TRUE
10,"control",2025-06-03,"C",9.15677952973464,-0.166913964158077,0.371212368584092,0.996421846992175,0.941838877874658,0.363695879543564,"HM","HM","HM",0.0206789086764552,FALSE,"uptake",0.153832526578579,FALSE,"emission",TRUE,FALSE
11,"slurry",2025-06-03,"A",12.1117655391939,-0.176450299315111,0.205195295860196,0.999056421549375,0.925583528069106,0.345644554860558,"HM","HM","HM",0.0215076082221286,FALSE,"uptake",0.160030599791435,FALSE,"emission",TRUE,FALSE
11,"slurry",2025-06-03,"B",14.6691814466043,-0.207562573212362,0.210322379731803,0.998545807781569,0.967949936463761,0.396732472840657,"HM","HM","LM",0.0212741348027355,FALSE,"uptake",0.158263069027918,FALSE,"emission",TRUE,FALSE
11,"slurry",2025-06-03,"C",12.1233803215005,-0.11085344327402,0.265537937036249,0.998710641186388,0.899640722648911,0.514942230328957,"HM","HM","HM",0.0204324559425754,FALSE,"uptake",0.152010329337709,FALSE,"emission",TRUE,FALSE
12,"slurry",2025-06-03,"A",8.82140845705365,-0.208715604485979,0.250204820708173,0.997253774245943,0.964875170015686,0.267357463850394,"HM","HM","HM",0.0219048363533647,FALSE,"uptake",0.162973190086929,FALSE,"emission",TRUE,TRUE
12,"slurry",2025-06-03,"B",15.8680150286968,-0.210032563756596,0.613229601073929,0.99663689338447,0.964694762457961,0.838915938788198,"HM","HM","HM",0.0209482191367038,FALSE,"uptake",0.155844676489482,FALSE,"emission",FALSE,FALSE
12,"slurry",2025-06-03,"C",11.1715639023299,-0.064389121295565,0.589501491096243,0.997277761072577,0.73759795291787,0.726726770399285,"HM","HM","HM",0.0201473371508612,FALSE,"uptake",0.149877802640907,FALSE,"emission",FALSE,FALSE
13,"slurry",2025-06-03,"A",11.666162584297,-0.227193313800931,0.347651028498247,0.998881314681231,0.966427099181879,0.482872628106434,"HM","HM","HM",0.0217900659587735,FALSE,"uptake",0.162103320494034,FALSE,"emission",TRUE,FALSE
13,"slurry",2025-06-03,"B",19.3066487882405,0.515147119806845,1.07260486365394,0.99905049586625,0.993582449234444,0.918604403133294,"HM","HM","HM",0.0213796714133285,FALSE,"emission",0.159052628954837,FALSE,"emission",FALSE,FALSE
13,"slurry",2025-06-03,"C",14.278408456247,-0.149425375364513,0.420715606684145,0.998959987214914,0.927536580724311,0.639823768259331,"HM","HM","HM",0.0205699394501958,FALSE,"uptake",0.153031994793858,FALSE,"emission",FALSE,FALSE
14,"compost",2025-06-03,"A",11.5085564731783,0.314547387675353,0.181610687906124,0.998893183752433,0.842557563779833,0.286674186749607,"HM","HM","HM",0.0205688740047944,FALSE,"emission",0.153034225672137,FALSE,"emission",TRUE,FALSE
14,"compost",2025-06-03,"B",10.4316881411147,-0.196055308420738,0.277084837279601,0.998595028576884,0.956540936703032,0.461366734800081,"HM","HM","HM",0.0216773270056345,FALSE,"uptake",0.161260152200316,FALSE,"emission",FALSE,FALSE
14,"compost",2025-06-03,"C",12.9442823286761,-0.08522545024986,0.154607577198637,0.998340669453322,0.739849115235386,0.221056171448601,"HM","HM","HM",0.0220832917356083,FALSE,"uptake",0.164343324544552,TRUE,"below detection",TRUE,TRUE
15,"control",2025-06-03,"A",10.3930414842727,-0.179351658401854,0.21725429399144,0.99792246385403,0.951085448096693,0.294353952109992,"HM","HM","HM",0.020885779150944,FALSE,"uptake",0.15535565430212,FALSE,"emission",FALSE,FALSE
15,"control",2025-06-03,"B",10.0192006709729,-0.207794620898689,0.186711591434929,0.997694915082682,0.948218876939231,0.306046201476188,"HM","HM","HM",0.0220885103847642,FALSE,"uptake",0.164355892998367,FALSE,"emission",TRUE,FALSE
15,"control",2025-06-03,"C",11.6128328171779,-0.165324235645374,0.240654892732996,0.998399698356279,0.91824028681847,0.292251366580237,"HM","HM","HM",0.0215672346295076,FALSE,"uptake",0.160420765097206,FALSE,"emission",TRUE,FALSE
1,"slurry",2025-06-19,"A",16.2527291384107,-0.196959478473324,-0.080154266899685,0.993056268602726,0.965310703896111,-0.010560434780885,"LM","HM","LM",0.0203722516155031,FALSE,"uptake",0.143933237872364,TRUE,"below detection",TRUE,FALSE
1,"slurry",2025-06-19,"B",17.567019627408,-0.234445696577117,0.355148624437041,0.998254669662671,0.974721065448706,0.612932707008567,"HM","HM","HM",0.0204402226159621,FALSE,"uptake",0.144430831435087,FALSE,"emission",TRUE,FALSE
1,"slurry",2025-06-19,"C",15.2021046155287,-0.301497162395127,0.0579396845717074,0.995862677549448,0.987360622789027,0.0767207953680871,"HM","HM","HM",0.0195875829345654,FALSE,"uptake",0.138383001922432,TRUE,"below detection",FALSE,FALSE
2,"control",2025-06-19,"A",14.1585350835434,-0.170391950155908,0.194922502434783,0.998589221794771,0.941328052953474,0.336796796957168,"HM","HM","HM",0.0205033270182818,FALSE,"uptake",0.144858192380697,FALSE,"emission",TRUE,FALSE
2,"control",2025-06-19,"B",19.1576684680653,-0.28046340368558,0.141087593358274,0.999558066029936,0.98475068871117,0.247353381660116,"HM","HM","HM",0.0202023997575405,FALSE,"uptake",0.14274663621052,TRUE,"below detection",FALSE,FALSE
2,"control",2025-06-19,"C",17.7206607127618,-0.176783194083138,0.192640419609757,0.998507715274099,0.937534179630509,0.363834129802723,"HM","HM","HM",0.020555481346949,FALSE,"uptake",0.145251162520631,FALSE,"emission",TRUE,FALSE
3,"compost",2025-06-19,"A",21.3269358746604,-0.0735513408810261,0.226123125522903,0.995073652697896,0.695005851280115,0.333356543893295,"HM","HM","HM",0.0202037057636288,FALSE,"uptake",0.142760432049033,FALSE,"emission",TRUE,FALSE
3,"compost",2025-06-19,"B",21.6614491834615,0.464924336688783,0.211895624389038,0.992925186724874,0.985067536539463,0.464781222949793,"HM","HM","LM",0.0196773735437675,FALSE,"emission",0.139037892080887,FALSE,"emission",FALSE,FALSE
3,"compost",2025-06-19,"C",15.0982421429099,-0.159811512265707,0.234502176665965,0.994971354635954,0.944329668059051,0.394465430551993,"HM","HM","HM",0.0209434464911662,FALSE,"uptake",0.147989064107577,FALSE,"emission",TRUE,FALSE
4,"compost",2025-06-19,"A",13.8622650259467,-0.23090904148299,0.195368901290733,0.998934847890499,0.974420228684422,0.417574854875472,"HM","HM","HM",0.0207876855008404,FALSE,"uptake",0.146909238719644,FALSE,"emission",FALSE,FALSE
4,"compost",2025-06-19,"B",13.9398630392707,-0.27685496683585,0.176714120613378,0.999352520603539,0.968196577552856,0.0498793076395082,"HM","HM","HM",0.02084031969166,FALSE,"uptake",0.147282778781719,FALSE,"emission",FALSE,FALSE
4,"compost",2025-06-19,"C",17.178305247912,-0.257845353728233,0.369774886041288,0.999646160433762,0.981415074590539,0.593939063323822,"HM","HM","HM",0.0206106785880453,FALSE,"uptake",0.145659512173389,FALSE,"emission",FALSE,FALSE
5,"control",2025-06-19,"A",18.8582980119359,-0.347289788541993,0.165885580075869,0.99974233541259,0.985675832840864,0.362846160477472,"HM","HM","HM",0.0202481191059937,FALSE,"uptake",0.143091991960715,FALSE,"emission",TRUE,FALSE
5,"control",2025-06-19,"B",14.781204828032,-0.350031352486952,0.169992147450215,0.999394286928377,0.987800614474441,0.407544615250606,"HM","HM","HM",0.0207735492065333,FALSE,"uptake",0.146810246281698,FALSE,"emission",TRUE,FALSE
5,"control",2025-06-19,"C",15.1918470506692,-0.320458388487773,0.181119290695483,0.999482482090672,0.988356216121761,0.451700366058505,"HM","HM","HM",0.0212572533063973,FALSE,"uptake",0.150231587892854,FALSE,"emission",FALSE,FALSE
6,"slurry",2025-06-19,"A",17.997077994657,-0.293851744546987,0.375216576999219,0.999389178295265,0.986374043959776,0.489228943839173,"HM","HM","HM",0.0197551095769368,FALSE,"uptake",0.139602004217617,FALSE,"emission",TRUE,FALSE
6,"slurry",2025-06-19,"B",17.9972275685387,-0.15774309073065,0.302921726360612,0.999079415302291,0.953759773523915,0.469008456807076,"HM","HM","HM",0.0213963511040221,FALSE,"uptake",0.151194668471673,FALSE,"emission",FALSE,FALSE
6,"slurry",2025-06-19,"C",23.7189739144088,-0.376534073884703,0.68777135716154,0.999646861546657,0.987793143545633,0.509097271198875,"HM","HM","HM",0.0212352738430407,FALSE,"uptake",0.150059374925187,FALSE,"emission",TRUE,FALSE
7,"control",2025-06-19,"A",19.6417679392529,-0.169974674374333,0.538452595709267,0.998841641458266,0.956260684953291,0.83445813547871,"HM","HM","HM",0.0205062458899767,FALSE,"uptake",0.144900918455034,FALSE,"emission",FALSE,FALSE
7,"control",2025-06-19,"B",17.712240138259,-0.23532827621117,0.843770014779482,0.999003234043594,0.967791356585167,0.905936739929886,"HM","HM","HM",0.0209603538812829,FALSE,"uptake",0.148116217878988,FALSE,"emission",TRUE,FALSE
7,"control",2025-06-19,"C",15.520845173185,-0.193040136586289,0.305736809271337,0.999513757202968,0.957607502107643,0.576137949939689,"HM","HM","HM",0.0207613230731212,FALSE,"uptake",0.146717850751855,FALSE,"emission",FALSE,FALSE
8,"compost",2025-06-19,"A",15.3594351186214,-0.205840533564589,0.159844542748148,0.995950129725231,0.966486769585075,0.130837845704975,"HM","HM","HM",0.0205126080155033,FALSE,"uptake",0.144970561569941,FALSE,"emission",TRUE,FALSE
8,"compost",2025-06-19,"B",18.9442243849121,-0.182726760080745,0.109683524069456,0.99831488082065,0.944351803794178,0.16720423279071,"HM","HM","LM",0.0209363600198715,FALSE,"uptake",0.147943087209121,TRUE,"below detection",TRUE,FALSE
8,"compost",2025-06-19,"C",22.1312688496795,-0.508920094262609,0.219988585549824,0.998216381812032,0.992381609854118,0.449029604824516,"HM","HM","HM",0.02065930322153,FALSE,"uptake",0.14595452555072,FALSE,"emission",FALSE,TRUE
9,"compost",2025-06-19,"A",16.5942553216197,-0.128171547097333,0.182360836974277,0.99842130444788,0.872186283004329,0.284779423222781,"HM","HM","HM",0.0205342724602616,FALSE,"uptake",0.145115009324021,FALSE,"emission",TRUE,TRUE
9,"compost",2025-06-19,"B",15.0977327644524,-0.0587948949602325,0.398310809786413,0.997660477428185,0.770471720057038,0.716088992179659,"HM","HM","HM",0.0207450907870353,FALSE,"uptake",0.14656779227196,FALSE,"emission",FALSE,FALSE
9,"compost",2025-06-19,"C",16.6915759869104,-0.283553117611515,0.497645584370294,0.998086285259937,0.981099505133761,0.746589552331428,"HM","HM","HM",0.0202650026314802,FALSE,"uptake",0.143198085463033,FALSE,"emission",FALSE,FALSE
10,"control",2025-06-19,"A",15.850316371939,-0.129402451599959,0.647760423191758,0.995921467166764,0.892128576478638,0.693075026215537,"HM","HM","HM",0.0209818839362973,FALSE,"uptake",0.148276435855534,FALSE,"emission",TRUE,FALSE
10,"control",2025-06-19,"B",13.6127549294089,-0.168056556474429,0.252575884675157,0.998054885916058,0.95802894397274,0.263246901970539,"HM","HM","HM",0.0198182155292527,FALSE,"uptake",0.140042375417559,FALSE,"emission",FALSE,FALSE
10,"control",2025-06-19,"C",13.6251198156984,-0.139709868142105,0.361567178180027,0.988564690247258,0.92550677355915,0.617507767188576,"HM","HM","HM",0.0196591510092511,FALSE,"uptake",0.138917902716231,FALSE,"emission",TRUE,FALSE
11,"slurry",2025-06-19,"A",16.606383453227,-0.199664293126308,0.283230997705495,0.998804869312392,0.965307122425113,0.144681329120826,"HM","HM","HM",0.0205828056213379,FALSE,"uptake",0.145430546755454,FALSE,"emission",TRUE,TRUE
11,"slurry",2025-06-19,"B",17.7969653383112,-0.144306692585659,0.149142684213713,0.999262054268375,0.937164836600893,0.143192009908719,"HM","HM","LM",0.0204363751862252,FALSE,"uptake",0.144405864570511,FALSE,"emission",TRUE,FALSE
11,"slurry",2025-06-19,"C",16.1699496352705,-0.123575039867765,0.0768312800405249,0.999161390438552,0.927170363979998,0.0787864034093476,"HM","HM","LM",0.0196589080893415,FALSE,"uptake",0.138916470986125,TRUE,"below detection",FALSE,FALSE
12,"slurry",2025-06-19,"A",17.2751539395433,-0.159029587878838,0.320212818386452,0.996710782876924,0.935342647049554,0.596358442612036,"HM","HM","HM",0.0209326370808668,FALSE,"uptake",0.147904838711493,FALSE,"emission",FALSE,FALSE
12,"slurry",2025-06-19,"B",24.0088266002706,-0.211692288774981,0.54032532879811,0.999501211836093,0.976842589685006,0.791436189536299,"HM","HM","HM",0.0200976775143552,FALSE,"uptake",0.14199526662598,FALSE,"emission",TRUE,FALSE
12,"slurry",2025-06-19,"C",15.7250594383458,-0.197392208560262,0.151269883317207,0.999405866831989,0.970961679670668,0.235247823062616,"HM","HM","LM",0.0192032451706172,FALSE,"uptake",0.135680090740001,FALSE,"emission",FALSE,FALSE
13,"slurry",2025-06-19,"A",17.9006539190798,-0.215386165010016,0.483695910735315,0.991608789267581,0.961407963832473,0.457757038845418,"HM","HM","HM",0.0209017118842787,FALSE,"uptake",0.147672936147323,FALSE,"emission",TRUE,FALSE
13,"slurry",2025-06-19,"B",19.2300417140064,0.175488145688904,0.663080643302126,0.995819677735092,0.794131637299999,0.689175048988894,"LM","HM","HM",0.020510973265533,FALSE,"emission",0.144857493475646,FALSE,"emission",FALSE,FALSE
13,"slurry",2025-06-19,"C",23.329474866922,-0.223911165196188,1.8399719099752,0.994412056751887,0.963625081396232,0.973699553932222,"LM","HM","HM",0.019531695756026,FALSE,"uptake",0.137978076406225,FALSE,"emission",FALSE,FALSE
14,"compost",2025-06-19,"A",11.5109263826505,-0.147698988142366,0.133797476964036,0.981994716605899,0.938730981721315,0.107740592026453,"HM","HM","HM",0.0195537970204887,FALSE,"uptake",0.138116702935121,TRUE,"below detection",FALSE,FALSE
14,"compost",2025-06-19,"B",16.1408679562692,-0.171946396922133,0.291386570657589,0.991705045152677,0.936894880451934,0.561390388674837,"HM","HM","HM",0.0207763119745741,FALSE,"uptake",0.146800259583633,FALSE,"emission",TRUE,FALSE
14,"compost",2025-06-19,"C",12.5748486464958,-0.156868098723667,0.357696434229915,0.95928481200538,0.890025554603297,0.516722057197042,"HM","HM","HM",0.0210952007693109,FALSE,"uptake",0.149062299359689,FALSE,"emission",FALSE,FALSE
15,"control",2025-06-19,"A",13.8814342945379,-0.184030561418348,0.445729301878788,0.986066400108386,0.920359035417936,0.631834418939089,"HM","HM","HM",0.0197097394565447,FALSE,"uptake",0.139268161917705,FALSE,"emission",FALSE,FALSE
15,"control",2025-06-19,"B",15.2343427953449,-0.212387311929213,0.520914251074014,0.994265699639203,0.960962749546238,0.731958234100176,"HM","HM","HM",0.0210614709175136,FALSE,"uptake",0.148812676993085,FALSE,"emission",FALSE,FALSE
15,"control",2025-06-19,"C",24.1562365360957,-0.39648035104189,0.587919109866321,0.997535640569285,0.992436920517861,0.83502813254089,"LM","HM","HM",0.0203231488897102,FALSE,"uptake",0.143573275059865,FALSE,"emission",FALSE,FALSE
1,"slurry",2025-07-09,"A",18.1839436254904,-0.664274468326228,-0.0219513189216825,0.998907909864907,0.99663911366077,-0.00230480518052056,"HM","HM","HM",0.0207879554670244,FALSE,"uptake",0.157555345342658,TRUE,"below detection",FALSE,FALSE
1,"slurry",2025-07-09,"B",15.345661667543,-0.676116995289499,0.0855180463482504,0.996128125442785,0.992816733624313,0.0835007146690832,"HM","HM","HM",0.0207276281409708,FALSE,"uptake",0.157164575045344,TRUE,"below detection",FALSE,FALSE
1,"slurry",2025-07-09,"C",14.0974483167222,-0.605130832752608,0.0972737835703849,0.999072341472732,0.995119415290345,0.120192328816688,"HM","HM","HM",0.0203449268747949,FALSE,"uptake",0.154241182036367,TRUE,"below detection",TRUE,FALSE
2,"control",2025-07-09,"A",13.8129876034515,-0.70473119410158,0.0223332403452885,0.999140856505864,0.995648357346271,-0.0032508802362814,"HM","HM","HM",0.0206415773905327,FALSE,"uptake",0.156489194932034,TRUE,"below detection",TRUE,FALSE
2,"control",2025-07-09,"B",17.3405524091829,-0.748366811467785,0.107395740149681,0.998810492298651,0.997062107053572,0.133110329336143,"HM","HM","HM",0.0203090148827203,FALSE,"uptake",0.153969629163814,TRUE,"below detection",FALSE,FALSE
2,"control",2025-07-09,"C",14.4963135356096,-0.595272277441694,0.140011300443813,0.999665201305258,0.995508852928912,0.225204302572062,"HM","HM","HM",0.0211346774139975,FALSE,"uptake",0.160253866147375,TRUE,"below detection",TRUE,TRUE
3,"compost",2025-07-09,"A",19.7254156471259,-0.895230718305781,0.766136565659628,0.9993008255768,0.997929395717687,0.717460848382061,"HM","HM","HM",0.02018602150665,FALSE,"uptake",0.152988394349845,FALSE,"emission",FALSE,FALSE
3,"compost",2025-07-09,"B",20.7209988619681,-0.703443300504852,2.50259342649982,0.994752100119315,0.996049155799381,0.984008012907751,"LM","HM","HM",0.0198683664846736,FALSE,"uptake",0.150594420596719,FALSE,"emission",TRUE,FALSE
3,"compost",2025-07-09,"C",15.4959573810058,-0.730590544145723,0.241374291488976,0.998902207075673,0.996720570857546,0.424959024786968,"HM","HM","HM",0.0209973906941623,FALSE,"uptake",0.159199269837165,FALSE,"emission",TRUE,TRUE
4,"compost",2025-07-09,"A",11.7375817320778,-0.671760737175048,0.167818883868158,0.99911041613018,0.996612052710492,0.148344655218546,"HM","HM","HM",0.0208635694143108,FALSE,"uptake",0.158151309286344,FALSE,"emission",FALSE,FALSE
4,"compost",2025-07-09,"B",14.1339530854602,-0.674308881432465,0.146425802379382,0.998798624397091,0.997217592926645,0.235955948105585,"HM","HM","HM",0.0209326846231146,FALSE,"uptake",0.15871461287373,TRUE,"below detection",FALSE,FALSE
4,"compost",2025-07-09,"C",14.0933278040504,-0.555021712996135,0.0662494145877257,0.998681893288621,0.996758804440112,0.0687802775618703,"HM","HM","LM",0.0205881936384758,FALSE,"uptake",0.156096533196247,TRUE,"below detection",TRUE,FALSE
5,"control",2025-07-09,"A",15.9297469173989,-0.750244373108864,0.0459463747293675,0.999202323161885,0.99616297225016,0.0165105464022823,"HM","HM","LM",0.0202868563442579,FALSE,"uptake",0.153805232454193,TRUE,"below detection",FALSE,FALSE
5,"control",2025-07-09,"B",14.3110741350291,-0.809388873073007,0.0827023750008461,0.999720465509592,0.99763975222232,0.0781415725910651,"HM","HM","HM",0.0207517134012897,FALSE,"uptake",0.157321567100668,TRUE,"below detection",FALSE,FALSE
5,"control",2025-07-09,"C",14.1573143846631,-0.718929322352071,0.0673386817246133,0.998597124847184,0.997299928711711,0.0461548933237458,"HM","HM","LM",0.0209311010890739,FALSE,"uptake",0.158692474526484,TRUE,"below detection",TRUE,FALSE
6,"slurry",2025-07-09,"A",13.9701206853061,-0.747512272177626,0.111444359323044,0.996649289088671,0.996699476496801,0.0998432712627483,"HM","HM","HM",0.0198660903712672,FALSE,"uptake",0.150663049744135,TRUE,"below detection",FALSE,FALSE
6,"slurry",2025-07-09,"B",25.6972623365292,-0.732903190066268,0.132092946404028,0.998826027569254,0.996559485245023,0.111845008162591,"HM","HM","LM",0.0216463292621553,FALSE,"uptake",0.16410616637505,TRUE,"below detection",TRUE,FALSE
6,"slurry",2025-07-09,"C",23.4411243221649,-0.677717874198176,0.199647301792927,0.999479334338449,0.99466777146283,0.279575394496487,"HM","HM","HM",0.0209192052281549,FALSE,"uptake",0.158580526620339,FALSE,"emission",TRUE,FALSE
7,"control",2025-07-09,"A",15.4748830753242,-0.589330690377735,0.158172232283647,0.998720877405214,0.996755808489415,0.0985972705227879,"HM","HM","HM",0.0207533824305375,FALSE,"uptake",0.157339129992548,FALSE,"emission",FALSE,FALSE
7,"control",2025-07-09,"B",13.1757022838919,-0.608612090427252,0.177646729642984,0.999370681655181,0.994569932918199,0.276992633465702,"HM","HM","LM",0.021408830403409,FALSE,"uptake",0.162340104987414,FALSE,"emission",TRUE,FALSE
7,"control",2025-07-09,"C",13.6579681576777,-0.548750313744206,0.142857549321806,0.999447925840457,0.993035096740745,0.0850331274383769,"HM","HM","HM",0.0209378200176636,FALSE,"uptake",0.158760884429345,TRUE,"below detection",TRUE,FALSE
8,"compost",2025-07-09,"A",13.4507986904151,-0.698161080304968,-0.0269537436815631,0.977127669035603,0.994613796815086,-0.007331538789767,"HM","HM","HM",0.0205477070499603,FALSE,"uptake",0.155761965868235,TRUE,"below detection",TRUE,FALSE
8,"compost",2025-07-09,"B",12.6716612755006,-0.63836533306767,0.134576861503325,0.997462049404358,0.996866997597096,0.250214304854602,"HM","HM","LM",0.0185463880112613,FALSE,"uptake",0.140590062063472,TRUE,"below detection",TRUE,FALSE
8,"compost",2025-07-09,"C",19.1241901040513,-1.01788111809911,0.0201986945147694,0.997820778760244,0.998361541150242,-0.00660341947128784,"HM","HM","HM",0.0210154127372193,FALSE,"uptake",0.159317946788344,TRUE,"below detection",FALSE,FALSE
9,"compost",2025-07-09,"A",16.6753077729591,-0.673440359805318,0.114569121529365,0.990097621929214,0.99243299478684,0.152342887042667,"HM","HM","LM",0.0205050521562019,FALSE,"uptake",0.155391302954646,TRUE,"below detection",FALSE,FALSE
9,"compost",2025-07-09,"B",19.4835216809041,-0.583151166106631,0.25109817956951,0.988760071668711,0.994500105301935,0.267653605663674,"HM","HM","HM",0.0208832594499909,FALSE,"uptake",0.158328501484524,FALSE,"emission",TRUE,FALSE
9,"compost",2025-07-09,"C",14.8839795244899,-0.709327147582885,0.185185769122635,0.994703523703775,0.99672218414487,0.326799713203646,"LM","HM","HM",0.0204869685995514,FALSE,"uptake",0.155318167826852,FALSE,"emission",TRUE,TRUE
10,"control",2025-07-09,"A",13.9108449909651,-0.502288010036326,0.0889578647413968,0.99919175052912,0.994490340067078,0.0805174438140084,"HM","HM","LM",0.0214125678747493,FALSE,"uptake",0.162339429156495,TRUE,"below detection",FALSE,FALSE
10,"control",2025-07-09,"B",12.9304819864288,-0.588199043880389,0.0138484090399206,0.999709792261893,0.995841982165513,-0.00881415568048638,"HM","HM","HM",0.0199481006977065,FALSE,"uptake",0.151253460608466,TRUE,"below detection",TRUE,FALSE
10,"control",2025-07-09,"C",11.3157769064858,-0.44441446113033,0.154780272456819,0.999102786951967,0.992789851921243,0.283007052765125,"HM","HM","HM",0.0199786198123083,FALSE,"uptake",0.151482323500849,FALSE,"emission",TRUE,FALSE
11,"slurry",2025-07-09,"A",10.7012709550575,-0.479053382866055,-0.00658504123168803,0.983962813197147,0.98964924108885,-0.0101267020262905,"HM","HM","HM",0.0204744416627533,FALSE,"uptake",0.155183853089557,TRUE,"below detection",TRUE,TRUE
11,"slurry",2025-07-09,"B",12.8184745080017,-0.48069680452733,0.0306917262888528,0.999022170051531,0.994981227033576,0.000523231311155836,"HM","HM","HM",0.0206484541706013,FALSE,"uptake",0.156538464311857,TRUE,"below detection",FALSE,FALSE
11,"slurry",2025-07-09,"C",17.4788463702676,-0.561749462672223,0.0862997052539604,0.992255971587024,0.994577418690216,0.0718862286606233,"HM","HM","HM",0.0197957466440077,FALSE,"uptake",0.150097093710277,TRUE,"below detection",FALSE,FALSE
12,"slurry",2025-07-09,"A",18.1756302558433,-0.691237874753875,0.0579943548457662,0.993520309312342,0.996817582178856,0.0205871842513377,"HM","HM","LM",0.0209958984560024,FALSE,"uptake",0.159171495313721,TRUE,"below detection",FALSE,FALSE
12,"slurry",2025-07-09,"B",17.0447817209078,-0.624227884906286,0.165743721103519,0.994905355346537,0.996397143344385,0.286352879323022,"LM","HM","HM",0.019971605169015,FALSE,"uptake",0.15138894249127,FALSE,"emission",FALSE,FALSE
12,"slurry",2025-07-09,"C",10.9425074625716,-0.445664395057923,-0.06918659686401,0.989351901517517,0.992716331900611,0.0439079650855361,"HM","HM","LM",0.019289808445588,FALSE,"uptake",0.146262767818256,TRUE,"below detection",TRUE,FALSE
13,"slurry",2025-07-09,"A",15.1729582538737,-0.611523157412412,0.0683276411079661,0.999250184659803,0.993930029154582,0.0429156799219398,"HM","HM","LM",0.0210901323253223,FALSE,"uptake",0.159885315559666,TRUE,"below detection",TRUE,FALSE
13,"slurry",2025-07-09,"B",24.2115946530934,-0.576285062188,0.617190209327662,0.99883871050689,0.992219816312567,0.5795820324382,"HM","HM","HM",0.0209023410268925,FALSE,"uptake",0.158475916812271,FALSE,"emission",TRUE,FALSE
13,"slurry",2025-07-09,"C",16.9345921798877,-0.557072886104958,0.147751736115503,0.999390596897178,0.988025837718473,0.0913465269975077,"HM","HM","HM",0.0202360469814163,FALSE,"uptake",0.153449562855785,TRUE,"below detection",TRUE,TRUE
14,"compost",2025-07-09,"A",13.4368085228783,-0.399730490346965,-0.0362715353148466,0.977253815245503,0.984766114417701,0.00380722290034841,"LM","HM","HM",0.0197460299935917,FALSE,"uptake",0.149654725988507,TRUE,"below detection",TRUE,FALSE
14,"compost",2025-07-09,"B",15.3416178095185,-0.491666525916229,0.0526837730225792,0.994468856630975,0.992568671117551,0.0163328297092482,"LM","HM","LM",0.020729510788581,FALSE,"uptake",0.157126398920359,TRUE,"below detection",TRUE,FALSE
14,"compost",2025-07-09,"C",13.336000700013,-0.290072133252635,0.0426238112422713,0.981623300041269,0.981688773834757,-0.00110270230524856,"LM","HM","HM",0.0213760358084168,FALSE,"uptake",0.162053786838236,TRUE,"below detection",TRUE,FALSE
15,"control",2025-07-09,"A",12.6742614696647,-0.478817464478515,0.151167158141679,0.997866016215002,0.994190781191125,0.284363319344763,"HM","HM","LM",0.0200311545572794,FALSE,"uptake",0.151849417129257,TRUE,"below detection",TRUE,FALSE
15,"control",2025-07-09,"B",10.2821317338413,-0.507235621052634,0.101629648717775,0.985376963504773,0.991317983301517,0.102686522858562,"HM","HM","HM",0.0209139248594752,FALSE,"uptake",0.158563778364316,TRUE,"below detection",TRUE,TRUE
15,"control",2025-07-09,"C",20.342660502833,-0.563227620844329,0.139333873718851,0.997720039676984,0.995279619387809,0.119031545884552,"HM","HM","HM",0.0206279455411883,FALSE,"uptake",0.156365519160312,TRUE,"below detection",TRUE,FALSE
1,"slurry",2025-07-23,"A",8.41787579316168,-0.492046086617418,0.138106244649887,0.997175642111017,0.990135960214751,0.170579883733581,"HM","HM","LM",0.0210784670804069,FALSE,"uptake",0.161366267317671,TRUE,"below detection",TRUE,FALSE
1,"slurry",2025-07-23,"B",7.86021500629278,-0.56381267834915,0.0736684743130476,0.997335953667179,0.994391696170462,0.0435716227672838,"HM","HM","HM",0.0209972046830796,FALSE,"uptake",0.160751094306447,TRUE,"below detection",TRUE,FALSE
1,"slurry",2025-07-23,"C",10.6900059692358,-0.655878560776698,0.150612907198345,0.996550472075984,0.994749828835427,0.191602060914389,"HM","HM","HM",0.0204043976302595,FALSE,"uptake",0.156200887574157,TRUE,"below detection",FALSE,FALSE
2,"control",2025-07-23,"A",8.85035908579165,-0.71714280299684,0.0487059927608413,0.998240147444283,0.995339850411641,0.0211523374921416,"HM","HM","LM",0.0209615749805048,FALSE,"uptake",0.160429340588728,TRUE,"below detection",FALSE,FALSE
2,"control",2025-07-23,"B",12.2967069349818,-0.798892248562877,0.0801991455135276,0.998072380137365,0.99767125356462,0.0552754992747976,"HM","HM","HM",0.0206864285976495,FALSE,"uptake",0.158387382209932,TRUE,"below detection",TRUE,FALSE
2,"control",2025-07-23,"C",12.0521770922669,-0.673408163273235,0.0820518618841339,0.998791323557021,0.995500226975758,0.0631389687340395,"HM","HM","HM",0.0211341909080065,FALSE,"uptake",0.161801986839532,TRUE,"below detection",TRUE,FALSE
3,"compost",2025-07-23,"A",12.1432908098933,-0.735631444291992,0.0555763178116733,0.995774339097596,0.995703059594101,0.0090749043710644,"HM","HM","LM",0.0205139926339559,FALSE,"uptake",0.156953158124663,TRUE,"below detection",FALSE,FALSE
3,"compost",2025-07-23,"B",12.6819815666008,-0.67999798276802,0.242128653238905,0.99785672093701,0.996918924019731,0.33504875158262,"HM","HM","HM",0.0200501858985621,FALSE,"uptake",0.153530199657032,FALSE,"emission",FALSE,FALSE
3,"compost",2025-07-23,"C",11.3386765123448,-0.782891211647363,0.451017468115941,0.99876868702017,0.997737410968184,0.513053427594967,"HM","HM","HM",0.0213298561793362,FALSE,"uptake",0.163294165490921,FALSE,"emission",FALSE,FALSE
4,"compost",2025-07-23,"A",7.5670806111003,-0.547747622631645,0.106029577214691,0.99694600356567,0.995677063667897,0.123337357673574,"HM","HM","LM",0.0208670621719953,FALSE,"uptake",0.159790173862292,TRUE,"below detection",TRUE,FALSE
4,"compost",2025-07-23,"B",10.2268655205816,-0.776836602827989,0.066272320203714,0.999015055193013,0.997835779268114,0.0378019112658409,"HM","HM","LM",0.0206667319993513,FALSE,"uptake",0.158239604321129,TRUE,"below detection",TRUE,FALSE
4,"compost",2025-07-23,"C",11.0555632444269,-0.52984691134553,0.127842432912342,0.997008572903636,0.993149851966348,0.129994802053015,"HM","HM","HM",0.0205439634164925,FALSE,"uptake",0.157272800372732,TRUE,"below detection",FALSE,FALSE
5,"control",2025-07-23,"A",8.75478364028917,-0.758799028858659,0.0706672657016581,0.998276998850712,0.997459729262294,0.0584985230736422,"HM","HM","LM",0.0207695748132661,FALSE,"uptake",0.158997766934571,TRUE,"below detection",FALSE,FALSE
5,"control",2025-07-23,"B",8.19606332149945,-0.687522831278124,0.00300369194425009,0.997905186155334,0.99690330133582,-0.0106359460196757,"HM","HM","HM",0.0211898992298022,FALSE,"uptake",0.162266445965169,TRUE,"below detection",TRUE,TRUE
5,"control",2025-07-23,"C",10.9771102419054,-0.708263824520261,0.087205419470589,0.998317887923527,0.995329706765216,0.0660555236221407,"HM","HM","HM",0.0213650215176395,FALSE,"uptake",0.163565773050957,TRUE,"below detection",TRUE,FALSE
6,"slurry",2025-07-23,"A",12.2110121733262,-0.820226460534987,0.148292666865883,0.997746032960151,0.99746831269731,0.169853063542735,"HM","HM","HM",0.0201026282371419,FALSE,"uptake",0.153854817327291,TRUE,"below detection",TRUE,FALSE
6,"slurry",2025-07-23,"B",7.10785488500418,-0.707469983764211,0.0854691718866173,0.997924180543583,0.996631913939242,0.0725741233713975,"HM","HM","HM",0.0216718054275753,FALSE,"uptake",0.165912756540966,TRUE,"below detection",TRUE,TRUE
6,"slurry",2025-07-23,"C",11.2392241031105,-0.75211442493223,0.107854832632712,0.9980641424286,0.996569101234638,0.128019767251409,"HM","HM","HM",0.0213857012469108,FALSE,"uptake",0.163688442520897,TRUE,"below detection",FALSE,FALSE
7,"control",2025-07-23,"A",10.9956060514158,-0.56889765899603,0.10206736322272,0.998817708385299,0.995238022536409,0.113509924903904,"HM","HM","LM",0.0209826918912289,FALSE,"uptake",0.16062727983548,TRUE,"below detection",FALSE,FALSE
7,"control",2025-07-23,"B",9.81971906671676,-0.659876242017365,0.0269843434086838,0.997981705277309,0.996280747233864,-0.00754485313722242,"HM","HM","HM",0.0215347594058305,FALSE,"uptake",0.164869729431851,TRUE,"below detection",TRUE,FALSE
7,"control",2025-07-23,"C",9.82417399854374,-0.605632497255246,0.0787305929918662,0.998488464201131,0.996277780836643,0.061312169624462,"HM","HM","HM",0.0210064087128607,FALSE,"uptake",0.160829235319516,TRUE,"below detection",TRUE,FALSE
8,"compost",2025-07-23,"A",13.3131652827374,-0.770045752971552,-0.00617829616245351,0.998598886413663,0.997536716718194,-0.0102219694142713,"HM","HM","HM",0.0208941357243322,FALSE,"uptake",0.159946005683759,TRUE,"below detection",FALSE,TRUE
8,"compost",2025-07-23,"B",10.9071270512408,-0.709727994388309,0.0552471468085142,0.997936424059837,0.995998969031144,0.0115587460383252,"HM","HM","LM",0.0215897348210523,FALSE,"uptake",0.165294199846738,TRUE,"below detection",FALSE,FALSE
8,"compost",2025-07-23,"C",12.228152884862,-1.00332117176753,0.163446146853386,0.997897812226952,0.996980758679954,0.304640983749642,"HM","HM","HM",0.0214697061217333,FALSE,"uptake",0.164377636375863,TRUE,"below detection",FALSE,TRUE
9,"compost",2025-07-23,"A",7.58133942825763,-0.607797113891167,0.0604022735515783,0.998148622652971,0.995011728827375,0.0394967876725424,"HM","HM","HM",0.0210495691750983,FALSE,"uptake",0.161143275432062,TRUE,"below detection",TRUE,FALSE
9,"compost",2025-07-23,"B",8.76034328949491,-0.726812369403294,0.0852387377139605,0.997438447305808,0.997046509055561,0.0800472168883719,"HM","HM","HM",0.021431965685732,FALSE,"uptake",0.164115265497325,TRUE,"below detection",FALSE,FALSE
9,"compost",2025-07-23,"C",11.5371772131776,-0.791576912598289,0.0905069971355123,0.99743942546229,0.997070668759806,0.111208402191124,"HM","HM","LM",0.0209192523693443,FALSE,"uptake",0.160169960430081,TRUE,"below detection",TRUE,FALSE
10,"control",2025-07-23,"A",10.7048212190366,-0.504264781117543,0.229027037396778,0.997560937363966,0.994680308338963,0.202622607283148,"HM","HM","HM",0.0218684044827611,FALSE,"uptake",0.16745745188008,FALSE,"emission",FALSE,FALSE
10,"control",2025-07-23,"B",10.3447503247093,-0.531318170453821,0.076831735579363,0.998640836184804,0.994725465320796,0.071959169126042,"HM","HM","HM",0.0206654235662397,FALSE,"uptake",0.158217399430697,TRUE,"below detection",TRUE,FALSE
10,"control",2025-07-23,"C",9.5257434635878,-0.479959890677766,0.227003755717865,0.998824374588064,0.991599469695961,0.318080477625866,"HM","HM","LM",0.0201903583195006,FALSE,"uptake",0.154578866112322,FALSE,"emission",TRUE,FALSE
11,"slurry",2025-07-23,"A",10.8521075197936,-0.540043335161712,0.121438993693606,0.997959895483907,0.990698050909162,0.142871368113342,"HM","HM","HM",0.0214659862951,FALSE,"uptake",0.164334398386949,TRUE,"below detection",FALSE,FALSE
11,"slurry",2025-07-23,"B",11.5193883907667,-0.484746986369103,-0.141892956061815,0.985822028844561,0.983658621071936,0.170014894855052,"HM","HM","LM",0.0211043503198838,FALSE,"uptake",0.161656184846672,TRUE,"below detection",FALSE,FALSE
11,"slurry",2025-07-23,"C",8.8486065003675,-0.490575438293277,0.0797218801350646,0.998896592312077,0.993484500085465,0.0895056010054106,"HM","HM","LM",0.0201651929512184,FALSE,"uptake",0.154398235656098,TRUE,"below detection",FALSE,FALSE
12,"slurry",2025-07-23,"A",8.54692377691772,-0.667140130123728,0.0934253449642692,0.997971376704597,0.995558575242538,0.104815807363196,"HM","HM","HM",0.0215214293178402,FALSE,"uptake",0.164769289337404,TRUE,"below detection",TRUE,TRUE
12,"slurry",2025-07-23,"B",8.77283023502051,-0.65315236738625,0.136450728839125,0.999110642151946,0.996722218124753,0.0949730434650016,"HM","HM","HM",0.0207077236846709,FALSE,"uptake",0.158544955249029,TRUE,"below detection",FALSE,FALSE
12,"slurry",2025-07-23,"C",9.34433481503862,-0.627008018029065,0.175084667955171,0.998151990167282,0.994624512708135,0.212226769036729,"HM","HM","HM",0.0198213336672693,FALSE,"uptake",0.151750607175566,FALSE,"emission",TRUE,FALSE
13,"slurry",2025-07-23,"A",11.5195136901629,-0.67376950648068,0.183838935531982,0.998909951269927,0.996108320417547,0.164396053533393,"HM","HM","HM",0.0218582717532441,FALSE,"uptake",0.167260934997618,FALSE,"emission",FALSE,FALSE
13,"slurry",2025-07-23,"B",10.2369093468695,-0.529542449456882,0.19530232123298,0.998604842743589,0.995033345618257,0.309678336951805,"HM","HM","HM",0.0218845136942893,FALSE,"uptake",0.167545585220351,FALSE,"emission",FALSE,FALSE
13,"slurry",2025-07-23,"C",11.4440547869264,-0.629971367085991,0.247089955178704,0.999172010174282,0.994390636425687,0.272268646423595,"HM","HM","HM",0.0203486601361503,FALSE,"uptake",0.155801593178295,FALSE,"emission",FALSE,FALSE
14,"compost",2025-07-23,"A",12.2588169107317,-0.483019433241324,0.0712598687051189,0.997579912846261,0.989510593523555,0.0509006978148674,"HM","HM","HM",0.0202548031902517,FALSE,"uptake",0.155028998612124,TRUE,"below detection",TRUE,FALSE
14,"compost",2025-07-23,"B",10.6462286276086,-0.478402623565217,0.0579457931133778,0.998275796217981,0.993160173732275,-0.00254943011014586,"HM","HM","HM",0.02128389430024,FALSE,"uptake",0.162926499105336,TRUE,"below detection",FALSE,FALSE
14,"compost",2025-07-23,"C",10.3668022069004,-0.280496488503151,0.142990862761571,0.997145292506527,0.978398585690282,0.117369264631915,"HM","HM","HM",0.0217547050176441,FALSE,"uptake",0.16653937381075,TRUE,"below detection",FALSE,TRUE
15,"control",2025-07-23,"A",10.6289270160866,-0.527898293575136,0.196631821632201,0.99796020955501,0.995382838324337,0.161528876183819,"HM","HM","HM",0.0203797105680333,FALSE,"uptake",0.15602030691311,FALSE,"emission",TRUE,FALSE
15,"control",2025-07-23,"B",9.76974781072125,-0.561162639696898,0.29173157589572,0.997392822524831,0.993573412341141,0.208189282513492,"HM","HM","HM",0.0212249471115256,FALSE,"uptake",0.162491544104326,FALSE,"emission",TRUE,FALSE
15,"control",2025-07-23,"C",16.5806571189482,-0.699636636974899,0.309795799438062,0.998013970104487,0.995989335129648,0.274525441916994,"HM","HM","HM",0.0209054158080136,FALSE,"uptake",0.160012941632096,FALSE,"emission",FALSE,FALSE
1,"slurry",2025-08-22,"A",11.1872378323852,-0.511854504895519,0.090097944543571,0.999357423780975,0.993977482537226,0.0700983153276801,"HM","HM","LM",0.0211806443956196,FALSE,"uptake",0.160973823549367,TRUE,"below detection",FALSE,FALSE
1,"slurry",2025-08-22,"B",12.8006204399501,-0.394719275967762,0.0663614342348835,0.998470531022036,0.989127518260773,0.0434488101208483,"HM","HM","LM",0.0212980939826075,FALSE,"uptake",0.161869217705269,TRUE,"below detection",TRUE,FALSE
1,"slurry",2025-08-22,"C",13.0699352624666,-0.453347758896458,0.0850975610808639,0.99947583051925,0.993130324198022,0.0533005222686569,"HM","HM","LM",0.0204824482894276,FALSE,"uptake",0.155664647913748,TRUE,"below detection",FALSE,FALSE
2,"control",2025-08-22,"A",10.8853024830373,-0.436665955298814,0.243511783808137,0.999026169513908,0.993373201486489,0.33148116923609,"HM","HM","HM",0.0211791906844371,FALSE,"uptake",0.160985916751054,FALSE,"emission",TRUE,TRUE
2,"control",2025-08-22,"B",11.5037911812926,-0.543545682930678,0.106947588109952,0.99915405633941,0.995902176124777,0.143834639043042,"HM","HM","LM",0.0208025420190793,FALSE,"uptake",0.158079077700252,TRUE,"below detection",TRUE,FALSE
2,"control",2025-08-22,"C",14.3677536704871,-0.450274884589039,0.199267954735729,0.999492060814665,0.992145557828605,0.293957400060829,"HM","HM","HM",0.0214263402036916,FALSE,"uptake",0.162854121312893,FALSE,"emission",FALSE,FALSE
3,"compost",2025-08-22,"A",14.3045029030986,-0.59523666136211,1.60741664758184,0.999363520202008,0.996549831559134,0.929344587218938,"HM","HM","HM",0.0209351532947943,FALSE,"uptake",0.159075950537875,FALSE,"emission",FALSE,TRUE
3,"compost",2025-08-22,"B",15.4129896555219,-0.524020660669005,1.89053083827619,0.998251561992481,0.993743991550681,0.962789351944616,"HM","HM","HM",0.0203636552008357,FALSE,"uptake",0.154755171646273,FALSE,"emission",TRUE,FALSE
3,"compost",2025-08-22,"C",11.1289229305898,-0.423545604779748,0.718160049527466,0.997348773088352,0.991120493970591,0.83347328737476,"HM","HM","HM",0.0217586241329032,FALSE,"uptake",0.16535853682406,FALSE,"emission",TRUE,FALSE
4,"compost",2025-08-22,"A",10.0147157481546,-0.446634276483506,0.129121238079433,0.998534444054351,0.989705106157914,0.148244987890837,"HM","HM","LM",0.0210499050643747,FALSE,"uptake",0.159955741321894,TRUE,"below detection",FALSE,FALSE
4,"compost",2025-08-22,"B",9.79147635161714,-0.485565737765903,0.0407876230776146,0.999086288712142,0.993220346801929,0.00730567459357934,"HM","HM","HM",0.0211689332234694,FALSE,"uptake",0.16088601179323,TRUE,"below detection",TRUE,FALSE
4,"compost",2025-08-22,"C",11.0358530127998,-0.386236143686336,0.0553644085822353,0.999116625031112,0.98290805297523,0.0257437723140768,"HM","HM","HM",0.0209570330033653,FALSE,"uptake",0.159303678480596,TRUE,"below detection",TRUE,FALSE
5,"control",2025-08-22,"A",12.3912484487816,-0.600766261079916,0.250268896479943,0.998854698333541,0.995503627048901,0.247834817870142,"HM","HM","HM",0.0206396837631253,FALSE,"uptake",0.156882344917578,FALSE,"emission",FALSE,FALSE
5,"control",2025-08-22,"B",10.5902391749589,-0.600141614669572,0.112655081309475,0.998930075634372,0.996376337484272,0.137095773441073,"HM","HM","HM",0.0211600291532542,FALSE,"uptake",0.160843858114693,TRUE,"below detection",TRUE,FALSE
5,"control",2025-08-22,"C",14.1417827491057,-0.627872412837846,-0.00652769881096739,0.998447367672481,0.995109744853793,-0.0104527149766618,"HM","HM","HM",0.0215564762524954,FALSE,"uptake",0.16382867562506,TRUE,"below detection",FALSE,TRUE
6,"slurry",2025-08-22,"A",12.0941288478823,-0.672274236848525,0.194011760013089,0.999528263925727,0.995538541193712,0.259342905262814,"HM","HM","LM",0.0203074018736598,FALSE,"uptake",0.154352169779826,FALSE,"emission",FALSE,FALSE
6,"slurry",2025-08-22,"B",13.1874180711353,-0.606712632992135,0.335041313264361,0.999061429158838,0.995286538113748,0.594353564201294,"HM","HM","HM",0.021984000640604,FALSE,"uptake",0.167114637523782,FALSE,"emission",FALSE,FALSE
6,"slurry",2025-08-22,"C",10.061761307568,-0.414885923365002,0.258407745774513,0.999498299246918,0.988001626003507,0.375459903026252,"HM","HM","HM",0.021761822475782,FALSE,"uptake",0.16540652555086,FALSE,"emission",TRUE,FALSE
7,"control",2025-08-22,"A",11.8201811688471,-0.429549199009829,0.124867167109362,0.999245476125746,0.989633022358413,0.119818680319558,"HM","HM","HM",0.0211367002535989,FALSE,"uptake",0.16065145687605,TRUE,"below detection",FALSE,FALSE
7,"control",2025-08-22,"B",12.3570253958967,-0.534067719273125,0.0887733257439015,0.999124671245514,0.995086570147155,0.0876150088950006,"HM","HM","HM",0.0215390457413319,FALSE,"uptake",0.163738467693659,TRUE,"below detection",FALSE,FALSE
7,"control",2025-08-22,"C",11.6516531409611,-0.410817771086529,0.140489344066692,0.998120746959561,0.987745532560726,0.171267180392353,"HM","HM","HM",0.0213798206294071,FALSE,"uptake",0.162522161693029,TRUE,"below detection",TRUE,FALSE
8,"compost",2025-08-22,"A",12.0518538257392,-0.59858129772525,0.0854734328396815,0.999170040075668,0.996312420015296,0.0612733095134954,"HM","HM","LM",0.021273997965728,FALSE,"uptake",0.161685468913134,TRUE,"below detection",TRUE,FALSE
8,"compost",2025-08-22,"B",12.5411616582601,-0.553672404524319,0.0989763449566739,0.998741562523315,0.994091001800234,0.0814668941298866,"HM","HM","HM",0.0217280659535569,FALSE,"uptake",0.165151909361902,TRUE,"below detection",TRUE,FALSE
8,"compost",2025-08-22,"C",12.2989259890464,-0.707953517065303,0.166161126576692,0.999433389263027,0.996825405732239,0.24344685667089,"HM","HM","HM",0.0215016637827805,FALSE,"uptake",0.163458127752315,FALSE,"emission",TRUE,FALSE
9,"compost",2025-08-22,"A",10.9545333837357,-0.521982528908716,0.30360224379283,0.998644973166537,0.993403581608789,0.550237060535987,"HM","HM","HM",0.0212597591091741,FALSE,"uptake",0.161555009191131,FALSE,"emission",TRUE,FALSE
9,"compost",2025-08-22,"B",15.0342712185753,-0.604794672390004,1.25820606992342,0.999381229880923,0.995223800447783,0.946354486432851,"HM","HM","HM",0.0212908170725405,FALSE,"uptake",0.161823173706934,FALSE,"emission",TRUE,FALSE
9,"compost",2025-08-22,"C",12.2579497223186,-0.598317599826224,0.527235913141668,0.998752200783039,0.99489925032993,0.761400015683499,"HM","HM","HM",0.021067173962935,FALSE,"uptake",0.160102233975711,FALSE,"emission",TRUE,TRUE
10,"control",2025-08-22,"A",9.12133369037374,-0.343643462465726,0.340946436105455,0.999342155892679,0.986633303291995,0.547169292460934,"HM","HM","HM",0.0219065645358846,FALSE,"uptake",0.166494379393194,FALSE,"emission",FALSE,FALSE
10,"control",2025-08-22,"B",9.10549970149464,-0.391148986533415,-0.0675593584736815,0.999249448237852,0.989903950321412,0.0375291658633934,"HM","HM","LM",0.0207984245950389,FALSE,"uptake",0.158076603737139,TRUE,"below detection",TRUE,FALSE
10,"control",2025-08-22,"C",8.30097207586657,-0.34455557707119,0.203820137562935,0.999289305316323,0.991686441911108,0.312842359572385,"HM","HM","HM",0.0206925655110067,FALSE,"uptake",0.157281593253755,FALSE,"emission",FALSE,FALSE
11,"slurry",2025-08-22,"A",11.2818962273197,-0.480462072299778,0.252916128990188,0.999689812902386,0.993290596793482,0.364651729825894,"HM","HM","HM",0.0213461057340606,FALSE,"uptake",0.162224149872109,FALSE,"emission",FALSE,FALSE
11,"slurry",2025-08-22,"B",10.6724278570028,-0.441804813466502,0.246887520203007,0.999597707145913,0.991355298129415,0.436099645022618,"HM","HM","HM",0.0212583788765799,FALSE,"uptake",0.16158732892263,FALSE,"emission",FALSE,FALSE
11,"slurry",2025-08-22,"C",8.8946929731704,-0.339141747818097,0.0870567027800846,0.999248914989669,0.988412637581854,0.0972084593419049,"HM","HM","HM",0.0205037173709106,FALSE,"uptake",0.155836511072221,TRUE,"below detection",FALSE,TRUE
12,"slurry",2025-08-22,"A",12.1125647959918,-0.511927544275566,0.157083771704329,0.998886078315462,0.99351394297547,0.191458248683968,"HM","HM","HM",0.0217588380775844,FALSE,"uptake",0.16540757422556,TRUE,"below detection",FALSE,FALSE
12,"slurry",2025-08-22,"B",13.7721670049452,-0.581325070997828,0.157360505295459,0.998152204443237,0.994563645769531,0.215206222206383,"HM","HM","HM",0.020863979916498,FALSE,"uptake",0.158582377901124,TRUE,"below detection",TRUE,FALSE
12,"slurry",2025-08-22,"C",10.0344533165505,-0.43095072780034,0.176024469063306,0.999232309397385,0.992937028802636,0.362901950053123,"HM","HM","LM",0.0200514422575216,FALSE,"uptake",0.152413059847432,FALSE,"emission",TRUE,FALSE
13,"slurry",2025-08-22,"A",10.3599895893472,-0.555150482385053,0.794089311861195,0.99956669720216,0.993602366598767,0.68608570317772,"HM","HM","HM",0.0218786684876572,FALSE,"uptake",0.166280639612493,FALSE,"emission",FALSE,FALSE
13,"slurry",2025-08-22,"B",13.4279355986919,-0.456755726967761,0.252250051075522,0.999390442144838,0.992749904078796,0.451994488363188,"HM","HM","HM",0.0216444043718668,FALSE,"uptake",0.164497368126976,FALSE,"emission",FALSE,FALSE
13,"slurry",2025-08-22,"C",10.9473433842881,-0.359947744249382,7.12575667433033,0.999132881133773,0.99054047953364,0.99809482209018,"HM","HM","LM",0.0208332706082756,FALSE,"uptake",0.158366872117053,FALSE,"emission",FALSE,FALSE
14,"compost",2025-08-22,"A",11.497277885575,-0.352704598962627,0.241629194086389,0.999664312852484,0.987289863446674,0.204398493566085,"HM","HM","HM",0.0207065106488492,FALSE,"uptake",0.157349529086,FALSE,"emission",FALSE,FALSE
14,"compost",2025-08-22,"B",9.74100013129255,-0.410919596956401,0.0393904306467887,0.999541876186163,0.987101251892344,-0.00351327505076249,"HM","HM","HM",0.0218501876007345,FALSE,"uptake",0.166073733902349,TRUE,"below detection",FALSE,FALSE
14,"compost",2025-08-22,"C",9.93846634572599,-0.2164185590004,0.12120576623946,0.999197579120077,0.964605246069426,0.135312191649822,"HM","HM","HM",0.0224188380981011,FALSE,"uptake",0.170394573452162,TRUE,"below detection",TRUE,FALSE
15,"control",2025-08-22,"A",9.4724393702573,-0.399348945162877,0.179595963567259,0.999145951702004,0.992452245612763,0.259753736830318,"HM","HM","HM",0.0207718997808693,FALSE,"uptake",0.157864705655699,FALSE,"emission",FALSE,FALSE
15,"control",2025-08-22,"B",10.7959624669643,-0.49946121286865,0.127344318992149,0.999318794083129,0.993762886643357,0.146930709479418,"HM","HM","LM",0.0219156961494487,FALSE,"uptake",0.166569721457678,TRUE,"below detection",TRUE,FALSE
15,"control",2025-08-22,"C",11.6615119161081,-0.423694314327361,-0.0300284219695534,0.999612343356299,0.990125801899154,-0.00715716395216415,"HM","HM","HM",0.0215292020567419,FALSE,"uptake",0.163625815194637,TRUE,"below detection",TRUE,FALSE
1,"slurry",2025-09-10,"A",6.85988929081767,-0.569413502381078,0.0588313744549029,0.994822708990502,0.9853784791801,0.0386318966901649,"HM","HM","LM",0.0217636784770294,FALSE,"uptake",0.166469620042865,TRUE,"below detection",FALSE,FALSE
1,"slurry",2025-09-10,"B",8.33187628754863,-0.468063040599617,0.0572233044204509,0.999675114857114,0.992948149627985,0.0273869057086807,"HM","HM","HM",0.0220347158706678,FALSE,"uptake",0.168567536311986,TRUE,"below detection",TRUE,FALSE
1,"slurry",2025-09-10,"C",9.40597805406084,-0.522249477644102,0.128606794170871,0.999051305727269,0.995403443584881,0.171220871823467,"HM","HM","HM",0.0219742847207543,FALSE,"uptake",0.168124686012943,TRUE,"below detection",FALSE,FALSE
2,"control",2025-09-10,"A",7.36269754831672,-0.470199643511561,0.0185933324841309,0.997616586156559,0.993076297821797,-0.00582104341311895,"HM","HM","HM",0.0215645615580765,FALSE,"uptake",0.164978347454771,TRUE,"below detection",FALSE,FALSE
2,"control",2025-09-10,"B",8.13381683835265,-0.583552026317126,0.0891837461545479,0.999669998836617,0.996103104582442,0.0675518351362568,"HM","HM","HM",0.0210841209534726,FALSE,"uptake",0.161317398191557,TRUE,"below detection",FALSE,FALSE
2,"control",2025-09-10,"C",10.3752861463116,-0.528375095647815,0.114954783489038,0.998609468546321,0.993632291972951,0.163725505548157,"HM","HM","HM",0.021645077252914,FALSE,"uptake",0.16560927489771,TRUE,"below detection",FALSE,FALSE
3,"compost",2025-09-10,"A",9.98091166751191,-0.583639413609584,0.119444269373656,0.999292607457226,0.995244295903322,0.106106928088251,"HM","HM","HM",0.021609607073218,FALSE,"uptake",0.165308131862308,TRUE,"below detection",TRUE,FALSE
3,"compost",2025-09-10,"B",10.4301651929706,-0.517093597805186,0.021305924667056,0.998452234445085,0.994028103490982,-0.00489796652750929,"HM","HM","HM",0.0206915026522252,FALSE,"uptake",0.158313260711667,TRUE,"below detection",TRUE,FALSE
3,"compost",2025-09-10,"C",8.15193913292548,-0.428746359311372,0.0377858714101508,0.996867667057435,0.99031707519823,-0.00480933704828357,"HM","HM","HM",0.022176888515092,FALSE,"uptake",0.169696099157941,TRUE,"below detection",TRUE,FALSE
4,"compost",2025-09-10,"A",6.70560153912956,-0.421177832103559,0.0323310171767554,0.999035633608015,0.990169900719563,-0.00308180771352284,"HM","HM","HM",0.0215855891516501,FALSE,"uptake",0.165142565851898,TRUE,"below detection",TRUE,FALSE
4,"compost",2025-09-10,"B",8.45778146068279,-0.547343209709974,0.159457395474587,0.998366270133457,0.995322626629835,0.15315624163322,"HM","HM","HM",0.0216019437230321,FALSE,"uptake",0.165279902692786,TRUE,"below detection",TRUE,FALSE
4,"compost",2025-09-10,"C",6.98450472382663,-0.354122079349184,0.287689864799397,0.99363013254369,0.96065929042517,0.208651939644394,"HM","HM","HM",0.0213593828167882,FALSE,"uptake",0.163410119721479,FALSE,"emission",FALSE,FALSE
5,"control",2025-09-10,"A",9.75578139485764,-0.572622130177217,0.0512527752164578,0.998931675133937,0.996604685994727,0.0166236155464374,"HM","HM","LM",0.0209345162243036,FALSE,"uptake",0.160172864848157,TRUE,"below detection",TRUE,FALSE
5,"control",2025-09-10,"B",8.62803594265921,-0.608530077068126,0.0535490654280166,0.99814086074321,0.996007309000782,0.0214491755261673,"HM","HM","LM",0.0213925977059917,FALSE,"uptake",0.163686498123803,TRUE,"below detection",FALSE,FALSE
5,"control",2025-09-10,"C",9.96525501032689,-0.609223368279486,0.0683555926806143,0.998815897083782,0.996432056597889,0.0529448946483522,"HM","HM","LM",0.0220929378421528,FALSE,"uptake",0.169028352439399,TRUE,"below detection",FALSE,FALSE
6,"slurry",2025-09-10,"A",7.41282002985583,-0.606412373145776,0.097575898816733,0.998688370694177,0.988274801169268,0.0826971362556829,"HM","HM","HM",0.0209551500518116,FALSE,"uptake",0.160336265576094,TRUE,"below detection",TRUE,TRUE
6,"slurry",2025-09-10,"B",8.0150988760261,-0.474425611205742,0.0898546168200612,0.998433365705664,0.993185315017361,0.0359261085624547,"HM","HM","HM",0.0225086811446467,FALSE,"uptake",0.17221447080937,TRUE,"below detection",FALSE,FALSE
6,"slurry",2025-09-10,"C",9.27527208230543,-0.516224617904875,0.234577705477794,0.998706968942228,0.994414846037634,0.402262530968494,"HM","HM","HM",0.0219969628422506,FALSE,"uptake",0.168318967301441,FALSE,"emission",TRUE,FALSE
7,"control",2025-09-10,"A",10.1356325567053,-0.433552595908165,0.0399146197908153,0.999126203673569,0.992274240484868,0.00761698178481252,"HM","HM","LM",0.0214945829413956,FALSE,"uptake",0.16445425365703,TRUE,"below detection",FALSE,FALSE
7,"control",2025-09-10,"B",9.47432251542344,-0.484711405932182,0.174777882031224,0.99899000226559,0.992902777627262,0.243670239603839,"HM","HM","HM",0.0221697832653705,FALSE,"uptake",0.16962085251625,FALSE,"emission",FALSE,FALSE
7,"control",2025-09-10,"C",8.41132738059894,-0.338536552741325,0.161709290985254,0.999193172814701,0.987448205110236,0.140652904352718,"HM","HM","HM",0.0216799041290166,FALSE,"uptake",0.165878119227545,TRUE,"below detection",TRUE,FALSE
8,"compost",2025-09-10,"A",6.76204636128013,-0.585734312239979,0.106778208917183,0.999246415128241,0.996131373739352,0.169422291901062,"HM","HM","HM",0.0201846356869094,FALSE,"uptake",0.121283858389665,TRUE,"below detection",FALSE,TRUE
8,"compost",2025-09-10,"B",7.2207368064544,-0.732683008503813,0.148913755692739,0.999051975404354,0.996342890573096,0.2485659667866,"HM","HM","HM",0.0226266730422021,FALSE,"uptake",0.13598191846721,FALSE,"emission",FALSE,FALSE
8,"compost",2025-09-10,"C",7.42375427224876,-0.79086012303565,0.0400501232198201,0.998557563645635,0.996861643282067,0.0224593453747663,"HM","HM","HM",0.020569841131049,FALSE,"uptake",0.123619814742064,TRUE,"below detection",FALSE,FALSE
9,"compost",2025-09-10,"A",8.73373957365973,-0.626049555712983,0.149696836846874,0.998769436703047,0.995677175702192,0.222108685096618,"HM","HM","LM",0.0200459035493177,FALSE,"uptake",0.120451457036512,FALSE,"emission",FALSE,FALSE
9,"compost",2025-09-10,"B",9.51844696628279,-0.567071839531576,-0.0534050304195086,0.998922726128893,0.995886242897983,0.0564425612715375,"HM","HM","LM",0.0201618469302885,FALSE,"uptake",0.121157222083894,TRUE,"below detection",FALSE,FALSE
9,"compost",2025-09-10,"C",8.36041340550791,-0.572518161758458,0.117810759773545,0.998170700076561,0.990858009837874,0.255868067869812,"HM","HM","HM",0.0200455952777197,FALSE,"uptake",0.120448249973255,TRUE,"below detection",FALSE,TRUE
10,"control",2025-09-10,"A",7.62906604443573,-0.353642526754271,0.0546826163902794,0.99919824287953,0.985303827821009,0.0487124433092174,"HM","HM","HM",0.0205047967968701,FALSE,"uptake",0.123209267019881,TRUE,"below detection",TRUE,FALSE
10,"control",2025-09-10,"B",7.41432063255387,-0.469574631767246,0.0247118819471493,0.998992076494277,0.992548204032151,0.00891578550992234,"HM","HM","HM",0.0192976152228865,FALSE,"uptake",0.115958589563205,TRUE,"below detection",TRUE,FALSE
10,"control",2025-09-10,"C",6.17913927401212,-0.346852725583369,0.0600769199085629,0.998950740422428,0.989480168870975,0.0532069783801364,"HM","HM","HM",0.0192635903441113,FALSE,"uptake",0.115761378407118,TRUE,"below detection",FALSE,TRUE
11,"slurry",2025-09-10,"A",8.28945847585863,-0.457404486285789,-0.00354509974944101,0.998343595625764,0.994097590618743,-0.0104505277040277,"HM","HM","HM",0.0201119334211658,FALSE,"uptake",0.120845491150852,TRUE,"below detection",TRUE,FALSE
11,"slurry",2025-09-10,"B",6.27081660194886,-0.38181739103067,0.0916659731235777,0.999150275091671,0.989602008944125,0.116178774663439,"HM","HM","HM",0.0198755023604614,FALSE,"uptake",0.119448183481996,TRUE,"below detection",FALSE,FALSE
11,"slurry",2025-09-10,"C",6.34360509043476,-0.363884727456475,0.0926449263951949,0.998993182802018,0.990738125203922,0.136186176643895,"HM","HM","HM",0.0191842251963687,FALSE,"uptake",0.115277673087948,TRUE,"below detection",FALSE,FALSE
12,"slurry",2025-09-10,"A",6.06585941307394,-0.385962883397821,0.0287952991346968,0.99849230842448,0.992501325459128,0.00255538417730405,"HM","HM","HM",0.0206653786861021,FALSE,"uptake",0.12417067972701,TRUE,"below detection",FALSE,TRUE
12,"slurry",2025-09-10,"B",9.08960061993896,-0.556932398828048,0.0985091119996593,0.997885763996502,0.993565783582272,0.138998581373053,"HM","HM","HM",0.0195137129969201,FALSE,"uptake",0.117247236520819,TRUE,"below detection",FALSE,TRUE
12,"slurry",2025-09-10,"C",6.12219664514998,-0.343064753885138,0.0514841658317901,0.998933562783775,0.989993523499236,0.0500987941692915,"HM","HM","HM",0.0189900604715733,FALSE,"uptake",0.114119233847346,TRUE,"below detection",TRUE,FALSE
13,"slurry",2025-09-10,"A",9.34430379809191,-0.0745556601650888,0.00251795620544327,0.998872484462647,0.76275375303523,-0.0106483395270733,"HM","HM","HM",0.0205469858797581,FALSE,"uptake",0.123467339089134,TRUE,"below detection",TRUE,FALSE
13,"slurry",2025-09-10,"B",8.50504541905848,-0.442163307642965,-0.0376417428926166,0.999143949954727,0.991188435192836,-0.00240625809633266,"HM","HM","HM",0.0202703025169202,FALSE,"uptake",0.121796483467862,TRUE,"below detection",FALSE,TRUE
13,"slurry",2025-09-10,"C",6.8862761544566,-0.374061123682301,0.416498687919093,0.998879207773701,0.991662868834984,0.727691970539257,"HM","HM","HM",0.0193683240301396,FALSE,"uptake",0.116395072172149,FALSE,"emission",FALSE,FALSE
14,"compost",2025-09-10,"A",7.56772274128647,-0.259062285326127,0.10545131235054,0.998679561940441,0.980685412994125,0.0998045024179106,"HM","HM","HM",0.0190785510049781,FALSE,"uptake",0.114625357775076,TRUE,"below detection",TRUE,FALSE
14,"compost",2025-09-10,"B",12.6922258311107,-0.472638248733041,0.394859880618881,0.999304159894747,0.994462201056653,0.775145788406589,"HM","HM","HM",0.0201783373059303,FALSE,"uptake",0.121238589986148,FALSE,"emission",FALSE,FALSE
14,"compost",2025-09-10,"C",5.7236677935777,-0.158060060958745,0.0218529610874989,0.997989319418953,0.94063578646285,-0.00394483293941228,"HM","HM","HM",0.0208876191056657,FALSE,"uptake",0.12550752729607,TRUE,"below detection",TRUE,FALSE
15,"control",2025-09-10,"A",7.34172997571856,-0.433376248220758,0.117062849557183,0.999039591549159,0.990342365111219,0.13584545314118,"HM","HM","HM",0.0193276316533052,FALSE,"uptake",0.116137885510449,FALSE,"emission",TRUE,FALSE
15,"control",2025-09-10,"B",9.942748500378,-0.521619315854895,0.127891826657264,0.999093770287324,0.992068540190352,0.200379237715323,"HM","HM","HM",0.0203637078619247,FALSE,"uptake",0.122367251010777,FALSE,"emission",TRUE,TRUE
15,"control",2025-09-10,"C",12.234956815987,-0.474054293912403,0.0993972077650622,0.998265151878246,0.992859063179421,0.101072447902604,"HM","HM","HM",0.0198794197456258,FALSE,"uptake",0.119443405436644,TRUE,"below detection",FALSE,FALSE
1,"slurry",2025-09-30,"A",7.12706035599641,-0.41120005185358,0.108754813867797,0.99926643873121,0.989598419462586,0.135965442035806,"HM","HM","HM",0.0207908079767039,FALSE,"uptake",0.118621321506501,TRUE,"below detection",FALSE,FALSE
1,"slurry",2025-09-30,"B",7.70457005800188,-0.338141073266719,0.127231331906125,0.998975790305266,0.987608615572393,0.170355948067824,"HM","HM","HM",0.0205137052062199,FALSE,"uptake",0.117040240650914,FALSE,"emission",FALSE,FALSE
1,"slurry",2025-09-30,"C",6.61554680116033,-0.331571004736466,0.111865341977971,0.999102749256694,0.985691735147921,0.236700135425406,"HM","HM","HM",0.0199500523232407,FALSE,"uptake",0.113822460563025,TRUE,"below detection",FALSE,FALSE
2,"control",2025-09-30,"A",5.94350728077575,-0.391980636000439,-0.0437115633501457,0.997799157127778,0.986535042714766,0.0211182185788946,"HM","HM","HM",0.0205162600848078,FALSE,"uptake",0.117050522053527,TRUE,"below detection",TRUE,FALSE
2,"control",2025-09-30,"B",7.31817070259817,-0.529541105418499,0.198308946956828,0.999282598069149,0.993075867358598,0.139843271092655,"HM","HM","HM",0.0199457083126536,FALSE,"uptake",0.113795138147939,FALSE,"emission",TRUE,FALSE
2,"control",2025-09-30,"C",7.76097536526238,-0.354857513840728,0.14704571693035,0.999680002080369,0.987367032413061,0.319683451144484,"HM","HM","LM",0.0207140231848649,FALSE,"uptake",0.118190738763344,FALSE,"emission",FALSE,FALSE
3,"compost",2025-09-30,"A",9.18784839557067,-0.459239299358486,0.155722769463623,0.999814555721211,0.990511147767137,0.341258950739385,"HM","HM","HM",0.020087841027273,FALSE,"uptake",0.114611250258813,FALSE,"emission",TRUE,FALSE
3,"compost",2025-09-30,"B",7.5929443132472,-0.366564010165123,0.0975837512846958,0.999242053434039,0.987824586123661,0.167726292350319,"HM","HM","LM",0.0197965505970883,FALSE,"uptake",0.112941211005502,TRUE,"below detection",FALSE,FALSE
3,"compost",2025-09-30,"C",7.23793786299415,-0.466049658187944,0.117507170181434,0.999629714486188,0.992437920944195,0.210565814441638,"HM","HM","HM",0.0210016685264631,FALSE,"uptake",0.119821545859931,TRUE,"below detection",FALSE,FALSE
4,"compost",2025-09-30,"A",7.11859882963742,-0.356294434321116,0.0243190060692843,0.999158847110638,0.983395359641237,-0.00869761803248825,"HM","HM","HM",0.0200753607013514,FALSE,"uptake",0.114536154053957,TRUE,"below detection",TRUE,FALSE
4,"compost",2025-09-30,"B",7.0334042052771,-0.42847776864957,0.187782315549128,0.999354263005476,0.992507872019406,0.176778805487361,"HM","HM","HM",0.0201247169851919,FALSE,"uptake",0.114820695689358,FALSE,"emission",TRUE,FALSE
4,"compost",2025-09-30,"C",8.36376371225788,-0.314401046088843,0.096217977776703,0.999478751200157,0.984617653953986,0.145423223675262,"HM","HM","HM",0.0198552804373166,FALSE,"uptake",0.11329169817111,TRUE,"below detection",FALSE,FALSE
5,"control",2025-09-30,"A",7.29640962791489,-0.4800442310619,-0.07710739729713,0.999106663829349,0.994435168581622,0.0969241012094824,"HM","HM","LM",0.0199407536694854,FALSE,"uptake",0.113771510166901,TRUE,"below detection",FALSE,FALSE
5,"control",2025-09-30,"B",6.67770372569632,-0.488178258860642,0.122699174180418,0.999327673683333,0.991195381926987,0.302466268498917,"HM","HM","LM",0.0203561449118392,FALSE,"uptake",0.116126361510173,FALSE,"emission",TRUE,FALSE
5,"control",2025-09-30,"C",8.96282045879768,-0.511518815265434,0.240207774610437,0.998485594910891,0.993313433194642,0.442476815360915,"HM","HM","HM",0.0207398613887608,FALSE,"uptake",0.118331145525455,FALSE,"emission",FALSE,FALSE
6,"slurry",2025-09-30,"A",5.96835680145734,-0.512986884865266,0.0687961849545667,0.999263104779234,0.994771296035192,0.0804770429106868,"HM","HM","LM",0.0197184968500178,FALSE,"uptake",0.112497159346422,TRUE,"below detection",TRUE,FALSE
6,"slurry",2025-09-30,"B",7.43915440589439,-0.414928387538535,0.0683803167012176,0.998926576787475,0.992353208629037,0.0631989849030647,"HM","HM","HM",0.0210622363210737,FALSE,"uptake",0.120170851898633,TRUE,"below detection",FALSE,FALSE
6,"slurry",2025-09-30,"C",8.16568271484856,-0.360868699844288,0.427301448930184,0.998353355265086,0.988381994898748,0.493173479604616,"HM","HM","HM",0.0209763687729286,FALSE,"uptake",0.119680143273455,FALSE,"emission",FALSE,FALSE
7,"control",2025-09-30,"A",8.91069788894864,-0.38105277211514,0.147934127102964,0.999500298932876,0.985980087398132,0.166795953045977,"HM","HM","HM",0.020299336440883,FALSE,"uptake",0.115812856530796,FALSE,"emission",TRUE,FALSE
7,"control",2025-09-30,"B",8.50849446533938,-0.469953349340734,0.245853654328991,0.999219094639371,0.993735746271814,0.498035364634884,"HM","HM","HM",0.0205015233089993,FALSE,"uptake",0.116983626354904,FALSE,"emission",TRUE,FALSE
7,"control",2025-09-30,"C",9.24069151464792,-0.331515056429645,0.197990476125215,0.9992849382764,0.986458692406114,0.412017821022744,"HM","HM","HM",0.0200980870513863,FALSE,"uptake",0.114690035132278,FALSE,"emission",FALSE,FALSE
8,"compost",2025-09-30,"A",7.22474953962761,-0.42544049432284,0.0648652762455109,0.999361508013233,0.992444623158642,0.0835602079377856,"HM","HM","HM",0.0201500550195934,FALSE,"uptake",0.114968031034941,TRUE,"below detection",TRUE,FALSE
8,"compost",2025-09-30,"B",9.80778384232433,-0.919365999796034,0.224718987935936,0.998646197645882,0.995099621063474,0.150170204384252,"HM","HM","HM",0.0226387551703469,FALSE,"uptake",0.129158391605525,FALSE,"emission",TRUE,FALSE
8,"compost",2025-09-30,"C",8.43983800613389,-0.621773616094372,-0.0656305054161382,0.999487227648167,0.994793467491908,0.00314302746792494,"HM","HM","HM",0.0203313671810824,FALSE,"uptake",0.116014806546372,TRUE,"below detection",FALSE,FALSE
9,"compost",2025-09-30,"A",10.4414595945239,-0.556741811843437,0.210860555810318,0.999411855598211,0.994275847327051,0.139505908711329,"HM","HM","HM",0.0199433879018829,FALSE,"uptake",0.113773617240981,FALSE,"emission",FALSE,FALSE
9,"compost",2025-09-30,"B",8.59994211352155,-0.357814954221697,0.183069884156566,0.999536111075093,0.985146868997761,0.35754401759254,"HM","HM","HM",0.0204581008498,FALSE,"uptake",0.116731007635093,FALSE,"emission",FALSE,FALSE
9,"compost",2025-09-30,"C",8.60051275435863,-0.378594373828201,0.173045287621732,0.999465088480236,0.989543124781497,0.357860855079286,"HM","HM","HM",0.020173771929715,FALSE,"uptake",0.115103042775556,FALSE,"emission",TRUE,FALSE
10,"control",2025-09-30,"A",7.55085702335514,-0.277879600632092,0.188129203121876,0.998499343606042,0.983662777906891,0.310133296305587,"HM","HM","HM",0.0206936032945395,FALSE,"uptake",0.118056753481577,FALSE,"emission",FALSE,FALSE
10,"control",2025-09-30,"B",7.60300738193104,-0.281639714880796,0.107514735001963,0.997738326267925,0.985144921980317,0.140139805887631,"HM","HM","HM",0.019298356899797,FALSE,"uptake",0.11010271667932,TRUE,"below detection",FALSE,FALSE
10,"control",2025-09-30,"C",6.22420184568228,-0.242493711502667,0.153329317435421,0.999041184965158,0.978046073304774,0.141214659249553,"HM","HM","LM",0.0193787061865462,FALSE,"uptake",0.110567007886525,FALSE,"emission",FALSE,FALSE
11,"slurry",2025-09-30,"A",10.5273920815288,-0.334122684356627,0.186845110338256,0.998943340870198,0.974644772630036,0.293424584852277,"HM","HM","LM",0.020054202129201,FALSE,"uptake",0.114403848539454,FALSE,"emission",FALSE,FALSE
11,"slurry",2025-09-30,"B",6.88152724616035,-0.253386690438731,-0.0312778600453213,0.999267106738328,0.972477829548226,0.00356550214093965,"HM","HM","HM",0.0199852951150836,FALSE,"uptake",0.114028230684729,TRUE,"below detection",TRUE,FALSE
11,"slurry",2025-09-30,"C",6.51983769447234,-0.184114128120624,-0.00233618056245856,0.999296035881485,0.964282698463671,-0.0106396959497379,"HM","HM","HM",0.0194905682243317,FALSE,"uptake",0.111197676636681,TRUE,"below detection",TRUE,FALSE
12,"slurry",2025-09-30,"A",7.85955332281942,-0.371649416102351,0.137651175481896,0.999079599682402,0.980709704162444,0.218772226436548,"HM","HM","HM",0.0206383515938975,FALSE,"uptake",0.117750788242011,FALSE,"emission",TRUE,FALSE
12,"slurry",2025-09-30,"B",13.7975900679497,-0.506180067118887,0.144540516689942,0.998995932567286,0.994200339845559,0.199854215266552,"HM","HM","HM",0.0195665384383372,FALSE,"uptake",0.111634721650982,FALSE,"emission",TRUE,FALSE
12,"slurry",2025-09-30,"C",7.18024020251188,-0.257812551591654,0.465956380481769,0.999360236217358,0.977858730872962,0.535332047747211,"HM","HM","HM",0.0186925194034519,FALSE,"uptake",0.1066437822571,FALSE,"emission",FALSE,FALSE
14,"compost",2025-09-30,"A",8.9249699367641,-0.293782282566905,-0.0121647563120229,0.999396480401503,0.984687337148733,-0.00960749093603441,"HM","HM","HM",0.0193781579980262,FALSE,"uptake",0.110514360344485,TRUE,"below detection",TRUE,TRUE
14,"compost",2025-09-30,"B",15.7248525732805,-0.517311137113437,0.237221104352591,0.999721465870997,0.989420599916618,0.362660588661285,"HM","HM","HM",0.0206049342077992,FALSE,"uptake",0.117552698406629,FALSE,"emission",TRUE,FALSE
14,"compost",2025-09-30,"C",7.75903064779444,-0.221151600300506,0.148703408632522,0.999393386244484,0.953933923788228,0.189294152977572,"HM","HM","HM",0.0210385332018583,FALSE,"uptake",0.120029799185072,FALSE,"emission",TRUE,FALSE
15,"control",2025-09-30,"A",7.30445739588993,-0.281726166322848,0.101065494733573,0.998858049093306,0.969570108934301,0.106779592911578,"HM","HM","HM",0.0195123705405773,FALSE,"uptake",0.111326831981241,TRUE,"below detection",TRUE,TRUE
15,"control",2025-09-30,"B",9.00251142472097,-0.379695566476534,0.0639982916542727,0.999458665972939,0.992253307552037,0.0310922501503209,"HM","HM","LM",0.020252481576618,FALSE,"uptake",0.115538377732312,TRUE,"below detection",FALSE,FALSE
15,"control",2025-09-30,"C",12.2926245465383,-0.36981083848181,0.238441108160877,0.998209391407591,0.986219834387035,0.366234686872862,"HM","HM","HM",0.0202121539102726,FALSE,"uptake",0.115322513156456,FALSE,"emission",FALSE,TRUE
1,"slurry",2025-10-14,"A",4.54362313553798,-0.226690933210469,0.0796640207821255,0.998237276081216,0.975066269783718,0.121043261106935,"HM","HM","HM",0.0213093760292686,FALSE,"uptake",0.116809846853701,TRUE,"below detection",TRUE,FALSE
1,"slurry",2025-10-14,"B",3.99889246427286,-0.135788391089149,0.0880055925148665,0.999053565925711,0.910282692437344,0.0224292477120652,"HM","HM","HM",0.0213522327883238,FALSE,"uptake",0.117037932804006,TRUE,"below detection",FALSE,FALSE
1,"slurry",2025-10-14,"C",4.18917306854845,-0.212857222779926,-0.0418723636774702,0.999044234155961,0.970678307708818,0.0176267997745837,"HM","HM","HM",0.0205591933751339,FALSE,"uptake",0.112686568051626,TRUE,"below detection",FALSE,FALSE
2,"control",2025-10-14,"A",3.53948606251792,-0.160355052463762,0.0270736901470917,0.995859854230287,0.938947543233339,0.00916973601186921,"HM","HM","HM",0.0211924420273286,FALSE,"uptake",0.116157255400583,TRUE,"below detection",FALSE,FALSE
2,"control",2025-10-14,"B",4.1469048643019,-0.252457953130827,0.0343962562977899,0.999116016638984,0.972772516232711,0.00443742306202122,"HM","HM","HM",0.0206103753019883,FALSE,"uptake",0.112968105039818,TRUE,"below detection",FALSE,FALSE
2,"control",2025-10-14,"C",5.70617023490738,-0.186422136301406,0.0380183825264908,0.999452000157933,0.960287478373484,0.00397006953134849,"HM","HM","HM",0.021351010533625,FALSE,"uptake",0.11702232430765,TRUE,"below detection",FALSE,FALSE
3,"compost",2025-10-14,"A",5.40424725707536,-0.180690173273942,0.0177397409314994,0.998404133635349,0.95755472537415,-0.00402935301411578,"HM","HM","HM",0.0209473615504893,FALSE,"uptake",0.114807480864754,TRUE,"below detection",FALSE,FALSE
3,"compost",2025-10-14,"B",4.84106873372386,-0.143493347690194,-0.0189279520700416,0.99932305488558,0.943706589586625,-0.00242776118684662,"HM","HM","HM",0.0204548836570438,FALSE,"uptake",0.112110493913414,TRUE,"below detection",FALSE,FALSE
3,"compost",2025-10-14,"C",4.40579147746665,-0.184578609544858,-0.0262939635416737,0.999093386238628,0.958762719545385,0.00598873842397762,"HM","HM","HM",0.0217408837557782,FALSE,"uptake",0.119164717267356,TRUE,"below detection",FALSE,FALSE
4,"compost",2025-10-14,"A",4.81177242037423,-0.261387709557132,0.0432653073726875,0.998680283924748,0.981865364282604,0.0316067049596866,"HM","HM","HM",0.0207119802608548,FALSE,"uptake",0.117367616937239,TRUE,"below detection",FALSE,FALSE
4,"compost",2025-10-14,"B",4.42199110196011,-0.351856369298294,0.0828130347436123,0.999135922343442,0.986721970624696,0.0519111241470172,"HM","HM","HM",0.0208143932022706,FALSE,"uptake",0.117949735406329,TRUE,"below detection",FALSE,FALSE
4,"compost",2025-10-14,"C",3.99102789981542,-0.220083438400814,0.0045173040127649,0.999331189558494,0.967627585229503,-0.0100278066384998,"HM","HM","HM",0.0205707202455366,FALSE,"uptake",0.116567336331584,TRUE,"below detection",FALSE,FALSE
5,"control",2025-10-14,"A",5.04901102158075,-0.335314867382794,0.0477708124097719,0.999545786779448,0.98709690665954,0.0500074430501084,"HM","HM","LM",0.0206351545387045,FALSE,"uptake",0.113107062691765,TRUE,"below detection",FALSE,FALSE
5,"control",2025-10-14,"B",4.14762784042461,-0.348701152640654,0.0735414315127873,0.998607493983341,0.983896366339038,0.141378449533485,"HM","HM","LM",0.0211371223841546,FALSE,"uptake",0.115865623413035,TRUE,"below detection",FALSE,FALSE
5,"control",2025-10-14,"C",4.60721813650307,-0.280887630104504,0.0608937300245041,0.998408038384188,0.981350723879635,0.0719350953965441,"HM","HM","HM",0.0215446219838514,FALSE,"uptake",0.118099379839865,TRUE,"below detection",FALSE,TRUE
6,"slurry",2025-10-14,"A",3.00330812385574,-0.192062470003281,0.102981473512915,0.998507563053834,0.964156738571588,0.132764817082979,"HM","HM","HM",0.0202061623118156,FALSE,"uptake",0.110746408317738,TRUE,"below detection",FALSE,FALSE
6,"slurry",2025-10-14,"B",4.15623593918019,-0.138549458302496,0.0184248240401636,0.998536805269357,0.913201333009742,-0.00187305269172167,"HM","HM","HM",0.022064092840965,FALSE,"uptake",0.120932096329696,TRUE,"below detection",FALSE,FALSE
6,"slurry",2025-10-14,"C",5.14798690700716,-0.224877721314757,-0.199086289168643,0.998090636463454,0.96927729593656,0.218532914570235,"HM","HM","HM",0.0218089760337007,FALSE,"uptake",0.119554181883984,FALSE,"uptake",TRUE,TRUE
7,"control",2025-10-14,"A",4.96345284685526,-0.227431460139387,0.18439602779458,0.999334679087398,0.973111333541359,0.0854627915830835,"HM","HM","LM",0.0210227045888155,FALSE,"uptake",0.119132658593711,FALSE,"emission",FALSE,FALSE
7,"control",2025-10-14,"B",4.92349444966487,-0.273200353173977,0.212745552972176,0.99929291421476,0.973707812477989,0.42196418720814,"HM","HM","HM",0.0213550846631824,FALSE,"uptake",0.121010845313407,FALSE,"emission",FALSE,FALSE
7,"control",2025-10-14,"C",4.66504734221326,-0.186804730785904,0.106485736720287,0.999290170986935,0.955048212894832,0.247813416943546,"HM","HM","HM",0.0210060147853988,FALSE,"uptake",0.119028455259488,TRUE,"below detection",FALSE,FALSE
8,"compost",2025-10-14,"A",3.90359750545661,-0.285250965528393,-0.00219986977213063,0.999108521027947,0.986663589528518,-0.0104735200965669,"HM","HM","HM",0.0210244120945074,FALSE,"uptake",0.119136755368507,TRUE,"below detection",TRUE,FALSE
8,"compost",2025-10-14,"B",4.89281585753017,-0.344466554642615,0.0430009042272262,0.996162482591994,0.982313924274604,0.0247687109740742,"HM","HM","HM",0.023636325723968,FALSE,"uptake",0.133934938654092,TRUE,"below detection",TRUE,FALSE
8,"compost",2025-10-14,"C",5.20154329471901,-0.38353525514592,0.0406458982351585,0.999459212693506,0.993293743217281,0.0278199748404864,"HM","HM","HM",0.0212348687288939,FALSE,"uptake",0.120325310764962,TRUE,"below detection",TRUE,FALSE
9,"compost",2025-10-14,"A",5.5976663528333,-0.280733614168745,0.102617930158903,0.998542453039246,0.987435723738145,0.141931842025797,"HM","HM","HM",0.0209262443992525,FALSE,"uptake",0.118580875264683,TRUE,"below detection",FALSE,FALSE
9,"compost",2025-10-14,"B",5.04446476237789,-0.210330892125683,0.0961316160491204,0.994415601653706,0.959067520297893,0.185156768413016,"HM","HM","HM",0.0210780486156626,FALSE,"uptake",0.119431382248621,TRUE,"below detection",FALSE,FALSE
9,"compost",2025-10-14,"C",4.04377996098054,-0.23172383166745,-0.0730338084918735,0.999021546515336,0.974207825143186,0.0344675398711556,"HM","HM","HM",0.0208554503750083,FALSE,"uptake",0.118165578390347,TRUE,"below detection",FALSE,FALSE
10,"control",2025-10-14,"A",3.99226964144575,-0.163042064122313,0.0989163963480088,0.999080268300638,0.947134949937564,0.179228517538003,"HM","HM","HM",0.0214826931183094,FALSE,"uptake",0.121725733577498,TRUE,"below detection",FALSE,FALSE
10,"control",2025-10-14,"B",3.49740137754611,-0.19825683982117,-0.0194936771285436,0.999060881824321,0.960083475058292,-0.00672328169411873,"HM","HM","HM",0.0202953284427005,FALSE,"uptake",0.11499988613719,TRUE,"below detection",FALSE,FALSE
10,"control",2025-10-14,"C",3.36827423920234,-0.156016803355861,0.0418231641236939,0.998896252125041,0.937367157305791,0.0320431719803477,"HM","HM","LM",0.0202115837176694,FALSE,"uptake",0.114523351425614,TRUE,"below detection",FALSE,FALSE
11,"slurry",2025-10-14,"A",5.37189528260992,-0.0802021836337349,0.202467020008722,0.99868538685148,0.760330043471607,0.409619566173865,"HM","HM","HM",0.0209818599468924,FALSE,"uptake",0.118896914082652,FALSE,"emission",FALSE,FALSE
11,"slurry",2025-10-14,"B",3.70680869071875,-0.147009865709173,0.00711238751470383,0.99907486550393,0.936801938041348,-0.00933795515031433,"HM","HM","HM",0.0209690970028244,FALSE,"uptake",0.118804173870974,TRUE,"below detection",FALSE,FALSE
11,"slurry",2025-10-14,"C",3.0029799770336,-0.088837076299131,0.00655016692736513,0.99777179796018,0.826698989026351,-0.0103024383006736,"HM","HM","HM",0.0201049840819358,FALSE,"uptake",0.113911060461971,TRUE,"below detection",FALSE,FALSE
12,"slurry",2025-10-14,"A",4.21561488591621,-0.249241172453747,0.134514523299141,0.998952867109437,0.977215322438922,0.301701666667107,"HM","HM","HM",0.0214472766633504,FALSE,"uptake",0.121522986268145,FALSE,"emission",FALSE,FALSE
12,"slurry",2025-10-14,"B",6.47653163090748,-0.298744819146101,-0.0316846732673575,0.999032595858248,0.983098447182959,0.000791665633770422,"HM","HM","HM",0.0207994497151248,FALSE,"uptake",0.117857315195917,TRUE,"below detection",FALSE,FALSE
12,"slurry",2025-10-14,"C",3.69627653266606,-0.17515534875837,0.0405875681015239,0.999131742603338,0.955605367423623,0.0400182527491698,"HM","HM","HM",0.0197713260322051,FALSE,"uptake",0.112031210744131,TRUE,"below detection",FALSE,FALSE
13,"slurry",2025-10-14,"A",5.92206700394743,-0.380709500456134,0.189784280567348,0.999096371294993,0.987545265085278,0.425763972131189,"HM","HM","HM",0.0214940188167927,FALSE,"uptake",0.121799111123661,FALSE,"emission",FALSE,FALSE
13,"slurry",2025-10-14,"B",6.94969427466534,-0.268373349419555,0.100348057005477,0.999345012810852,0.963431479729121,0.236788149576557,"HM","HM","HM",0.0212433446396702,FALSE,"uptake",0.120366283270648,TRUE,"below detection",FALSE,FALSE
13,"slurry",2025-10-14,"C",5.84345446341954,-0.207924360772911,2.64258943174711,0.998812653399022,0.956045489866461,0.992256457773569,"HM","HM","HM",0.0203018201812475,FALSE,"uptake",0.11503147461076,FALSE,"emission",FALSE,FALSE
14,"compost",2025-10-14,"A",5.24497308940828,-0.222979885001415,0.0775949643940421,0.998955097509335,0.97927846379975,0.0412785658173594,"HM","HM","HM",0.0202242394935646,FALSE,"uptake",0.114581144893181,TRUE,"below detection",FALSE,FALSE
14,"compost",2025-10-14,"B",7.34675801168491,-0.261615803226296,0.133503337883835,0.99972388031825,0.979408880509475,0.27739674394158,"HM","HM","HM",0.0213639749080303,FALSE,"uptake",0.121057138498027,FALSE,"emission",FALSE,TRUE
14,"compost",2025-10-14,"C",4.9915814026682,-0.127565688072574,0.0598654875416411,0.999315305985279,0.913240903612173,0.0567330138469949,"HM","HM","LM",0.0218254834373706,FALSE,"uptake",0.123668625737435,TRUE,"below detection",FALSE,FALSE
15,"control",2025-10-14,"A",6.72590604227628,-0.579719192910354,0.174243744594284,0.994899496739166,0.985162131182422,0.411089231221669,"HM","HM","HM",0.0203167333952812,FALSE,"uptake",0.115123514538216,FALSE,"emission",TRUE,FALSE
15,"control",2025-10-14,"B",4.39305439333055,-0.290543849623027,0.0703873746789074,0.999061746087195,0.984872380702616,0.124256088671104,"HM","HM","HM",0.0214494796741236,FALSE,"uptake",0.121543145241341,TRUE,"below detection",FALSE,FALSE
15,"control",2025-10-14,"C",5.07052660285707,-0.28619178088655,0.0676518165231728,0.998948999484812,0.982790605875684,0.0892248453518576,"HM","HM","HM",0.0211174627066912,FALSE,"uptake",0.11965272646105,TRUE,"below detection",FALSE,TRUE
