"chamID","date_name","plot","collar","start.time","end.time","cham.close","Vtot","Area","Pcham","Tcham","json_file","bad_clock","date","remark","n_rep","confirm","keep","repeat_rule","window_truncated_s","CO2_flux","CO2_model","CO2_LM","CO2_HM","CO2_SE","CO2_LM_r2","CO2_g_fact","CO2_sigma_mad","CO2_MDF","CO2_below_MDF","CO2_det_class","CO2_quality_check","CO2_qc_any","CO2_qc_note","CH4_flux","CH4_model","CH4_LM","CH4_HM","CH4_SE","CH4_LM_r2","CH4_g_fact","CH4_sigma_mad","CH4_MDF","CH4_below_MDF","CH4_det_class","CH4_quality_check","CH4_qc_any","CH4_qc_note","N2O_flux","N2O_model","N2O_LM","N2O_HM","N2O_SE","N2O_LM_r2","N2O_g_fact","N2O_sigma_mad","N2O_MDF","N2O_below_MDF","N2O_det_class","N2O_quality_check","N2O_qc_any","N2O_qc_note","treatment"
"2025-05-06-1A_1",2025-05-06,1,"A",2025-05-06 10:44:36,2025-05-06 10:46:10,2025-05-06 10:44:11,6.23792,318,101.0284,20.8247884210526,"2025-05-06-KT01 (1).json",FALSE,2025-05-06,"",1,FALSE,TRUE,"single",NA,9.43904986617382,"HM",9.3283700706808,9.43904986617382,0.0796913453580152,0.999646090038971,1.01186485898977,0.600708282400089,0.0983114218007157,FALSE,"emission","AICc",NA,NA,-0.117158076247291,"HM",-0.116419650652807,-0.117158076247291,0.015159322126468,0.909434611427484,1.00634279170521,0.125802781654347,0.0205887794346849,FALSE,"uptake","AICc | Intercept",FALSE,NA,0.280080409216498,"HM",0.279196829844043,0.280080409216498,0.0972942676598292,0.581215857092192,1.00316471849967,0.689582705856345,0.112892230610332,FALSE,"emission","SE | AICc",FALSE,NA,"slurry"
"2025-05-06-1B_1",2025-05-06,1,"B",2025-05-06 11:02:02,2025-05-06 11:03:36,2025-05-06 11:01:37,6.23792,318,101.015642105263,21.0589610526316,"2025-05-06-KT01 (1).json",FALSE,2025-05-06,"",1,FALSE,TRUE,"single",NA,10.4864494085429,"HM",10.3730641094232,10.4864494085429,0.0940087998275012,0.999600232634054,1.01093074311733,0.600708282400089,0.0981713110346143,FALSE,"emission","AICc",NA,NA,-0.180210773414388,"HM",-0.178768138804474,-0.180210773414388,0.0149982815315218,0.960566087694704,1.00806986423622,0.125802781654347,0.0205594368658678,FALSE,"uptake","AICc",FALSE,NA,0.408342610000153,"HM",0.407029579418898,0.408342610000153,0.0834189692956971,0.801438434083872,1.00322588491758,0.689582705856345,0.112742299135499,FALSE,"emission","SE | AICc",TRUE,"convex (accelerating) trace","slurry"
"2025-05-06-1C_1",2025-05-06,1,"C",2025-05-06 11:10:00,2025-05-06 11:11:34,2025-05-06 11:09:35,6.01532,318,101.011347368421,20.3112505263158,"2025-05-06-KT01 (1).json",FALSE,2025-05-06,"",1,FALSE,TRUE,"single",NA,9.43058405020516,"HM",9.31444598814868,9.43058405020516,0.164155203768639,0.998257366681186,1.01246859579241,0.600708282400089,0.0950260381736007,FALSE,"emission","AICc",NA,NA,-0.233572010166826,"HM",-0.232334013555724,-0.233572010166826,0.0153683359256469,0.975117729421343,1.00532852074543,0.125802781654347,0.0199007409787452,FALSE,"uptake","AICc",TRUE,"convex (accelerating) trace",0.210942767892169,"HM",0.210576952338032,0.210942767892169,0.0944043363588268,0.454031124818476,1.00173720604309,0.689582705856345,0.109122869809185,FALSE,"emission","SE | AICc | Intercept",FALSE,NA,"slurry"
"2025-05-06-2A_1",2025-05-06,2,"A",2025-05-06 11:17:29,2025-05-06 11:19:03,2025-05-06 11:17:04,6.19817,318,101.011968421053,21.5391610526316,"2025-05-06-KT01 (1).json",FALSE,2025-05-06,"",1,FALSE,TRUE,"single",NA,7.53948194431453,"HM",7.42737669609129,7.53948194431453,0.0872947965633673,0.999224775538665,1.01509351858809,0.600708282400089,0.0973191612712545,FALSE,"emission","AICc",NA,NA,-0.160817036045349,"HM",-0.159265681778151,-0.160817036045349,0.0152691323187365,0.949211148360315,1.00974066886148,0.125802781654347,0.0203809761824419,FALSE,"uptake","AICc",FALSE,NA,0.225922472670423,"HM",0.170712208592609,0.225922472670423,0.110080920482561,0.376271725898755,1.32341133966329,0.689582705856345,0.11177133104992,FALSE,"emission","SE | AICc | Intercept (LM)",FALSE,NA,"control"
"2025-05-06-2B_1",2025-05-06,2,"B",2025-05-06 11:23:15,2025-05-06 11:24:49,2025-05-06 11:22:50,6.08687,318,101.012347368421,21.0630515789474,"2025-05-06-KT01 (1).json",FALSE,2025-05-06,"",1,FALSE,TRUE,"single",NA,11.1705600391567,"HM",11.097913197977,11.1705600391567,0.256919904890346,0.997042269518087,1.00654599111417,0.600708282400089,0.0958010684695396,FALSE,"emission","AICc",NA,NA,-0.262843177059738,"HM",-0.261884624945391,-0.262843177059738,0.0208333530016865,0.96427750037047,1.0036602076756,0.125802781654347,0.0200630509883658,FALSE,"uptake","AICc | Intercept",TRUE,"convex (accelerating) trace",0.263621331912628,"HM",0.26324880504137,0.263621331912628,0.0884662416104771,0.598456927822569,1.00141511324695,0.689582705856345,0.110028658669206,FALSE,"emission","SE | AICc | Intercept",TRUE,"convex (accelerating) trace","control"
"2025-05-06-2C_1",2025-05-06,2,"C",2025-05-06 11:27:23,2025-05-06 11:28:57,2025-05-06 11:26:58,6.24587,318,101.009957894737,19.5457305263158,"2025-05-06-KT01 (1).json",FALSE,2025-05-06,"",1,FALSE,TRUE,"single",NA,14.2820734746994,"HM",14.06066233225,14.2820734746994,0.0629582689541627,0.99987487157566,1.01574685012822,0.600708282400089,0.098929034716511,FALSE,"emission","",NA,NA,-0.102993866671532,"HM",-0.0886370411970829,-0.102993866671532,0.0175952730314711,0.841235559543692,1.16197320308253,0.125802781654347,0.0207181224536995,FALSE,"uptake","AICc",FALSE,NA,0.0663838689965166,"LM",0.0663838689965166,0.160190521678097,0.0189967130802091,0.106561337142641,2.41309408595185,0.689582705856345,0.113609392472895,TRUE,"below detection","SE | AICc | g-fact. > 2 | Intercept",FALSE,NA,"control"
"2025-05-06-3A_1",2025-05-06,3,"A",2025-05-06 11:32:33,2025-05-06 11:34:07,2025-05-06 11:32:08,6.14252,318,101.013842105263,20.2482210526316,"2025-05-06-KT01 (1).json",FALSE,2025-05-06,"",1,FALSE,TRUE,"single",NA,10.1103612751038,"HM",9.96013560407352,10.1103612751038,0.06818707643863,0.999750452491605,1.01508269334896,0.600708282400089,0.0969586863187335,FALSE,"emission","AICc",NA,NA,0.122998820922306,"HM",0.104851168462908,0.122998820922306,0.0153206318192627,0.907629396090688,1.17308011656368,0.125802781654347,0.0203054840457883,FALSE,"emission","AICc",FALSE,NA,0.358923064087449,"HM",0.200187521194167,0.358923064087449,0.10826623647682,0.568080017297873,1.79293425457484,0.689582705856345,0.111363565953347,FALSE,"emission","SE",FALSE,NA,"compost"
"2025-05-06-3B_1",2025-05-06,3,"B",2025-05-06 11:38:11,2025-05-06 11:39:45,2025-05-06 11:37:46,5.99147,318,101.002484210526,19.4541431578947,"2025-05-06-KT01 (1).json",FALSE,2025-05-06,"",1,FALSE,TRUE,"single",NA,8.73776677628927,"HM",8.66294942636501,8.73776677628927,0.125553337480338,0.998907961712645,1.00863647543602,0.600708282400089,0.0949381348079798,FALSE,"emission","AICc",NA,NA,-0.114589533482739,"HM",-0.113656015184443,-0.114589533482739,0.0134257376006017,0.924689262324982,1.00821354062767,0.125802781654347,0.0198823318969398,FALSE,"uptake","AICc",FALSE,NA,0.132981085459282,"HM",0.132279583752895,0.132981085459282,0.0717442085564569,0.362204528491515,1.00530317443164,0.689582705856345,0.109030819558113,FALSE,"emission","SE | AICc | Intercept",FALSE,NA,"compost"
"2025-05-06-3Credo2_1",2025-05-06,3,"C",2025-05-06 11:58:47,2025-05-06 12:00:21,2025-05-06 11:58:22,6.37307,318,100.953252631579,18.2595894736842,"2025-05-06-KT01 (1).json",FALSE,2025-05-06,"",1,FALSE,TRUE,"single",NA,9.98609044859762,"HM",9.75631875453558,9.98609044859762,0.0926829267910365,0.999446609674804,1.02355106468362,0.600708282400089,0.101447423090644,FALSE,"emission","",NA,NA,-0.178887652000151,"HM",-0.140244484265647,-0.178887652000151,0.0213883066367504,0.90898621886229,1.2755414441919,0.125802781654347,0.0212455336315278,FALSE,"uptake","Intercept (HM)",FALSE,NA,0.211455318899109,"LM",0.211455318899109,0.610739188912475,0.0232819427035745,0.464355496167945,2.88826590928117,0.689582705856345,0.116507805840718,FALSE,"emission","SE | g-fact. > 2 | Intercept",FALSE,NA,"compost"
"2025-05-06-4A_1",2025-05-06,4,"A",2025-05-06 12:03:44,2025-05-06 12:05:18,2025-05-06 12:03:19,6.18227,318,100.940105263158,18.7784463157895,"2025-05-06-KT01 (1).json",FALSE,2025-05-06,"",1,FALSE,TRUE,"single",NA,7.41284290086964,"HM",6.95919182534227,7.41284290086964,0.0727916702088573,0.99913151166407,1.06518732159033,0.600708282400089,0.098123487854593,FALSE,"emission","",NA,NA,-0.212993721623689,"HM",-0.175944748607453,-0.212993721623689,0.0168735839548996,0.958150954734579,1.21057163291014,0.125802781654347,0.0205494215402089,FALSE,"uptake","",FALSE,NA,0.200863422722886,"HM",0.200454100654447,0.200863422722886,0.093148463264078,0.436686167853638,1.00204197403347,0.689582705856345,0.112681323624418,FALSE,"emission","SE | AICc | Intercept",FALSE,NA,"compost"
"2025-05-06-4B_1",2025-05-06,4,"B",2025-05-06 12:09:59,2025-05-06 12:11:33,2025-05-06 12:09:34,6.18227,318,100.924421052632,19.0552926315789,"2025-05-06-KT01 (1).json",FALSE,2025-05-06,"",1,FALSE,TRUE,"single",NA,8.65601047511384,"HM",8.5101002466727,8.65601047511384,0.0662057966878072,0.999637118433543,1.01714553580003,0.600708282400089,0.0979884547012039,FALSE,"emission","",NA,NA,-0.284948828893441,"HM",-0.272087445847096,-0.284948828893441,0.0146726141916743,0.98402330008737,1.04726929978817,0.125802781654347,0.0205211423457819,FALSE,"uptake","AICc",FALSE,NA,0.0881041662580438,"HM",0.0724710758360977,0.0881041662580438,0.0856722258379643,0.131051028975692,1.2157148937226,0.689582705856345,0.112514485714025,TRUE,"below detection","SE | AICc | Intercept",FALSE,NA,"compost"
"2025-05-06-4C_1",2025-05-06,4,"C",2025-05-06 12:18:04,2025-05-06 12:19:38,2025-05-06 12:17:39,6.11867,318,100.915505263158,21.3073589473684,"2025-05-06-KT01 (1).json",FALSE,2025-05-06,"",1,FALSE,TRUE,"single",NA,11.754969641329,"HM",11.5967481007646,11.754969641329,0.0994017000238184,0.999614620726695,1.01364361277745,0.600708282400089,0.0959452182827065,FALSE,"emission","AICc",NA,NA,-0.2070495225424,"HM",-0.205619417390027,-0.2070495225424,0.0152363167971316,0.968929660668839,1.00695510750164,0.125802781654347,0.0200932394309138,FALSE,"uptake","AICc",TRUE,"convex (accelerating) trace",0.345519790112206,"HM",0.316716275177533,0.345519790112206,0.0722710873883534,0.785985871771197,1.09094422103356,0.689582705856345,0.11017310369991,FALSE,"emission","SE | AICc",FALSE,NA,"compost"
"2025-05-06-5A_1",2025-05-06,5,"A",2025-05-06 12:22:37,2025-05-06 12:24:11,2025-05-06 12:22:12,6.05507,318,100.923968421053,21.2984947368421,"2025-05-06-KT01 (1).json",FALSE,2025-05-06,"",1,FALSE,TRUE,"single",NA,11.2397882831265,"HM",11.1131202852297,11.2397882831265,0.223354230854003,0.997738891641161,1.0113980587491,0.600708282400089,0.0949451151623175,FALSE,"emission","AICc",NA,NA,-0.254079964684194,"HM",-0.252442485110501,-0.254079964684194,0.018507243188161,0.969577132934855,1.00648654513513,0.125802781654347,0.0198837937512514,FALSE,"uptake","AICc",TRUE,"convex (accelerating) trace",0.394888074372411,"HM",0.393018068002058,0.394888074372411,0.0788668502565278,0.808450368548385,1.00475806717961,0.689582705856345,0.109047439496065,FALSE,"emission","SE | AICc | Intercept",FALSE,NA,"control"
"2025-05-06-5B_1",2025-05-06,5,"B",2025-05-06 12:27:11,2025-05-06 12:28:45,2025-05-06 12:26:46,6.21407,318,100.917926315789,20.7218294736842,"2025-05-06-KT01 (1).json",FALSE,2025-05-06,"",1,FALSE,TRUE,"single",NA,8.03899795212186,"HM",7.78446714141713,8.03899795212186,0.125672623234324,0.998457544211852,1.03269726830119,0.600708282400089,0.0977312301400887,FALSE,"emission","",NA,NA,-0.247347214841098,"HM",-0.242706630719153,-0.247347214841098,0.0168236427618063,0.973037695351249,1.01912013737818,0.125802781654347,0.0204672733277474,FALSE,"uptake","AICc",FALSE,NA,0.359663603974228,"HM",0.325787610423921,0.359663603974228,0.0832970568550972,0.748366823910811,1.10398183499436,0.689582705856345,0.112254326527902,FALSE,"emission","SE | AICc | Intercept",FALSE,NA,"control"
"2025-05-06-5C_1",2025-05-06,5,"C",2025-05-06 12:30:43,2025-05-06 12:32:17,2025-05-06 12:30:18,6.34127,318,100.899210526316,20.8123021052632,"2025-05-06-KT01 (1).json",FALSE,2025-05-06,"",1,FALSE,TRUE,"single",NA,9.51861219184715,"HM",9.38017858230979,9.51861219184715,0.0926577374353386,0.999463747882,1.01475809957376,0.600708282400089,0.0996337820197624,FALSE,"emission","AICc",NA,NA,-0.260516191906338,"HM",-0.258477612699041,-0.260516191906338,0.0156424139085698,0.979125328636506,1.00788686952812,0.125802781654347,0.0208657135119719,FALSE,"uptake","AICc",TRUE,"convex (accelerating) trace",0.264667576786172,"HM",0.26308587835036,0.264667576786172,0.0710283517312207,0.699680201240602,1.00601209934083,0.689582705856345,0.11446103239385,FALSE,"emission","SE | AICc | Intercept",FALSE,NA,"control"
"2025-05-06-6Aredo_1",2025-05-06,6,"A",2025-05-06 12:39:00,2025-05-06 12:40:34,2025-05-06 12:38:35,6.30947,318,100.886778947368,20.8265505263158,"2025-05-06-KT01 (1).json",FALSE,2025-05-06,"",2,FALSE,TRUE,"repeat: last kept",NA,9.23565856808185,"HM",9.0814845324239,9.23565856808185,0.0861334150475907,0.999467810006784,1.01697674373694,0.600708282400089,0.09913757556638,FALSE,"emission","",NA,NA,-0.230278463167936,"HM",-0.228141466190446,-0.230278463167936,0.0161758616195506,0.971560948437314,1.00936698186951,0.125802781654347,0.0207617959301118,FALSE,"uptake","AICc",FALSE,NA,0.337330512549102,"HM",0.335735711563308,0.337330512549102,0.0754853144807366,0.770569564739607,1.00475016785783,0.689582705856345,0.113857581366318,FALSE,"emission","SE | AICc | Intercept",FALSE,NA,"slurry"
"2025-05-06-6B_1",2025-05-06,6,"B",2025-05-06 12:42:30,2025-05-06 12:44:04,2025-05-06 12:42:05,6.69107,318,100.877168421053,20.9711768421053,"2025-05-06-KT01 (1).json",FALSE,2025-05-06,"",1,FALSE,TRUE,"single",NA,9.98360758965248,"HM",9.57772857736491,9.98360758965248,0.0732814804928699,0.999555041298331,1.04237737674534,0.600708282400089,0.105042575307321,FALSE,"emission","",NA,NA,-0.152138294034381,"HM",-0.140269580698044,-0.152138294034381,0.0166619383831678,0.930583780071479,1.08461359389024,0.125802781654347,0.021998445090517,FALSE,"uptake","AICc | Intercept",FALSE,NA,0.119538227594105,"HM",0.11945979478273,0.119538227594105,0.0841399850187592,0.24788761845843,1.00065656241514,0.689582705856345,0.120623655765533,TRUE,"below detection","SE | AICc | Intercept",FALSE,NA,"slurry"
"2025-05-06-6C_1",2025-05-06,6,"C",2025-05-06 12:46:40,2025-05-06 12:48:14,2025-05-06 12:46:15,6.37307,318,100.875768421053,20.9654810526316,"2025-05-06-KT01 (1).json",FALSE,2025-05-06,"",1,FALSE,TRUE,"single",NA,12.3834039833384,"HM",12.2361219030196,12.3834039833384,0.0946479464368617,0.999715341263909,1.01203666337146,0.600708282400089,0.10007310217703,FALSE,"emission","AICc",NA,NA,-0.188398305662685,"HM",-0.187473525228862,-0.188398305662685,0.0147187856520607,0.965222964830472,1.00493285882737,0.125802781654347,0.0209577177333891,FALSE,"uptake","AICc",TRUE,"convex (accelerating) trace",0.313231320990803,"HM",0.198552045926326,0.313231320990803,0.111456637454379,0.507598794337348,1.57757790673701,0.689582705856345,0.114927083025374,FALSE,"emission","SE | AICc | Intercept (LM)",FALSE,NA,"slurry"
"2025-05-06-7A_1",2025-05-06,7,"A",2025-05-06 12:51:12,2025-05-06 12:52:46,2025-05-06 12:50:47,6.18227,318,100.866242105263,20.5928389473684,"2025-05-06-KT01 (1).json",FALSE,2025-05-06,"",1,FALSE,TRUE,"single",NA,12.1394107910992,"HM",11.9572221059109,12.1394107910992,0.214062087318166,0.99820200030046,1.01523670661753,0.600708282400089,0.0972576424883927,FALSE,"emission","AICc",NA,NA,-0.16538465964381,"HM",-0.164879324175297,-0.16538465964381,0.0152279626723281,0.952486917732943,1.00306488076077,0.125802781654347,0.0203680926677064,FALSE,"uptake","AICc",TRUE,"convex (accelerating) trace",0.943119759427957,"HM",0.832773292516046,0.943119759427957,0.0894770612582616,0.945197940724908,1.13250481001681,0.689582705856345,0.111698380877748,FALSE,"emission","SE | AICc",FALSE,NA,"control"
"2025-05-06-7Bredo_1",2025-05-06,7,"B",2025-05-06 12:59:04,2025-05-06 13:00:38,2025-05-06 12:58:39,6.34127,318,100.8856,19.6671642105263,"2025-05-06-KT01 (1).json",FALSE,2025-05-06,"",2,FALSE,TRUE,"repeat: last kept",NA,13.2034024044552,"HM",13.0641971924946,13.2034024044552,0.240646068434866,0.998127936838354,1.01065547388098,0.600708282400089,0.100250555509738,FALSE,"emission","AICc",NA,NA,-0.212163434232919,"HM",-0.209294538301545,-0.212163434232919,0.0153561154738138,0.969735221069506,1.01370745722586,0.125802781654347,0.0209948807350032,FALSE,"uptake","AICc",FALSE,NA,0.641922857520661,"HM",0.359911777046728,0.641922857520661,0.138448592683583,0.716625435642774,1.78355613363916,0.689582705856345,0.115129534964235,FALSE,"emission","SE | Intercept (HM)",FALSE,NA,"control"
"2025-05-06-7C_1",2025-05-06,7,"C",2025-05-06 13:02:27,2025-05-06 13:04:01,2025-05-06 13:02:02,6.24587,318,100.879484210526,19.7691789473684,"2025-05-06-KT01 (1).json",FALSE,2025-05-06,"",1,FALSE,TRUE,"single",NA,12.4083709800694,"HM",11.1474905535873,12.4083709800694,0.114742817849727,0.99866378472374,1.11310890288903,0.600708282400089,0.0986696258412647,FALSE,"emission","",NA,NA,-0.310760409769251,"HM",-0.217890579856924,-0.310760409769251,0.0224268022038796,0.955208782733863,1.42622232669861,0.125802781654347,0.0206637959876793,FALSE,"uptake","",FALSE,NA,1.95901360848248,"HM",1.65252864916091,1.95901360848248,0.108001373902449,0.978765643885532,1.18546423354124,0.689582705856345,0.113309685970976,FALSE,"emission","SE",FALSE,NA,"control"
"2025-05-06-8A_1",2025-05-06,8,"A",2025-05-06 13:07:18,2025-05-06 13:08:52,2025-05-06 13:06:53,6.24587,318,100.877284210526,19.7753905263158,"2025-05-06-KT01 (1).json",FALSE,2025-05-06,"",1,FALSE,TRUE,"single",NA,9.37257892500261,"HM",9.3289722983809,9.37257892500261,0.30197480931141,0.994087343021692,1.00467432266138,0.600708282400089,0.0986723086276885,FALSE,"emission","AICc",NA,NA,-0.359943246783667,"HM",-0.359268391834297,-0.359943246783667,0.0307347111408372,0.958672732200595,1.00187841447984,0.125802781654347,0.0206643578277681,FALSE,"uptake","AICc | Intercept",TRUE,"convex (accelerating) trace",0.0662385812663935,"HM",0.0662667766888322,0.0662385812663935,0.201351480312743,0.00763049396239757,0.999574516464395,0.689582705856345,0.113329984094137,TRUE,"below detection","SE | AICc | p-value | Intercept",FALSE,NA,"compost"
"2025-05-06-8C_1",2025-05-06,8,"C",2025-05-06 13:15:29,2025-05-06 13:17:03,2025-05-06 13:15:04,6.30947,318,100.849842105263,19.9930178947368,"2025-05-06-KT01 (1).json",FALSE,2025-05-06,"",1,FALSE,TRUE,"single",NA,14.4886341721782,"HM",14.1240848573069,14.4886341721782,0.18785853927073,0.998947670835773,1.02581047328406,0.600708282400089,0.0995393670359527,FALSE,"emission","",NA,NA,-0.378713058975839,"HM",-0.344523840818608,-0.378713058975839,0.0163073773795984,0.987998623510313,1.09923614596887,0.125802781654347,0.0208459407404934,FALSE,"uptake","",FALSE,NA,0.68154526304991,"HM",0.515504742744663,0.68154526304991,0.107251581898046,0.850368210772126,1.32209309932089,0.689582705856345,0.114311778539427,FALSE,"emission","SE",FALSE,NA,"compost"
"2025-05-06-9A_1",2025-05-06,9,"A",2025-05-06 13:20:07,2025-05-06 13:21:41,2025-05-06 13:19:42,6.21407,318,100.837610526316,20.2797410526316,"2025-05-06-KT01 (1).json",FALSE,2025-05-06,"",1,FALSE,TRUE,"single",NA,9.48780300528783,"HM",9.23688754251985,9.48780300528783,0.0668859945272833,0.999651510105416,1.02716450336901,0.600708282400089,0.0978833023866394,FALSE,"emission","",NA,NA,-0.189212310460879,"HM",-0.18746066501845,-0.189212310460879,0.013334585793227,0.971429214055357,1.00934406928652,0.125802781654347,0.020499120918648,FALSE,"uptake","AICc",FALSE,NA,0.487952978395951,"HM",0.484066747850121,0.487952978395951,0.0972224606646389,0.808810890407269,1.00802829478185,0.689582705856345,0.11242080470416,FALSE,"emission","SE | AICc",FALSE,NA,"compost"
"2025-05-06-9B_1",2025-05-06,9,"B",2025-05-06 13:23:45,2025-05-06 13:25:19,2025-05-06 13:23:20,6.24587,318,100.827284210526,20.6300410526316,"2025-05-06-KT01 (1).json",FALSE,2025-05-06,"",1,FALSE,TRUE,"single",NA,8.9339468161533,"HM",8.79586020391267,8.9339468161533,0.0762407271452506,0.999575123470061,1.01569904580557,0.600708282400089,0.0981728217671759,FALSE,"emission","AICc",NA,NA,-0.272692528916489,"HM",-0.241347243305679,-0.272692528916489,0.0164766347294717,0.976420098348277,1.12987629434453,0.125802781654347,0.0205597532496504,FALSE,"uptake","Intercept (HM)",FALSE,NA,0.17031797181032,"HM",0.158046366427946,0.17031797181032,0.100772990186984,0.31187291152124,1.07764560274132,0.689582705856345,0.11275453670326,FALSE,"emission","SE | AICc | Intercept",FALSE,NA,"compost"
"2025-05-06-9C_1",2025-05-06,9,"C",2025-05-06 13:26:59,2025-05-06 13:28:33,2025-05-06 13:26:34,6.18227,318,100.8172,20.49254,"2025-05-06-KT01 (1).json",FALSE,2025-05-06,"",1,FALSE,TRUE,"single",NA,11.850491951598,"HM",11.6691639637638,11.850491951598,0.124398919370361,0.999340609645199,1.01553907275597,0.600708282400089,0.0972619560721016,FALSE,"emission","AICc",NA,NA,-0.356901823566441,"HM",-0.353699341340676,-0.356901823566441,0.0155598895954813,0.988943011524828,1.00905424989944,0.125802781654347,0.0203689960360224,FALSE,"uptake","AICc",TRUE,"convex (accelerating) trace",0.333784217014121,"LM",0.333784217014121,0.753525286796055,0.0212573706507512,0.72316645981439,2.25752222060331,0.689582705856345,0.111712018379369,FALSE,"emission","SE | g-fact. > 2",FALSE,NA,"compost"
"2025-05-06-10A_1",2025-05-06,10,"A",2025-05-06 13:37:08,2025-05-06 13:38:42,2025-05-06 13:36:43,6.36512,318,100.806484210526,19.9892378947368,"2025-05-06-KT01 (1).json",FALSE,2025-05-06,"",1,FALSE,TRUE,"single",NA,10.2464439916162,"HM",9.81176299011399,10.2464439916162,0.0653431827944283,0.999623945396552,1.04430202828382,0.600708282400089,0.100424202670859,FALSE,"emission","",NA,NA,-0.150594125973334,"HM",-0.148618527074359,-0.150594125973334,0.0132967785916243,0.955618296388742,1.01329308625154,0.125802781654347,0.0210312466326203,FALSE,"uptake","AICc",FALSE,NA,0.790003218368073,"HM",0.697343216636435,0.790003218368073,0.0874607689733206,0.92714976695363,1.13287574829877,0.689582705856345,0.115329393319476,FALSE,"emission","SE | AICc",FALSE,NA,"control"
"2025-05-06-10B_1",2025-05-06,10,"B",2025-05-06 13:44:28,2025-05-06 13:46:02,2025-05-06 13:44:03,6.00737,318,100.786263157895,20.4485126315789,"2025-05-06-KT01 (1).json",FALSE,2025-05-06,"",1,FALSE,TRUE,"single",NA,7.42442336166704,"HM",7.35269450426116,7.42442336166704,0.123421492522963,0.998457092586091,1.00975545187745,0.600708282400089,0.094558263223737,FALSE,"emission","AICc",NA,NA,-0.08746081971197,"HM",-0.08717523555705,-0.08746081971197,0.0159036066616565,0.83528503888899,1.00327597801251,0.125802781654347,0.0198027776384597,FALSE,"uptake","AICc",FALSE,NA,0.298412523358204,"HM",0.295911620939228,0.298412523358204,0.105540240329713,0.571505326035279,1.00845151809529,0.689582705856345,0.108594378993887,FALSE,"emission","SE | AICc | Intercept",FALSE,NA,"control"
"2025-05-06-10C_1",2025-05-06,10,"C",2025-05-06 13:49:30,2025-05-06 13:51:04,2025-05-06 13:49:05,5.99624,318,100.765273684211,21.0474747368421,"2025-05-06-KT01 (1).json",FALSE,2025-05-06,"",1,FALSE,TRUE,"single",NA,8.98783536671453,"HM",8.84799971921956,8.98783536671453,0.0611996118688245,0.999728525577425,1.01580421020937,0.600708282400089,0.094034006532935,FALSE,"emission","AICc",NA,NA,-0.129456275249965,"HM",-0.122209841120262,-0.129456275249965,0.013875203498522,0.934236621835466,1.05929501309614,0.125802781654347,0.0196929856613285,FALSE,"uptake","AICc",FALSE,NA,0.874044184223691,"HM",0.860848370736112,0.874044184223691,0.112014072019511,0.910642930564243,1.0153288476068,0.689582705856345,0.107994018024875,FALSE,"emission","SE | AICc",FALSE,NA,"control"
"2025-05-06-11A_1",2025-05-06,11,"A",2025-05-06 13:57:26,2025-05-06 13:59:00,2025-05-06 13:57:01,6.23315,318,100.747042105263,21.7675084210526,"2025-05-06-KT01 (1).json",FALSE,2025-05-06,"",1,FALSE,TRUE,"single",NA,11.6992567993984,"HM",11.5761425376493,11.6992567993984,0.235658736656599,0.997683969079654,1.01063517154774,0.600708282400089,0.0974093983841906,FALSE,"emission","AICc",NA,NA,-0.237444688523147,"HM",-0.236287573477162,-0.237444688523147,0.0154802814912899,0.975542362290796,1.0048970626299,0.125802781654347,0.0203998740071405,FALSE,"uptake","AICc | Intercept",TRUE,"convex (accelerating) trace",0.408901154554249,"HM",0.35012582399859,0.408901154554249,0.0959096159262625,0.73746986962583,1.16786916738794,0.689582705856345,0.111885093946647,FALSE,"emission","SE | AICc | Intercept",FALSE,NA,"slurry"
"2025-05-06-11B-actualB_1",2025-05-06,11,"B",2025-05-06 14:12:13,2025-05-06 14:13:47,2025-05-06 14:11:48,5.95569,318,100.725578947368,21.2714494736842,"2025-05-06-KT01 (1).json",FALSE,2025-05-06,"",2,FALSE,TRUE,"repeat: last kept",NA,11.0292198468622,"HM",10.7816652710242,11.0292198468622,0.0687485504910278,0.999740091929389,1.0229606994481,0.600708282400089,0.0933475863137598,FALSE,"emission","",NA,NA,-0.145477713918565,"HM",-0.144809108930993,-0.145477713918565,0.0168899543783091,0.926082786357209,1.00461714730867,0.125802781654347,0.0195492327358469,FALSE,"uptake","AICc | Intercept",TRUE,"convex (accelerating) trace",0.243527817636974,"HM",0.242335354599564,0.243527817636974,0.0895821050413817,0.552591557792991,1.00492071426961,0.689582705856345,0.107226133925753,FALSE,"emission","SE | AICc",FALSE,NA,"slurry"
"2025-05-06-12A_1",2025-05-06,12,"A",2025-05-06 14:17:30,2025-05-06 14:19:04,2025-05-06 14:17:05,6.35304,318,100.729884210526,21.5920589473684,"2025-05-06-KT01 (1).json",FALSE,2025-05-06,"",1,FALSE,TRUE,"single",NA,10.4832673877742,"HM",10.3255747191466,10.4832673877742,0.116688109442644,0.999279933895446,1.01527204760188,0.600708282400089,0.0994027407588473,FALSE,"emission","AICc",NA,NA,-0.223033610684874,"HM",-0.220322350293562,-0.223033610684874,0.0175594346839029,0.964433908249411,1.01230587994228,0.125802781654347,0.0208173279075918,FALSE,"uptake","AICc",FALSE,NA,0.140995254371388,"LM",0.140995254371388,0.825724009206573,0.0270558895325196,0.217691632741112,5.85639575521867,0.689582705856345,0.114184084430619,FALSE,"emission","SE | g-fact. > 2 | Intercept",FALSE,NA,"slurry"
"2025-05-06-12B_1",2025-05-06,12,"B",2025-05-06 14:21:21,2025-05-06 14:22:55,2025-05-06 14:20:56,6.09482,318,100.729505263158,21.4212094736842,"2025-05-06-KT01 (1).json",FALSE,2025-05-06,"",1,FALSE,TRUE,"single",NA,12.2987862077633,"HM",12.1389654297362,12.2987862077633,0.114059849246854,0.999535843814297,1.01316593073374,0.600708282400089,0.0955427127409063,FALSE,"emission","AICc",NA,NA,-0.188883822891596,"HM",-0.187898865360832,-0.188883822891596,0.0164826683672225,0.956842348696623,1.0052419557131,0.125802781654347,0.0200089450766101,FALSE,"uptake","AICc",TRUE,"convex (accelerating) trace",0.458024959448426,"HM",0.455037672619121,0.458024959448426,0.0967468070834449,0.790163534676035,1.0065649220033,0.689582705856345,0.109724576864978,FALSE,"emission","SE | AICc | Intercept",FALSE,NA,"slurry"
"2025-05-06-12C_1",2025-05-06,12,"C",2025-05-06 14:24:43,2025-05-06 14:26:17,2025-05-06 14:24:18,5.85632,318,100.737842105263,21.9089652631579,"2025-05-06-KT01 (1).json",FALSE,2025-05-06,"",1,FALSE,TRUE,"single",NA,8.96465195210674,"HM",8.85865454827453,8.96465195210674,0.0842837052404106,0.999543135090741,1.01196540662632,0.600708282400089,0.0915010384825481,FALSE,"emission","AICc",NA,NA,-0.0156640924151967,"HM",-0.0156621872628441,-0.0156640924151967,0.0104282623535457,0.160388260086872,1.00012164024862,0.125802781654347,0.019162521148159,TRUE,"below detection","AICc | MDF | Intercept",TRUE,"convex (accelerating) trace",0.288247095192615,"HM",0.284451557288182,0.288247095192615,0.0840899361385936,0.662182252590972,1.01334335428014,0.689582705856345,0.105105195904354,FALSE,"emission","SE | AICc | Intercept",FALSE,NA,"slurry"
"2025-05-06-13A_1",2025-05-06,13,"A",2025-05-06 14:37:32,2025-05-06 14:39:06,2025-05-06 14:37:07,6.37307,318,100.712294736842,21.9838084210526,"2025-05-06-KT01 (1).json",FALSE,2025-05-06,"",1,FALSE,TRUE,"single",NA,11.3619766702759,"HM",11.0428387314586,11.3619766702759,0.135006591013648,0.999095927584847,1.02889999089709,0.600708282400089,0.0995640973120764,FALSE,"emission","",NA,NA,-0.247018499918058,"HM",-0.245298324263601,-0.247018499918058,0.0193491850732243,0.964998480854207,1.0070125862442,0.125802781654347,0.020851119855912,FALSE,"uptake","AICc",TRUE,"convex (accelerating) trace",0.446946926964229,"HM",0.264180895770427,0.446946926964229,0.125597023812878,0.610150474524707,1.69182152880815,0.689582705856345,0.114370980033606,FALSE,"emission","SE | Intercept",FALSE,NA,"slurry"
"2025-05-06-13B_1",2025-05-06,13,"B",2025-05-06 14:41:09,2025-05-06 14:42:43,2025-05-06 14:40:44,6.29357,318,100.707947368421,21.3377189473684,"2025-05-06-KT01 (1).json",FALSE,2025-05-06,"",1,FALSE,TRUE,"single",NA,15.8129426825331,"LM",15.8129426825331,15.8931071520558,0.114481738749758,0.995096986515572,1.00506954784647,0.600708282400089,0.0986915303627154,FALSE,"emission","RMSE | SE | AICc",NA,NA,-0.0239803390620074,"HM",-0.023996837834352,-0.0239803390620074,0.0150214600991109,0.215205739329566,0.99931246056424,0.125802781654347,0.0206683833220145,FALSE,"uptake","AICc | MDF | Intercept",TRUE,"convex (accelerating) trace",0.980240586786349,"HM",0.974008367865845,0.980240586786349,0.144192110744563,0.886075256951383,1.00639852708264,0.689582705856345,0.113350018153069,FALSE,"emission","SE | AICc",FALSE,NA,"slurry"
"2025-05-06-13C_1",2025-05-06,13,"C",2025-05-06 14:44:36,2025-05-06 14:46:10,2025-05-06 14:44:11,6.33332,318,100.7084,21.2490389473684,"2025-05-06-KT01 (1).json",FALSE,2025-05-06,"",1,FALSE,TRUE,"single",NA,11.2049825323587,"HM",10.8673328539962,11.2049825323587,0.0607211845132705,0.999758608090709,1.03107015151729,0.600708282400089,0.0993312411665132,FALSE,"emission","",NA,NA,-0.119901116213404,"HM",-0.11928324576669,-0.119901116213404,0.0163570692781483,0.900620319308647,1.0051798594408,0.125802781654347,0.0208023541709773,FALSE,"uptake","AICc | Intercept",FALSE,NA,0.136582838750942,"HM",0.136279806926751,0.136582838750942,0.0888080959400409,0.280106048678966,1.00222360033394,0.689582705856345,0.114092230897205,FALSE,"emission","SE | AICc | Intercept",FALSE,NA,"slurry"
"2025-05-06-14A_1",2025-05-06,14,"A",2025-05-06 14:49:25,2025-05-06 14:50:59,2025-05-06 14:49:00,5.99544,318,100.699031578947,21.7581378947368,"2025-05-06-KT01 (1).json",FALSE,2025-05-06,"",1,FALSE,TRUE,"single",NA,9.13477544906734,"HM",9.02521367896188,9.13477544906734,0.0726474522585153,0.999682249053687,1.01213952090252,0.600708282400089,0.0938377354381956,FALSE,"emission","AICc",NA,NA,-0.0277864848972129,"HM",-0.0277894949766678,-0.0277864848972129,0.0138763117534681,0.375602245061511,0.999891682829881,0.125802781654347,0.0196518817671423,FALSE,"uptake","AICc | MDF | Intercept",TRUE,"convex (accelerating) trace",0.253573960728539,"HM",0.252587609505595,0.253573960728539,0.118369629402668,0.432975004808813,1.0039049865703,0.689582705856345,0.107776550972717,FALSE,"emission","SE | AICc",FALSE,NA,"compost"
"2025-05-06-14B_1",2025-05-06,14,"B",2025-05-06 14:53:08,2025-05-06 14:54:42,2025-05-06 14:52:43,6.33332,318,100.709863157895,23.3481136842105,"2025-05-06-KT01 (1).json",FALSE,2025-05-06,"",1,FALSE,TRUE,"single",NA,9.81624633623514,"HM",9.69020788760082,9.81624633623514,0.104372450516969,0.999375883612433,1.01300678479722,0.600708282400089,0.0982702411597165,FALSE,"emission","AICc",NA,NA,-0.135398850464416,"HM",-0.133877684978095,-0.135398850464416,0.0151017653325592,0.931076831197386,1.01136235278172,0.125802781654347,0.0205801552166745,FALSE,"uptake","AICc",FALSE,NA,0.502744765609774,"HM",0.401794284852109,0.502744765609774,0.101944429740314,0.782976252800914,1.25124917044259,0.689582705856345,0.112887290515936,FALSE,"emission","SE | AICc | Intercept (LM)",FALSE,NA,"compost"
"2025-05-06-14C_1",2025-05-06,14,"C",2025-05-06 14:57:15,2025-05-06 14:58:49,2025-05-06 14:56:50,6.47244,318,100.703326315789,23.2661852631579,"2025-05-06-KT01 (1).json",FALSE,2025-05-06,"",1,FALSE,TRUE,"single",NA,11.4504071362007,"HM",11.34828558302,11.4504071362007,0.184664106763636,0.99857121084957,1.00899885294863,0.600708282400089,0.100602136303214,FALSE,"emission","AICc",NA,NA,-0.164444634031546,"HM",-0.164022514556624,-0.164444634031546,0.018618181536061,0.929517287331515,1.00257354593095,0.125802781654347,0.0210685102205479,FALSE,"uptake","AICc",TRUE,"convex (accelerating) trace",0.582547655086069,"HM",0.574141638868664,0.582547655086069,0.0854664678113762,0.886022030274653,1.01464101477463,0.689582705856345,0.115562283481283,FALSE,"emission","SE | AICc | Intercept",FALSE,NA,"compost"
"2025-05-06-15A_1",2025-05-06,15,"A",2025-05-06 15:13:35,2025-05-06 15:15:09,2025-05-06 15:13:10,6.01532,318,100.696242105263,23.0105094736842,"2025-05-06-KT01 (1).json",FALSE,2025-05-06,"",1,FALSE,TRUE,"single",NA,17.0389872522001,"HM",16.927433251594,17.0389872522001,0.380832564424246,0.997215183705377,1.00659013088092,0.600708282400089,0.0935123933537204,FALSE,"emission","AICc",NA,NA,-0.414916066701735,"HM",-0.413509801428969,-0.414916066701735,0.0249454800568281,0.979261739065434,1.00340080275705,0.125802781654347,0.0195837472991894,FALSE,"uptake","AICc | Intercept",TRUE,"convex (accelerating) trace",0.45025448618233,"HM",0.449038712072862,0.45025448618233,0.0782481178055497,0.848257096987436,1.00270750400084,0.689582705856345,0.10740791976936,FALSE,"emission","SE | AICc",TRUE,"convex (accelerating) trace","control"
"2025-05-06-15B_1",2025-05-06,15,"B",2025-05-06 15:09:43,2025-05-06 15:11:17,2025-05-06 15:09:18,6.35319,318,100.688168421053,22.2243315789474,"2025-05-06-KT01 (1).json",FALSE,2025-05-06,"",1,FALSE,TRUE,"single",NA,9.92158925414944,"HM",9.84133030172922,9.92158925414944,0.160851405635054,0.998578202675607,1.00815529506271,0.600708282400089,0.0992133031186626,FALSE,"emission","AICc",NA,NA,-0.161642877297551,"HM",-0.160898670111838,-0.161642877297551,0.0145198037962025,0.954438092969316,1.00462531595317,0.125802781654347,0.0207776551033646,FALSE,"uptake","AICc",TRUE,"convex (accelerating) trace",0.956199077246326,"HM",0.950916286926072,0.956199077246326,0.0942462933742396,0.945620563121701,1.00555547359203,0.689582705856345,0.113945680421366,FALSE,"emission","SE | AICc",TRUE,"convex (accelerating) trace","control"
"2025-05-06-15C_1",2025-05-06,15,"C",2025-05-06 15:16:56,2025-05-06 15:18:30,2025-05-06 15:16:31,6.25382,318,100.677210526316,22.8875221052632,"2025-05-06-KT01 (1).json",FALSE,2025-05-06,"",1,FALSE,TRUE,"single",NA,10.8571481768297,"HM",10.1822677686631,10.8571481768297,0.117355681306938,0.999000441923368,1.06627997058216,0.600708282400089,0.0972929267334914,FALSE,"emission","",NA,NA,-0.100952682916309,"HM",-0.100318188373078,-0.100952682916309,0.0144310492842174,0.891698231200863,1.00632482058858,0.125802781654347,0.0203754820384077,FALSE,"uptake","AICc | Intercept",FALSE,NA,0.794259995446643,"HM",0.750388117089868,0.794259995446643,0.0847081578465347,0.934858220508114,1.05846558248672,0.689582705856345,0.111751738297121,FALSE,"emission","SE | AICc",FALSE,NA,"control"
"2025-05-27-1A_1",2025-05-27,1,"A",2025-05-27 16:08:40,2025-05-27 16:10:15,2025-05-27 16:08:15,6.23792,318,101.674395833333,24.4810645833333,"2025-05-06-KT01 (2).json",FALSE,2025-05-27,"",1,FALSE,TRUE,"single",NA,10.5207163139962,"HM",10.0489097275621,10.5207163139962,0.0788322079346172,0.9995096921553,1.04695102247162,0.674093238365184,0.108267872525607,FALSE,"emission","",NA,NA,-0.318019659171386,"HM",-0.291026705692163,-0.318019659171386,0.0157580303063269,0.98429361084777,1.09275077836937,0.136286346792209,0.0218893054872714,FALSE,"uptake","",FALSE,NA,0.0650450182827487,"LM",0.0650450182827487,0.150801180463921,0.0285698371839873,0.0421781776593333,2.31841245410054,0.981293147600227,0.158427407494205,TRUE,"below detection","SE | AICc | g-fact. > 2 | Intercept",FALSE,NA,"slurry"
"2025-05-27-1B_1",2025-05-27,1,"B",2025-05-27 16:13:23,2025-05-27 16:14:58,2025-05-27 16:12:58,6.23633,318,101.6690625,24.42234375,"2025-05-06-KT01 (2).json",FALSE,2025-05-27,"",1,FALSE,TRUE,"single",NA,6.11071835982145,"HM",6.05377633740698,6.11071835982145,0.100822072211369,0.998486603583497,1.00940603339813,0.674093238365184,0.108460414585302,FALSE,"emission","AICc",NA,NA,-0.333592220768284,"HM",-0.262392937319545,-0.333592220768284,0.0201121234517876,0.972151255419234,1.27134603612456,0.136286346792209,0.0219282331198691,FALSE,"uptake","",FALSE,NA,0.14023856499833,"HM",0.139870697387266,0.14023856499833,0.110977978615085,0.204011390770381,1.00263005488594,0.981293147600227,0.158521665006209,TRUE,"below detection","SE | AICc | Intercept",FALSE,NA,"slurry"
"2025-05-27-1C_1",2025-05-27,1,"C",2025-05-27 16:20:15,2025-05-27 16:21:50,2025-05-27 16:19:50,6.01532,318,101.662916666667,24.693290625,"2025-05-06-KT01 (2).json",FALSE,2025-05-27,"",1,FALSE,TRUE,"single",NA,11.6002971361622,"HM",10.4938577156071,11.6002971361622,0.0824078663285499,0.998976751459393,1.10543686130883,0.674093238365184,0.104126498555627,FALSE,"emission","",NA,NA,-0.478926115223527,"HM",-0.431345295989903,-0.478926115223527,0.0154988734365639,0.992679211491328,1.11030795902023,0.136286346792209,0.02105201370485,FALSE,"uptake","",FALSE,NA,0.0679069098053637,"LM",0.0679069098053637,0.148550848913819,0.0229048579194742,0.0757826522733136,2.18756602736892,0.981293147600227,0.151794921487024,TRUE,"below detection","SE | AICc | g-fact. > 2 | Intercept",FALSE,NA,"slurry"
"2025-05-27-2A_1",2025-05-27,2,"A",2025-05-27 16:29:52,2025-05-27 16:31:26,2025-05-27 16:29:27,6.19817,318,101.644410526316,24.7929715789474,"2025-05-06-KT01 (2).json",FALSE,2025-05-27,"",1,FALSE,TRUE,"single",NA,8.03503799609242,"HM",7.73081663328926,8.03503799609242,0.07062221450331,0.999429344727988,1.03935177578694,0.674093238365184,0.10876704997693,FALSE,"emission","",NA,NA,-0.381336956496943,"HM",-0.377483173199531,-0.381336956496943,0.0171037064282849,0.988257331454653,1.01020915254248,0.136286346792209,0.0219902278335729,FALSE,"uptake","AICc",FALSE,NA,0.0329657728459725,"HM",0.0300687228410575,0.0329657728459725,0.123266118550118,0.000874733858941212,1.09634762408197,0.981293147600227,0.158587069017271,TRUE,"below detection","SE | AICc | p-value | Intercept",FALSE,NA,"control"
"2025-05-27-2B_1",2025-05-27,2,"B",2025-05-27 16:39:43,2025-05-27 16:41:18,2025-05-27 16:39:18,6.08687,318,101.667208333333,24.7384635416667,"2025-05-06-KT01 (2).json",FALSE,2025-05-27,"",1,FALSE,TRUE,"single",NA,15.8909912968575,"HM",15.0529532898033,15.8909912968575,0.189866956233147,0.99891787076816,1.05567266375707,0.674093238365184,0.105376601559217,FALSE,"emission","",NA,NA,-0.618722090175054,"HM",-0.507599063350986,-0.618722090175054,0.0255770254333025,0.986023336026122,1.21891889652135,0.136286346792209,0.0213047561472552,FALSE,"uptake","",FALSE,NA,0.0772662180321948,"HM",0.0764857641461905,0.0772662180321948,0.134691184725537,0.0422688548353656,1.01020391042329,0.981293147600227,0.153929874184889,TRUE,"below detection","SE | AICc | Intercept",FALSE,NA,"control"
"2025-05-27-2C_1",2025-05-27,2,"C",2025-05-27 16:34:52,2025-05-27 16:36:27,2025-05-27 16:34:27,6.24587,318,101.656864583333,24.9301635416667,"2025-05-06-KT01 (2).json",FALSE,2025-05-27,"",1,FALSE,TRUE,"single",NA,13.122672305455,"HM",11.9625581462152,13.122672305455,0.103026611916438,0.999021800479528,1.0969787686764,0.674093238365184,0.108472403051955,FALSE,"emission","",NA,NA,-0.42492428589522,"HM",-0.421335023849478,-0.42492428589522,0.0169819768232752,0.990630025705596,1.00851878396661,0.136286346792209,0.0219306569156154,FALSE,"uptake","AICc",TRUE,"convex (accelerating) trace",0.038558405648435,"HM",0.0211302140514795,0.038558405648435,0.158296384863733,-0.00587042812343319,1.8247995763079,0.981293147600227,0.158142860945671,TRUE,"below detection","SE | AICc | p-value | Intercept",FALSE,NA,"control"
"2025-05-27-3A_1",2025-05-27,3,"A",2025-05-27 16:49:52,2025-05-27 16:51:27,2025-05-27 16:49:27,6.14252,318,101.658041666667,23.2932520833333,"2025-05-06-KT01 (2).json",FALSE,2025-05-27,"",1,FALSE,TRUE,"single",NA,8.80190358676113,"HM",8.66518126046668,8.80190358676113,0.0754288975698936,0.999564037715861,1.01577835733434,0.674093238365184,0.107087891511095,FALSE,"emission","AICc",NA,NA,-0.335089725568182,"HM",-0.331378955395124,-0.335089725568182,0.015335471598119,0.98762421927543,1.01119796569047,0.136286346792209,0.0216507401188633,FALSE,"uptake","AICc",FALSE,NA,-0.00743653979626951,"HM",-0.0074414248286079,-0.00743653979626951,0.116210599120554,-0.0100421713250975,0.99934353535097,0.981293147600227,0.156547464016173,TRUE,"below detection","SE | AICc | p-value | MDF | Intercept",FALSE,NA,"compost"
"2025-05-27-3B_1",2025-05-27,3,"B",2025-05-27 16:54:18,2025-05-27 16:55:53,2025-05-27 16:53:53,5.99147,318,101.649583333333,22.7066114583333,"2025-05-06-KT01 (2).json",FALSE,2025-05-27,"",1,FALSE,TRUE,"single",NA,15.1066296195881,"HM",13.5422502470041,15.1066296195881,0.10314764728269,0.998877795290599,1.11551842153634,0.674093238365184,0.104629051693779,FALSE,"emission","",NA,NA,-0.457453286263854,"HM",-0.440711466420151,-0.457453286263854,0.0152583039919102,0.993161907482499,1.03798816486373,0.136286346792209,0.02115361853838,FALSE,"uptake","AICc",FALSE,NA,0.076095906281175,"LM",0.076095906281175,0.261918319401774,0.0310719880317906,0.0499781161404426,3.44195019419289,0.981293147600227,0.152839805077407,TRUE,"below detection","SE | g-fact. > 2 | Intercept",FALSE,NA,"compost"
"2025-05-27-3C_1",2025-05-27,3,"C",2025-05-27 16:44:46,2025-05-27 16:46:21,2025-05-27 16:44:21,6.36512,318,101.666552083333,24.1347302083333,"2025-05-06-KT01 (2).json",FALSE,2025-05-27,"",1,FALSE,TRUE,"single",NA,9.7026418716369,"HM",9.5512821734747,9.7026418716369,0.0926118515771625,0.999453608475383,1.01584705544378,0.674093238365184,0.110643878423384,FALSE,"emission","AICc",NA,NA,-0.412165269881839,"HM",-0.406847892051352,-0.412165269881839,0.014364703533297,0.992809465302524,1.01306969492622,0.136286346792209,0.0223696799300562,FALSE,"uptake","AICc",FALSE,NA,-0.0192022162699722,"HM",-0.0192115706792178,-0.0192022162699722,0.0936715711145077,-0.00460390246054532,0.999513084619591,0.981293147600227,0.161347595067635,TRUE,"below detection","SE | AICc | p-value | MDF | Intercept",FALSE,NA,"compost"
"2025-05-27-4Aredo_1",2025-05-27,4,"A",2025-05-27 15:54:02,2025-05-27 15:55:37,2025-05-27 15:53:37,6.18227,318,101.699947916667,25.4266239583333,"2025-05-06-KT01 (2).json",FALSE,2025-05-27,"",1,FALSE,TRUE,"single",NA,6.88187299168558,"HM",6.14678669871966,6.88187299168558,0.131899028053938,0.996780034958188,1.11958871016608,0.674093238365184,0.10705855221116,FALSE,"emission","",NA,NA,-0.385339223161529,"HM",-0.369642966831768,-0.385339223161529,0.0163660524156294,0.988967145872996,1.04246328954746,0.136286346792209,0.0216448083785963,FALSE,"uptake","AICc",FALSE,NA,-0.0794597457243135,"HM",-0.0427687341881619,-0.0794597457243135,0.179516084701524,0.0128052059819935,1.85789332400461,0.981293147600227,0.156365505462221,TRUE,"below detection","SE | AICc | p-value | Intercept",FALSE,NA,"compost"
"2025-05-27-4B_1",2025-05-27,4,"B",2025-05-27 15:30:06,2025-05-27 15:31:40,2025-05-27 15:29:41,6.19022,318,101.721936842105,25.9238547368421,"2025-05-06-KT01 (2).json",FALSE,2025-05-27,"",1,FALSE,TRUE,"single",NA,11.071337752399,"HM",10.825580996769,11.071337752399,0.0974564944794572,0.9995012092675,1.02270148417007,0.674093238365184,0.107917967327195,FALSE,"emission","",NA,NA,-0.456315029276744,"HM",-0.452112432931717,-0.456315029276744,0.0186319983984261,0.990285360073126,1.00929546731944,0.136286346792209,0.0218185626011228,FALSE,"uptake","AICc",TRUE,"convex (accelerating) trace",0.0553824404996352,"LM",0.0553824404996352,0.165214851782458,0.0317382690376544,0.0212914179045863,2.98316308006591,0.981293147600227,0.157545435156232,TRUE,"below detection","SE | g-fact. > 2 | p-value | Intercept",FALSE,NA,"compost"
"2025-05-27-4C_1",2025-05-27,4,"C",2025-05-27 16:01:32,2025-05-27 16:03:07,2025-05-27 16:01:07,6.11072,318,101.688229166667,24.9334,"2025-05-06-KT01 (2).json",FALSE,2025-05-27,"",1,FALSE,TRUE,"single",NA,11.5462230234586,"HM",10.7735844498043,11.5462230234586,0.110430871217504,0.999098208121196,1.07171601775196,0.674093238365184,0.105898930674392,FALSE,"emission","",NA,NA,-0.355073816063643,"HM",-0.353213429094303,-0.355073816063643,0.0195739473536861,0.982265615699956,1.005267033516,0.136286346792209,0.0214103592343046,FALSE,"uptake","AICc",TRUE,"convex (accelerating) trace",0.15567141344248,"HM",0.0809588088427943,0.15567141344248,0.19390268757765,0.0623230966753922,1.92284713260496,0.981293147600227,0.154613659200502,FALSE,"emission","SE | AICc | Intercept",FALSE,NA,"compost"
"2025-05-27-5A_1",2025-05-27,5,"A",2025-05-27 15:16:10,2025-05-27 15:17:44,2025-05-27 15:15:45,6.32537,318,101.731526315789,26.2692421052632,"2025-05-06-KT01 (2).json",FALSE,2025-05-27,"",1,FALSE,TRUE,"single",NA,16.4009030191884,"HM",15.5854960403602,16.4009030191884,0.118432063117923,0.999502889367213,1.05231832061787,0.674093238365184,0.110231382843691,FALSE,"emission","",NA,NA,-0.537367983991688,"HM",-0.514578895209589,-0.537367983991688,0.0186361046665924,0.992639811151531,1.04428687028219,0.136286346792209,0.0222862826899941,FALSE,"uptake","AICc",FALSE,NA,0.391666237745556,"HM",0.302312964140581,0.391666237745556,0.150502502567415,0.495754851705517,1.29556547089864,0.981293147600227,0.160678513000001,FALSE,"emission","SE | AICc | Intercept",FALSE,NA,"control"
"2025-05-27-5B_1",2025-05-27,5,"B",2025-05-27 15:19:57,2025-05-27 15:21:31,2025-05-27 15:19:32,6.19817,318,101.725536842105,26.2688915789474,"2025-05-06-KT01 (2).json",FALSE,2025-05-27,"",1,FALSE,TRUE,"single",NA,14.1426342816159,"HM",12.3367677588688,14.1426342816159,0.110594395502486,0.998298077103293,1.14638084772641,0.674093238365184,0.107801412447821,FALSE,"emission","",NA,NA,-0.620399551587946,"HM",-0.530159115160115,-0.620399551587946,0.0195101610503834,0.991974542999049,1.17021387324554,0.136286346792209,0.0217949978510162,FALSE,"uptake","",FALSE,NA,0.0742512493851661,"HM",0.0740059450542994,0.0742512493851661,0.115319568866664,0.0559241797896936,1.00331465709527,0.981293147600227,0.157055054430125,TRUE,"below detection","SE | AICc | Intercept",FALSE,NA,"control"
"2025-05-27-5C_1",2025-05-27,5,"C",2025-05-27 15:23:25,2025-05-27 15:24:59,2025-05-27 15:23:00,6.32537,318,101.721915789474,26.4323736842105,"2025-05-06-KT01 (2).json",FALSE,2025-05-27,"",1,FALSE,TRUE,"single",NA,9.76839299190088,"HM",9.17624580273058,9.76839299190088,0.104762032728385,0.999027102768291,1.06453044108671,0.674093238365184,0.110499238908452,FALSE,"emission","",NA,NA,-0.54468421196328,"HM",-0.538021646017046,-0.54468421196328,0.0185098742478894,0.99323338443054,1.01238345333418,0.136286346792209,0.0223404371043312,FALSE,"uptake","AICc",FALSE,NA,-0.00748318215732974,"HM",-0.00513045703514002,-0.00748318215732974,0.138325062059444,-0.010487179489719,1.45858002631641,0.981293147600227,0.160966556865602,TRUE,"below detection","SE | AICc | p-value | MDF | Intercept",FALSE,NA,"control"
"2025-05-27-6a_1",2025-05-27,6,"A",2025-05-27 15:00:46,2025-05-27 15:02:20,2025-05-27 15:00:21,5.98352,318,101.749221052632,29.0100505263158,"2025-05-06-KT01 (2).json",FALSE,2025-05-27,"",1,FALSE,TRUE,"single",NA,9.82494777747963,"HM",8.79933722537803,9.82494777747963,0.120425409221838,0.998222675861235,1.116555432055,0.674093238365184,0.10314946871583,FALSE,"emission","",NA,NA,-0.517453135296599,"HM",-0.466805939514691,-0.517453135296599,0.0153177315732268,0.993815342564724,1.10849732510808,0.136286346792209,0.0208544804557467,FALSE,"uptake","",FALSE,NA,-0.0624895038747348,"LM",-0.0624895038747348,-0.172672880556706,0.0269458807727693,0.0445028511687035,2.76323014026232,0.981293147600227,0.150678369350693,TRUE,"below detection","SE | AICc | g-fact. > 2 | Intercept",FALSE,NA,"slurry"
"2025-05-27-6B_1",2025-05-27,6,"B",2025-05-27 15:05:06,2025-05-27 15:06:40,2025-05-27 15:04:41,6.68153,318,101.742368421053,27.9952526315789,"2025-05-06-KT01 (2).json",FALSE,2025-05-27,"",1,FALSE,TRUE,"single",NA,8.99785726969925,"HM",8.854779423731,8.99785726969925,0.13616627243191,0.998628625376272,1.01615826200987,0.674093238365184,0.115745255019154,FALSE,"emission","AICc",NA,NA,-0.316478728776992,"HM",-0.314689370405578,-0.316478728776992,0.018211874639447,0.980867056225685,1.00568610998556,0.136286346792209,0.0234010624455298,FALSE,"uptake","AICc",TRUE,"convex (accelerating) trace",0.0749053045140117,"HM",0.0638201346172372,0.0749053045140117,0.142693013516359,0.0311428075702505,1.17369392846408,0.981293147600227,0.168923080052728,TRUE,"below detection","SE | AICc | Intercept",FALSE,NA,"slurry"
"2025-05-27-6C_1",2025-05-27,6,"C",2025-05-27 15:09:24,2025-05-27 15:10:58,2025-05-27 15:08:59,6.38102,318,101.739389473684,26.01714,"2025-05-06-KT01 (2).json",FALSE,2025-05-27,"",1,FALSE,TRUE,"single",NA,9.86290185817256,"HM",9.64615597504675,9.86290185817256,0.114384062407284,0.999161729341836,1.02246966394557,0.674093238365184,0.111412372792104,FALSE,"emission","",NA,NA,-0.426147852047913,"HM",-0.42235478766161,-0.426147852047913,0.0173942769227387,0.990294807460921,1.00898075385224,0.136286346792209,0.0225250520419281,FALSE,"uptake","AICc",TRUE,"convex (accelerating) trace",0.095043399087224,"HM",0.0950852771811099,0.095043399087224,0.118763242481306,0.0891161950293685,0.999559573310112,0.981293147600227,0.162460338635617,TRUE,"below detection","SE | AICc | Intercept",TRUE,"convex (accelerating) trace","slurry"
"2025-05-27-7A_1",2025-05-27,7,"A",2025-05-27 13:08:30,2025-05-27 13:10:04,2025-05-27 13:08:05,6.18227,318,101.857263157895,27.69004,"2025-05-06-KT01 (2).json",FALSE,2025-05-27,"",1,FALSE,TRUE,"single",NA,14.8780975410886,"HM",14.624554729093,14.8780975410886,0.131880966231573,0.999511767909772,1.01733678848295,0.674093238365184,0.107063021050151,FALSE,"emission","",NA,NA,-0.310604952498459,"HM",-0.29053876425881,-0.310604952498459,0.0160780644566016,0.983543724682567,1.06906544223398,0.136286346792209,0.0216457118763707,FALSE,"uptake","AICc",FALSE,NA,0.231565369515001,"LM",0.231565369515001,0.47374642795111,0.0276670816394775,0.423496800401521,2.04584316274641,0.981293147600227,0.156277917606865,FALSE,"emission","SE | g-fact. > 2 | Intercept",FALSE,NA,"control"
"2025-05-27-7B_1",2025-05-27,7,"B",2025-05-27 13:15:09,2025-05-27 13:16:43,2025-05-27 13:14:44,6.23792,318,101.857463157895,27.5096831578947,"2025-05-06-KT01 (2).json",FALSE,2025-05-27,"",1,FALSE,TRUE,"single",NA,14.0192308253016,"HM",13.1936936700787,14.0192308253016,0.1201007842127,0.999296073912752,1.06257058681718,0.674093238365184,0.10811415672415,FALSE,"emission","",NA,NA,-0.406293204027936,"HM",-0.401694611595958,-0.406293204027936,0.0140972973116566,0.992946322578613,1.01144798137497,0.136286346792209,0.0218582276424979,FALSE,"uptake","AICc",FALSE,NA,0.537226679546921,"HM",0.305436578686336,0.537226679546921,0.162963063073232,0.566880939803185,1.75888127694954,0.981293147600227,0.157732025397133,FALSE,"emission","SE | Intercept",FALSE,NA,"control"
"2025-05-27-7C_1",2025-05-27,7,"C",2025-05-27 13:00:56,2025-05-27 13:02:30,2025-05-27 13:00:31,6.23792,318,101.867126315789,29.0843052631579,"2025-05-06-KT01 (2).json",FALSE,2025-05-27,"",1,FALSE,TRUE,"single",NA,13.5670029925905,"HM",12.1276644720956,13.5670029925905,0.0948824353427695,0.998821984796208,1.11868225112978,0.674093238365184,0.107381916167762,FALSE,"emission","",NA,NA,-0.289273950631446,"HM",-0.284881528769823,-0.289273950631446,0.0166989941113848,0.980484170803064,1.01541841579056,0.136286346792209,0.0217101852282981,FALSE,"uptake","AICc",FALSE,NA,0.528273342075497,"HM",0.314077516400222,0.528273342075497,0.169087560199403,0.54794534032857,1.6819839513833,0.981293147600227,0.156829449189517,FALSE,"emission","SE | Intercept",FALSE,NA,"control"
"2025-05-27-8A_1",2025-05-27,8,"A",2025-05-27 13:23:52,2025-05-27 13:25:26,2025-05-27 13:23:27,6.23792,318,101.855094736842,28.7282189473684,"2025-05-06-KT01 (2).json",FALSE,2025-05-27,"",1,FALSE,TRUE,"single",NA,8.54952057667401,"HM",7.94578335191396,8.54952057667401,0.10773858621613,0.998656397310007,1.07598208987344,0.674093238365184,0.107815887167575,FALSE,"emission","",NA,NA,-0.427900598564676,"HM",-0.424243056670591,-0.427900598564676,0.0160354971908415,0.991853576192235,1.00862133589832,0.136286346792209,0.0217979243106863,FALSE,"uptake","AICc",TRUE,"convex (accelerating) trace",0.0759997005809644,"HM",0.0759946553138354,0.0759997005809644,0.108340625910195,0.0676492451090792,1.00006638976265,0.981293147600227,0.157341685084238,TRUE,"below detection","SE | AICc | Intercept",FALSE,NA,"compost"
"2025-05-27-8B_1",2025-05-27,8,"B",2025-05-27 13:31:28,2025-05-27 13:33:03,2025-05-27 13:31:03,6.34922,318,101.845729166667,27.4173489583333,"2025-05-06-KT01 (2).json",FALSE,2025-05-27,"",1,FALSE,TRUE,"single",NA,10.3465837325597,"HM",10.1886104302158,10.3465837325597,0.156002635617461,0.998647982313745,1.01550489180305,0.674093238365184,0.109270718789615,FALSE,"emission","AICc",NA,NA,-0.332939126968801,"HM",-0.330304263569655,-0.332939126968801,0.0161646943449121,0.986179185240704,1.0079770795892,0.136286346792209,0.0220920582311607,FALSE,"uptake","AICc",TRUE,"convex (accelerating) trace",0.0539236865941714,"HM",0.0539855321061482,0.0539236865941714,0.117911795217122,0.0232072287255047,0.998854405809038,0.981293147600227,0.159579990208982,TRUE,"below detection","SE | AICc | p-value | Intercept",TRUE,"convex (accelerating) trace","compost"
"2025-05-27-8C_1",2025-05-27,8,"C",2025-05-27 13:38:04,2025-05-27 13:39:38,2025-05-27 13:37:39,6.29357,318,101.845421052632,27.34388,"2025-05-06-KT01 (2).json",FALSE,2025-05-27,"",1,FALSE,TRUE,"single",NA,13.887043881288,"HM",12.8789562979396,13.887043881288,0.13326245194284,0.9990409216887,1.07827401227456,0.674093238365184,0.109225691224254,FALSE,"emission","",NA,NA,-0.529698079696768,"HM",-0.502494274846932,-0.529698079696768,0.0145575261408684,0.995230800967073,1.05413754188169,0.136286346792209,0.0220829546798436,FALSE,"uptake","",FALSE,NA,0.0998474024803472,"LM",0.0998474024803472,0.248493693394814,0.0282534963813938,0.108912200101189,2.48873468134261,0.981293147600227,0.159547319230256,TRUE,"below detection","SE | AICc | g-fact. > 2 | Intercept",FALSE,NA,"compost"
"2025-05-27-9A_1",2025-05-27,9,"A",2025-05-27 13:58:45,2025-05-27 14:00:20,2025-05-27 13:58:20,6.20612,318,101.819197916667,28.1660416666667,"2025-05-06-KT01 (2).json",FALSE,2025-05-27,"",1,FALSE,TRUE,"single",NA,9.66897085599391,"HM",9.25748917704349,9.66897085599391,0.106236850178169,0.999131800388519,1.04444851850011,0.674093238365184,0.106324597489006,FALSE,"emission","",NA,NA,-0.390748458997288,"HM",-0.345299386969266,-0.390748458997288,0.0185395981523788,0.984789270228496,1.13162222043582,0.136286346792209,0.0214964193990009,FALSE,"uptake","",FALSE,NA,0.0594908708692734,"HM",0.0540365882354373,0.0594908708692734,0.126204643344939,0.024198321526087,1.10093684320098,0.981293147600227,0.155230900358865,TRUE,"below detection","SE | AICc | p-value | Intercept",FALSE,NA,"compost"
"2025-05-27-9B_1",2025-05-27,9,"B",2025-05-27 13:49:21,2025-05-27 13:50:55,2025-05-27 13:48:56,6.24587,318,101.835873684211,28.3360589473684,"2025-05-06-KT01 (2).json",FALSE,2025-05-27,"",1,FALSE,TRUE,"single",NA,8.10495297853154,"HM",8.03136962758367,8.10495297853154,0.145980278089796,0.998221343440904,1.00916199283061,0.674093238365184,0.108341404837601,FALSE,"emission","AICc",NA,NA,-0.328589964567013,"HM",-0.325896171548983,-0.328589964567013,0.0160036327252604,0.986205331415103,1.00826580136007,0.136286346792209,0.021904172051127,FALSE,"uptake","AICc",TRUE,"convex (accelerating) trace",0.227201119450942,"HM",0.178947871126108,0.227201119450942,0.120666084144319,0.341096349736262,1.26964974783539,0.981293147600227,0.158013163827881,FALSE,"emission","SE | AICc | Intercept (LM)",FALSE,NA,"compost"
"2025-05-27-9C_1",2025-05-27,9,"C",2025-05-27 14:04:54,2025-05-27 14:06:29,2025-05-27 14:04:29,6.17432,318,101.809875,27.8155729166667,"2025-05-06-KT01 (2).json",FALSE,2025-05-27,"",1,FALSE,TRUE,"single",NA,8.82098474355022,"HM",8.68471020508263,8.82098474355022,0.124109941669412,0.998803451886074,1.0156913167221,0.674093238365184,0.1061073940248,FALSE,"emission","AICc",NA,NA,-0.37817817421271,"HM",-0.375691401574035,-0.37817817421271,0.0178882144651639,0.986911330761564,1.00661918965474,0.136286346792209,0.0214525057903745,FALSE,"uptake","AICc",TRUE,"convex (accelerating) trace",0.18945344150063,"HM",0.188905611627243,0.18945344150063,0.114448607900125,0.308984052367262,1.00290001905538,0.981293147600227,0.154912010228762,FALSE,"emission","SE | AICc | Intercept",FALSE,NA,"compost"
"2025-05-27-10A2_1",2025-05-27,10,"A",2025-05-27 12:41:25,2025-05-27 12:42:59,2025-05-27 12:41:00,6.36512,318,101.885347368421,27.9496063157895,"2025-05-06-KT01 (2).json",FALSE,2025-05-27,"",1,FALSE,TRUE,"single",NA,10.5527900219337,"HM",9.21617771735039,10.5527900219337,0.153755176077917,0.997375064935396,1.14502892040233,0.674093238365184,0.110442149732765,FALSE,"emission","",NA,NA,-0.222959459922916,"HM",-0.221812208665314,-0.222959459922916,0.0163122262813916,0.969369915310451,1.0051721736351,0.136286346792209,0.022328894969278,FALSE,"uptake","AICc",TRUE,"convex (accelerating) trace",0.209753859380944,"HM",0.208874193464618,0.209753859380944,0.116998591151796,0.347127379303835,1.00421146289896,0.981293147600227,0.161126375448422,FALSE,"emission","SE | AICc | Intercept",FALSE,NA,"control"
"2025-05-27-10B_1",2025-05-27,10,"B",2025-05-27 12:53:27,2025-05-27 12:55:01,2025-05-27 12:53:02,6.00737,318,101.874989473684,28.6895947368421,"2025-05-06-KT01 (2).json",FALSE,2025-05-27,"",1,FALSE,TRUE,"single",NA,7.786484822922,"HM",7.66472666777956,7.786484822922,0.0854702935085064,0.999285549535899,1.01588551822132,0.674093238365184,0.103876534748302,FALSE,"emission","AICc",NA,NA,-0.353897014542677,"HM",-0.35128153151229,-0.353897014542677,0.0161085064408545,0.987980102441212,1.00744554665065,0.136286346792209,0.0210014766987036,FALSE,"uptake","AICc",TRUE,"convex (accelerating) trace",0.0431019624009786,"LM",0.0431019624009786,0.0867635858365607,0.0284782559777492,0.013544821678945,2.01298458361123,0.981293147600227,0.151416419911352,TRUE,"below detection","SE | AICc | g-fact. > 2 | p-value | Intercept",FALSE,NA,"control"
"2025-05-27-10C_1",2025-05-27,10,"C",2025-05-27 12:46:57,2025-05-27 12:48:31,2025-05-27 12:46:32,5.99544,318,101.880789473684,28.5617957894737,"2025-05-06-KT01 (2).json",FALSE,2025-05-27,"",1,FALSE,TRUE,"single",NA,7.57210804585303,"HM",7.11674919585423,7.57210804585303,0.074472457171563,0.999140072293701,1.06398410811836,0.674093238365184,0.103712087806971,FALSE,"emission","",NA,NA,-0.320180513367962,"HM",-0.292013347292048,-0.320180513367962,0.0151137863523272,0.98579092545214,1.09645848841198,0.136286346792209,0.0209682292611094,FALSE,"uptake","",FALSE,NA,0.205498347400543,"HM",0.204726189741404,0.205498347400543,0.121758562545578,0.319672758179513,1.00377166038265,0.981293147600227,0.15124587994659,FALSE,"emission","SE | AICc | Intercept",FALSE,NA,"control"
"2025-05-27-11A_1",2025-05-27,11,"A",2025-05-27 12:33:24,2025-05-27 12:34:59,2025-05-27 12:32:59,6.23394,318,101.88578125,28.2207458333333,"2025-05-06-KT01 (2).json",FALSE,2025-05-27,"",1,FALSE,TRUE,"single",NA,10.6068521904452,"HM",9.82836536169727,10.6068521904452,0.18210738853015,0.997759175759924,1.07920816942579,0.674093238365184,0.106830023791402,FALSE,"emission","",NA,NA,-0.272394453347309,"HM",-0.269941652975012,-0.272394453347309,0.0160283292630668,0.979731196262177,1.00908640939723,0.136286346792209,0.0215986051211027,FALSE,"uptake","AICc",FALSE,NA,-0.0626375049502094,"HM",-0.0625991497028316,-0.0626375049502094,0.0506186534413902,0.0188109513190465,1.00061271195471,0.981293147600227,0.155921019103677,TRUE,"below detection","SE | AICc | p-value | Intercept",FALSE,NA,"slurry"
"2025-05-27-11B_1",2025-05-27,11,"B",2025-05-27 12:27:15,2025-05-27 12:28:50,2025-05-27 12:26:50,6.21407,318,101.8923125,27.4561958333333,"2025-05-06-KT01 (2).json",FALSE,2025-05-27,"",1,FALSE,TRUE,"single",NA,11.1204608373275,"HM",10.1852513874737,11.1204608373275,0.14763992598682,0.998369535899195,1.09181996735043,0.674093238365184,0.10691735532741,FALSE,"emission","",NA,NA,-0.279353812278091,"HM",-0.241077972761566,-0.279353812278091,0.0190339887121218,0.969521614143179,1.15876954280838,0.136286346792209,0.0216162615747279,FALSE,"uptake","Intercept (LM)",FALSE,NA,0.0775826337374982,"LM",0.0775826337374982,0.237585402115648,0.0288651810094924,0.0614878219520454,3.06235288324345,0.981293147600227,0.156081213953317,TRUE,"below detection","SE | AICc | g-fact. > 2 | Intercept (HM)",FALSE,NA,"slurry"
"2025-05-27-11C_1",2025-05-27,11,"C",2025-05-27 12:21:56,2025-05-27 12:23:30,2025-05-27 12:21:31,5.95569,318,101.896842105263,27.9033084210526,"2025-05-06-KT01 (2).json",FALSE,2025-05-27,"",1,FALSE,TRUE,"single",NA,10.0851436031008,"HM",8.81623392838737,10.0851436031008,0.109687248436746,0.997972912076369,1.14392876652554,0.674093238365184,0.10315004807116,FALSE,"emission","",NA,NA,-0.388051975895884,"HM",-0.321818941418087,-0.388051975895884,0.0176948818918906,0.984166226046267,1.20580837841907,0.136286346792209,0.0208545975882394,FALSE,"uptake","",FALSE,NA,0.0546869056415187,"LM",0.0546869056415187,0.134510311885385,0.0301524847392481,0.0237765297033965,2.45964386369053,0.981293147600227,0.150661591700413,TRUE,"below detection","SE | AICc | g-fact. > 2 | p-value | Intercept",FALSE,NA,"slurry"
"2025-05-27-12A_1",2025-05-27,12,"A",2025-05-27 12:08:06,2025-05-27 12:09:41,2025-05-27 12:07:41,6.35319,318,101.898052083333,28.0167958333333,"2025-05-06-KT01 (2).json",FALSE,2025-05-27,"",1,FALSE,TRUE,"single",NA,7.38119600197698,"HM",7.21424881107975,7.38119600197698,0.0895358847113457,0.999082548856294,1.0231413131525,0.674093238365184,0.109287779609017,FALSE,"emission","",NA,NA,-0.506184702599007,"HM",-0.50131660904774,-0.506184702599007,0.0196177904267897,0.991154959884266,1.00971061693032,0.136286346792209,0.0220955075414598,FALSE,"uptake","AICc | Intercept",FALSE,NA,0.112479439550852,"LM",0.112479439550852,0.511675112107605,0.0287858088011135,0.130580055585649,4.54905460189707,0.981293147600227,0.159332481900871,TRUE,"below detection","SE | g-fact. > 2 | Intercept",FALSE,NA,"slurry"
"2025-05-27-12B_1",2025-05-27,12,"B",2025-05-27 12:14:47,2025-05-27 12:16:22,2025-05-27 12:14:22,6.09482,318,101.896520833333,27.0514072916667,"2025-05-06-KT01 (2).json",FALSE,2025-05-27,"",1,FALSE,TRUE,"single",NA,13.3062593633456,"HM",12.4530750873092,13.3062593633456,0.15147661587016,0.99889895287175,1.06851193540991,0.674093238365184,0.104843460337623,FALSE,"emission","",NA,NA,-0.384325273558543,"HM",-0.380447393118092,-0.384325273558543,0.0147372092268409,0.991346189358002,1.01019294785718,0.136286346792209,0.0211969670977885,FALSE,"uptake","AICc",FALSE,NA,0.13725338819233,"HM",0.136772778579363,0.13725338819233,0.128924366557042,0.151490235687839,1.00351392739081,0.981293147600227,0.153077168942318,TRUE,"below detection","SE | AICc | Intercept",FALSE,NA,"slurry"
"2025-05-27-12C_1",2025-05-27,12,"C",2025-05-27 11:54:53,2025-05-27 11:56:27,2025-05-27 11:54:28,5.85632,318,101.894221052632,28.0527294736842,"2025-05-06-KT01 (2).json",FALSE,2025-05-27,"",1,FALSE,TRUE,"single",NA,8.17183584830207,"HM",7.3981063470761,8.17183584830207,0.124703871003979,0.997863282766989,1.10458480385751,0.674093238365184,0.101471567232818,FALSE,"emission","",NA,NA,-0.261177516714934,"HM",-0.2591027875949,-0.261177516714934,0.016303887273718,0.97748875371312,1.00800735931594,0.136286346792209,0.0205152468744226,FALSE,"uptake","AICc",TRUE,"convex (accelerating) trace",0.0665669108971169,"HM",0.0356368969670209,0.0665669108971169,0.161864799386345,0.00754382559783462,1.86792107513511,0.981293147600227,0.148085546318309,TRUE,"below detection","SE | AICc | p-value | Intercept",FALSE,NA,"slurry"
"2025-05-27-13A2_1",2025-05-27,13,"A",2025-05-27 11:10:26,2025-05-27 11:12:00,2025-05-27 11:10:01,6.37307,318,101.889494736842,25.0100315789474,"2025-05-06-KT01 (2).json",FALSE,2025-05-27,"",2,FALSE,TRUE,"repeat: last kept",NA,8.76793297316507,"HM",7.82455362934279,8.76793297316507,0.14140688847071,0.997472690618431,1.12056653817088,0.674093238365184,0.11179226507884,FALSE,"emission","",NA,NA,-0.411966542995523,"HM",-0.405856023133739,-0.411966542995523,0.0172153038706561,0.989685724521204,1.0150558806904,0.136286346792209,0.0226018576364468,FALSE,"uptake","AICc",FALSE,NA,0.102846847280017,"HM",0.0626363664975432,0.102846847280017,0.181980316723544,0.0306070753654194,1.64196700784121,0.981293147600227,0.162842953205067,TRUE,"below detection","SE | AICc | Intercept",FALSE,NA,"slurry"
"2025-05-27-13B2REAL_1",2025-05-27,13,"B",2025-05-27 11:13:43,2025-05-27 11:15:18,2025-05-27 11:13:18,6.29357,318,101.8994375,25.8927645833333,"2025-05-06-KT01 (2).json",FALSE,2025-05-27,"",2,FALSE,TRUE,"repeat: last kept",NA,6.91384031497341,"HM",6.81592695185104,6.91384031497341,0.0754272907994385,0.999322553065329,1.01436537741881,0.674093238365184,0.108759113201921,FALSE,"emission","AICc",NA,NA,0.255932250847399,"HM",0.253584659782462,0.255932250847399,0.0147764732189198,0.98047426200285,1.00925762255079,0.136286346792209,0.0219886231978791,FALSE,"emission","AICc",FALSE,NA,0.173114495824358,"HM",0.170589269603373,0.173114495824358,0.121863811762189,0.244738507817084,1.01480296050775,0.981293147600227,0.15846268818914,FALSE,"emission","SE | AICc",FALSE,NA,"slurry"
"2025-05-27-13C_1",2025-05-27,13,"C",2025-05-27 11:06:38,2025-05-27 11:08:12,2025-05-27 11:06:13,6.01532,318,101.8774,25.1283863157895,"2025-05-06-KT01 (2).json",FALSE,2025-05-27,"",1,FALSE,TRUE,"single",NA,7.58198987767122,"HM",7.36605635215201,7.58198987767122,0.11047788451693,0.9986673109165,1.02931467194873,0.674093238365184,0.105641352929656,FALSE,"emission","",NA,NA,-0.342008138722842,"HM",-0.338650744259228,-0.342008138722842,0.0139290885950659,0.990317809393361,1.00991403243763,0.136286346792209,0.021358282862896,FALSE,"uptake","AICc",FALSE,NA,0.0873410741228711,"HM",0.0873592049743459,0.0873410741228711,0.0976043597734789,0.110332247152603,0.999792456313217,0.981293147600227,0.153902314945968,TRUE,"below detection","SE | AICc | Intercept",TRUE,"convex (accelerating) trace","slurry"
"2025-05-27-14A_1",2025-05-27,14,"A",2025-05-27 11:18:07,2025-05-27 11:19:41,2025-05-27 11:17:42,5.99544,318,101.892252631579,25.6753389473684,"2025-05-06-KT01 (2).json",FALSE,2025-05-27,"",1,FALSE,TRUE,"single",NA,7.38095240060777,"HM",7.27879104270683,7.38095240060777,0.108102016505998,0.998811438996057,1.01403548436842,0.674093238365184,0.104913933764739,FALSE,"emission","AICc",NA,NA,-0.0871276527820567,"HM",-0.0794588417527639,-0.0871276527820567,0.0145309822378862,0.852004389495681,1.09651299792608,0.136286346792209,0.021211215224577,FALSE,"uptake","AICc",FALSE,NA,0.0252356174680372,"HM",0.0185440546771814,0.0252356174680372,0.157354284597903,-0.00713071125373266,1.36084680008466,0.981293147600227,0.15291318466293,TRUE,"below detection","SE | AICc | p-value | MDF | Intercept",FALSE,NA,"compost"
"2025-05-27-14B_1",2025-05-27,14,"B",2025-05-27 11:24:16,2025-05-27 11:25:51,2025-05-27 11:23:51,6.33332,318,101.883979166667,25.9397364583333,"2025-05-06-KT01 (2).json",FALSE,2025-05-27,"",1,FALSE,TRUE,"single",NA,7.29923507348148,"HM",7.08107704765813,7.29923507348148,0.0706485008643376,0.999367216047445,1.03080859371464,0.674093238365184,0.109630787240709,FALSE,"emission","",NA,NA,-0.293717581030795,"HM",-0.289906598449072,-0.293717581030795,0.0149912856649215,0.984604924315575,1.01314555309231,0.136286346792209,0.0221648558962342,FALSE,"uptake","AICc",FALSE,NA,0.0244269812268975,"HM",0.024434752414356,0.0244269812268975,0.116484412507954,-0.00301404489878365,0.999681961686096,0.981293147600227,0.159829562913283,TRUE,"below detection","SE | AICc | p-value | MDF | Intercept",FALSE,NA,"compost"
"2025-05-27-14C_1",2025-05-27,14,"C",2025-05-27 11:29:22,2025-05-27 11:30:56,2025-05-27 11:28:57,6.47244,318,101.889894736842,27.7286284210526,"2025-05-06-KT01 (2).json",FALSE,2025-05-27,"",1,FALSE,TRUE,"single",NA,8.41535143288559,"HM",8.13090223058677,8.41535143288559,0.0934750886002996,0.999175566890432,1.034983719424,0.674093238365184,0.112219992298496,FALSE,"emission","",NA,NA,-0.157451028798551,"HM",-0.156385366679914,-0.157451028798551,0.0162146581379239,0.940791387226278,1.00681433398317,0.136286346792209,0.0226883343682591,FALSE,"uptake","AICc | Intercept",FALSE,NA,-0.0531084750095229,"HM",-0.0487578945013685,-0.0531084750095229,0.105708732904283,0.0292677303743556,1.08922822760594,0.981293147600227,0.163646731662275,TRUE,"below detection","SE | AICc | p-value | Intercept",FALSE,NA,"compost"
"2025-05-27-15A_1",2025-05-27,15,"A",2025-05-27 11:35:48,2025-05-27 11:37:23,2025-05-27 11:35:23,6.01532,318,101.89575,27.3341989583333,"2025-05-06-KT01 (2).json",FALSE,2025-05-27,"",1,FALSE,TRUE,"single",NA,8.67394866946062,"HM",8.08474369976178,8.67394866946062,0.0973412722059091,0.998878741604682,1.07287862071821,0.674093238365184,0.103464015163498,FALSE,"emission","",NA,NA,-0.255435551654574,"HM",-0.253898084949773,-0.255435551654574,0.0143855051674071,0.98151310255322,1.00605544821303,0.136286346792209,0.0209180746053529,FALSE,"uptake","AICc",TRUE,"convex (accelerating) trace",0.0479136281408034,"HM",0.0479002587062984,0.0479136281408034,0.100903612754264,0.026423078241096,1.00027910986007,0.981293147600227,0.150882943763912,TRUE,"below detection","SE | AICc | p-value | Intercept",FALSE,NA,"control"
"2025-05-27-15B_1",2025-05-27,15,"B",2025-05-27 11:47:30,2025-05-27 11:49:05,2025-05-27 11:47:05,6.35319,318,101.905510416667,28.6887895833333,"2025-05-06-KT01 (2).json",FALSE,2025-05-27,"",1,FALSE,TRUE,"single",NA,8.15416451091308,"HM",8.03955758574723,8.15416451091308,0.120527987599529,0.998761045623317,1.01425537710794,0.674093238365184,0.108565850849016,FALSE,"emission","AICc",NA,NA,-0.283974907192067,"HM",-0.280787794622178,-0.283974907192067,0.0158947939814821,0.981579230901277,1.01135060936027,0.136286346792209,0.0219495499383493,FALSE,"uptake","AICc",FALSE,NA,-0.0335569764676628,"HM",-0.0335475660491247,-0.0335569764676628,0.112412547765357,0.00268150863996175,1.00028050972533,0.981293147600227,0.158370836018031,TRUE,"below detection","SE | AICc | p-value | Intercept",FALSE,NA,"control"
"2025-05-27-15C_1",2025-05-27,15,"C",2025-05-27 11:42:15,2025-05-27 11:43:49,2025-05-27 11:41:50,6.25382,318,101.901221052632,27.8045652631579,"2025-05-06-KT01 (2).json",FALSE,2025-05-27,"",1,FALSE,TRUE,"single",NA,10.61274590296,"HM",9.84413617233355,10.61274590296,0.102997730606943,0.999027817537886,1.07807792549503,0.674093238365184,0.108554234461983,FALSE,"emission","",NA,NA,-0.306800764305716,"HM",-0.30258004391019,-0.306800764305716,0.0154814168770708,0.985069393533786,1.01394910365199,0.136286346792209,0.0219472013686537,FALSE,"uptake","AICc",FALSE,NA,0.010625731263127,"HM",0.00911729350724086,0.010625731263127,0.117558671020432,-0.00948624295693978,1.16544797583714,0.981293147600227,0.158313996945428,TRUE,"below detection","SE | AICc | p-value | MDF | Intercept",FALSE,NA,"control"
"2025-05-29-1A_1",2025-05-29,1,"A",2025-05-29 11:56:04,2025-05-29 11:57:39,2025-05-29 11:55:39,6.23792,318,100.820520833333,19.405803125,"2025-05-06-KT01 (2).json",FALSE,2025-05-29,"",1,FALSE,TRUE,"single",NA,17.5134418982364,"HM",14.8933493917027,17.5134418982364,0.209710372427401,0.997222135075975,1.17592365811235,0.624820482217041,0.101655295849535,FALSE,"emission","",NA,NA,-0.191775052014862,"HM",-0.137273121544151,-0.191775052014862,0.0160366367948977,0.945187788656477,1.39703279023331,0.136286346792209,0.0221731350007214,FALSE,"uptake","",FALSE,NA,0.525367460700005,"HM",0.518798773809312,0.525367460700005,0.103182489578635,0.811124667992099,1.01266133850407,0.974290126088111,0.158756147833023,FALSE,"emission","SE | AICc | Intercept",FALSE,NA,"slurry"
"2025-05-29-1B_1",2025-05-29,1,"B",2025-05-29 11:59:45,2025-05-29 12:01:20,2025-05-29 11:59:20,6.23792,318,100.816979166667,19.3518645833333,"2025-05-06-KT01 (2).json",FALSE,2025-05-29,"",1,FALSE,TRUE,"single",NA,9.52903439625256,"HM",8.65255156730293,9.52903439625256,0.0691900757639146,0.999018533274633,1.10129761401963,0.624820482217041,0.101725523856267,FALSE,"emission","",NA,NA,-0.368808651210687,"HM",-0.350406140377237,-0.368808651210687,0.0147225497954649,0.99012202448547,1.05251766083105,0.136286346792209,0.0221884531901092,FALSE,"uptake","AICc",FALSE,NA,0.115178842142746,"HM",0.0865948219280429,0.115178842142746,0.14540776513772,0.0739306672545443,1.33008925451056,0.974290126088111,0.158817116180043,TRUE,"below detection","SE | AICc",FALSE,NA,"slurry"
"2025-05-29-1C_1",2025-05-29,1,"C",2025-05-29 12:03:45,2025-05-29 12:05:20,2025-05-29 12:03:20,6.01532,318,100.816747368421,19.5455115789474,"2025-05-06-KT01 (2).json",FALSE,2025-05-29,"",1,FALSE,TRUE,"single",NA,8.21828700597537,"HM",7.1444970696831,8.21828700597537,0.0707809421537597,0.99818344628554,1.15029608463957,0.624820482217041,0.097954148919196,FALSE,"emission","",NA,NA,-0.479930573868904,"HM",-0.432593605317806,-0.479930573868904,0.014160492131797,0.993917936133721,1.10942595537519,0.136286346792209,0.021365837851487,FALSE,"uptake","",FALSE,NA,-0.0108703327685906,"HM",-0.00788020905137978,-0.0108703327685906,0.127063901446179,-0.00985449218770795,1.37944725802512,0.974290126088111,0.152960332816537,TRUE,"below detection","SE | AICc | p-value | MDF | Intercept",FALSE,NA,"slurry"
"2025-05-29-2A_1",2025-05-29,2,"A",2025-05-29 12:12:00,2025-05-29 12:13:35,2025-05-29 12:11:35,6.19817,318,100.8032,19.1473705263158,"2025-05-06-KT01 (2).json",FALSE,2025-05-29,"",1,FALSE,TRUE,"single",NA,6.10250002667085,"HM",5.75583569607327,6.10250002667085,0.0715714494624405,0.998909351741442,1.06022832285398,0.624820482217041,0.101155535904495,FALSE,"emission","",NA,NA,-0.454053771306127,"HM",-0.411391777540735,-0.454053771306127,0.0170879171844093,0.990463469554857,1.10370161995075,0.136286346792209,0.0220641269590181,FALSE,"uptake","",FALSE,NA,-0.0277868872814998,"HM",-0.0199927202065888,-0.0277868872814998,0.154915171232355,-0.00628157204184632,1.38985025521151,0.974290126088111,0.15795512029581,TRUE,"below detection","SE | AICc | p-value | MDF | Intercept",FALSE,NA,"control"
"2025-05-29-2B_1",2025-05-29,2,"B",2025-05-29 12:15:56,2025-05-29 12:17:31,2025-05-29 12:15:31,6.08687,318,100.796979166667,19.279903125,"2025-05-06-KT01 (2).json",FALSE,2025-05-29,"",1,FALSE,TRUE,"single",NA,7.58794770877072,"HM",7.4848643271498,7.58794770877072,0.0706105760003306,0.999530777095309,1.01377224450776,0.624820482217041,0.0992088635375586,FALSE,"emission","AICc",NA,NA,-0.455087498124654,"HM",-0.448537977756167,-0.455087498124654,0.0148801899324245,0.993623555587521,1.01460193047922,0.136286346792209,0.0216395172145525,FALSE,"uptake","AICc",FALSE,NA,0.280009535836389,"HM",0.228120657870748,0.280009535836389,0.139069043540217,0.374159484418242,1.22746242470965,0.974290126088111,0.154954458182422,FALSE,"emission","SE | AICc",FALSE,NA,"control"
"2025-05-29-2C_1",2025-05-29,2,"C",2025-05-29 12:08:40,2025-05-29 12:10:15,2025-05-29 12:08:15,6.24587,318,100.808822916667,19.3533739583333,"2025-05-06-KT01 (2).json",FALSE,2025-05-29,"",1,FALSE,TRUE,"single",NA,7.83727241939899,"HM",7.71174516108142,7.83727241939899,0.0618114759847244,0.999618991032448,1.01627741266025,0.624820482217041,0.101865514069473,FALSE,"emission","AICc",NA,NA,-0.434947250106994,"HM",-0.41977138088127,-0.434947250106994,0.0143287834284458,0.993337856194408,1.0361527010104,0.136286346792209,0.0222189879681575,FALSE,"uptake","AICc",FALSE,NA,0.0841269638040207,"HM",0.0840596187955118,0.0841269638040207,0.127103402383266,0.0590540796734133,1.00080115767207,0.974290126088111,0.159067232041495,TRUE,"below detection","SE | AICc",FALSE,NA,"control"
"2025-05-29-3A_1",2025-05-29,3,"A",2025-05-29 14:56:26,2025-05-29 14:58:00,2025-05-29 14:56:01,5.98352,318,100.594736842105,23.3568747368421,"2025-05-06-KT01 (2).json",FALSE,2025-05-29,"",1,FALSE,TRUE,"single",NA,8.61230545748478,"HM",7.78833808078806,8.61230545748478,0.151765775947125,0.997380521755968,1.10579501918763,0.624820482217041,0.0968777493997629,FALSE,"emission","",NA,NA,-0.330941940008932,"HM",-0.32822583143151,-0.330941940008932,0.0157157174078889,0.986933281646369,1.008275121326,0.136286346792209,0.0211310527214095,FALSE,"uptake","AICc",TRUE,"convex (accelerating) trace",0.139163216318091,"LM",0.139163216318091,0.369195911289523,0.0369358787964554,0.123097876985387,2.65297052667738,0.974290126088111,0.151228055806359,TRUE,"below detection","SE | AICc | g-fact. > 2 | Intercept",FALSE,NA,"compost"
"2025-05-29-3B_1",2025-05-29,3,"B",2025-05-29 15:05:17,2025-05-29 15:06:51,2025-05-29 15:04:52,6.68312,318,100.578947368421,22.4411294736842,"2025-05-06-KT01 (2).json",FALSE,2025-05-29,"",1,FALSE,TRUE,"single",NA,11.3523514218015,"HM",10.0960470542657,11.3523514218015,0.146720543981682,0.997991721566573,1.12443527261543,0.624820482217041,0.108656595569441,FALSE,"emission","",NA,NA,-0.370620952811596,"HM",-0.367954889918999,-0.370620952811596,0.0170181817452127,0.987767273475968,1.00724562430244,0.136286346792209,0.0237002641342569,FALSE,"uptake","AICc",TRUE,"convex (accelerating) trace",0.090155410598611,"LM",0.090155410598611,0.373517567441934,0.0595117895754938,0.0135890991967799,4.14304105501671,0.974290126088111,0.169501290879008,TRUE,"below detection","SE | g-fact. > 2 | p-value | Intercept",FALSE,NA,"compost"
"2025-05-29-3C_1",2025-05-29,3,"C",2025-05-29 14:59:54,2025-05-29 15:01:29,2025-05-29 14:59:29,6.38102,318,100.591833333333,23.0002260416667,"2025-05-06-KT01 (2).json",FALSE,2025-05-29,"",1,FALSE,TRUE,"single",NA,8.40075468471645,"HM",7.93055266423863,8.40075468471645,0.203992156516592,0.996146377026725,1.05928994363761,0.624820482217041,0.102469993177091,FALSE,"emission","",NA,NA,-0.43476257426654,"HM",-0.426433992452378,-0.43476257426654,0.0198591314163087,0.98751434609431,1.01953076434237,0.136286346792209,0.0223508374379398,FALSE,"uptake","AICc",FALSE,NA,0.034005515665746,"HM",0.0228291099587678,0.034005515665746,0.138678729121648,-0.00318749525510476,1.48956817533247,0.974290126088111,0.159862015513635,TRUE,"below detection","SE | AICc | p-value | Intercept",FALSE,NA,"compost"
"2025-05-29-4A_1",2025-05-29,4,"A",2025-05-29 11:51:24,2025-05-29 11:52:59,2025-05-29 11:50:59,6.18227,318,100.823852631579,19.6405515789474,"2025-05-06-KT01 (2).json",FALSE,2025-05-29,"",1,FALSE,TRUE,"single",NA,5.13271157110077,"HM",4.85400955242154,5.13271157110077,0.0906093273977193,0.997895293681799,1.05741686654493,0.624820482217041,0.100733366552183,FALSE,"emission","",NA,NA,-0.350188226469422,"HM",-0.346028159607481,-0.350188226469422,0.0155395900447931,0.988497834617673,1.01202233617825,0.136286346792209,0.0219720430398898,FALSE,"uptake","AICc",FALSE,NA,0.0142942141266355,"HM",0.0142993533181294,0.0142942141266355,0.0976658023153597,-0.00815275784457214,0.99964059972646,0.974290126088111,0.157284181999712,TRUE,"below detection","SE | AICc | p-value | MDF | Intercept",FALSE,NA,"compost"
"2025-05-29-4B_1",2025-05-29,4,"B",2025-05-29 11:43:28,2025-05-29 11:45:03,2025-05-29 11:43:03,6.19022,318,100.833515789474,19.1236652631579,"2025-05-06-KT01 (2).json",FALSE,2025-05-29,"",1,FALSE,TRUE,"single",NA,6.97459237717754,"HM",6.27156374780736,6.97459237717754,0.0654826877395965,0.998681270795341,1.1120978208371,0.624820482217041,0.101018978929946,FALSE,"emission","",NA,NA,-0.501905713251151,"HM",-0.412199522378138,-0.501905713251151,0.0175703109801092,0.989445942221492,1.21762808058453,0.136286346792209,0.0220343410417508,FALSE,"uptake","",FALSE,NA,0.100251318221118,"LM",0.100251318221118,0.258021073997415,0.0288615425077041,0.104326063047085,2.57374245621704,0.974290126088111,0.157759432309831,TRUE,"below detection","SE | AICc | g-fact. > 2 | Intercept",FALSE,NA,"compost"
"2025-05-29-4C_1",2025-05-29,4,"C",2025-05-29 11:47:14,2025-05-29 11:48:49,2025-05-29 11:46:49,6.11072,318,100.826094736842,19.7719042105263,"2025-05-06-KT01 (2).json",FALSE,2025-05-29,"",1,FALSE,TRUE,"single",NA,9.37423928549762,"HM",7.7786725087118,9.37423928549762,0.104362007887985,0.996680344076552,1.20512070343608,0.624820482217041,0.0993905613005814,FALSE,"emission","",NA,NA,-0.462490406391014,"HM",-0.387612324259306,-0.462490406391014,0.0190627578363341,0.986794171899968,1.19317776408373,0.136286346792209,0.0216791492769567,FALSE,"uptake","",FALSE,NA,0.066698398172992,"HM",0.0667108997094207,0.066698398172992,0.100226065356465,0.0601345269181778,0.999812601291796,0.974290126088111,0.155285967965182,TRUE,"below detection","SE | AICc | Intercept",FALSE,NA,"compost"
"2025-05-29-5A_1",2025-05-29,5,"A",2025-05-29 12:19:17,2025-05-29 12:20:52,2025-05-29 12:18:52,6.04712,318,100.796041666667,19.06385,"2025-05-06-KT01 (2).json",FALSE,2025-05-29,"",1,FALSE,TRUE,"single",NA,8.01608077328563,"HM",7.63095613621869,8.01608077328563,0.0888003240684132,0.999080076809002,1.05046872635515,0.624820482217041,0.0987059975278298,FALSE,"emission","",NA,NA,-0.411896356401309,"HM",-0.405830493134931,-0.411896356401309,0.0139901491497501,0.993127789978568,1.01494679027079,0.136286346792209,0.0215298316755177,FALSE,"uptake","AICc",FALSE,NA,0.0522030558891091,"HM",0.0520857714920944,0.0522030558891091,0.117328601513578,0.022125255035171,1.00225175501207,0.974290126088111,0.154116612128358,TRUE,"below detection","SE | AICc | p-value | Intercept",FALSE,NA,"control"
"2025-05-29-5B_1",2025-05-29,5,"B",2025-05-29 12:26:42,2025-05-29 12:28:16,2025-05-29 12:26:17,6.19817,318,100.786210526316,19.4831442105263,"2025-05-06-KT01 (2).json",FALSE,2025-05-29,"",1,FALSE,TRUE,"single",NA,5.06083700852129,"HM",4.99691384869021,5.06083700852129,0.0557044394302198,0.999334792242957,1.01279252790156,0.624820482217041,0.102075132792359,FALSE,"emission","AICc",NA,NA,-0.450566216645809,"HM",-0.446104489867652,-0.450566216645809,0.0144269374941538,0.994039219877817,1.01000152851965,0.136286346792209,0.0222647101728138,FALSE,"uptake","AICc",TRUE,"convex (accelerating) trace",-0.0491719677550034,"LM",-0.0491719677550034,-0.121867667528435,0.028228941966238,0.0211821623994867,2.47839720662867,0.974290126088111,0.15937960451761,TRUE,"below detection","SE | AICc | g-fact. > 2 | p-value | Intercept (LM)",FALSE,NA,"control"
"2025-05-29-5C_1",2025-05-29,5,"C",2025-05-29 12:23:16,2025-05-29 12:24:51,2025-05-29 12:22:51,6.32537,318,100.794494736842,19.2289610526316,"2025-05-06-KT01 (2).json",FALSE,2025-05-29,"",1,FALSE,TRUE,"single",NA,7.37369870672345,"HM",6.9933392331964,7.37369870672345,0.0588845502936385,0.999423384476619,1.05438882068262,0.624820482217041,0.103160153997115,FALSE,"emission","",NA,NA,-0.59424254692914,"HM",-0.509207370280539,-0.59424254692914,0.0178508205064206,0.992664978470601,1.16699518037564,0.136286346792209,0.0225013758718377,FALSE,"uptake","",FALSE,NA,0.0776674916709074,"HM",0.0604426410739198,0.0776674916709074,0.134683738099348,0.0369936893818421,1.28497845711146,0.974290126088111,0.161085590540731,TRUE,"below detection","SE | AICc | Intercept",FALSE,NA,"control"
"2025-05-29-6A_1",2025-05-29,6,"A",2025-05-29 14:46:51,2025-05-29 14:48:26,2025-05-29 14:46:26,6.14252,318,100.605979166667,24.3808760416667,"2025-05-06-KT01 (2).json",FALSE,2025-05-29,"",1,FALSE,TRUE,"single",NA,10.035541364499,"HM",9.57847793996004,10.035541364499,0.0784148358100323,0.999475532999403,1.04771775092076,0.624820482217041,0.0980373075748191,FALSE,"emission","",NA,NA,-0.385847780468113,"HM",-0.382425696647853,-0.385847780468113,0.0161320525208663,0.989715689058915,1.00894836264994,0.136286346792209,0.0213839764844249,FALSE,"uptake","AICc",TRUE,"convex (accelerating) trace",0.335151233615863,"HM",0.296077445813754,0.335151233615863,0.196269803888253,0.308606662231048,1.1319715106793,0.974290126088111,0.152958624135146,FALSE,"emission","SE | AICc | Intercept",FALSE,NA,"slurry"
"2025-05-29-6B_1",2025-05-29,6,"B",2025-05-29 14:51:41,2025-05-29 14:53:16,2025-05-29 14:51:16,5.99147,318,100.594041666667,23.5763302083333,"2025-05-06-KT01 (2).json",FALSE,2025-05-29,"",1,FALSE,TRUE,"single",NA,11.2598048601939,"HM",10.7885605188466,11.2598048601939,0.12306994060188,0.999139758942446,1.04368000165768,0.624820482217041,0.0958895300020957,FALSE,"emission","",NA,NA,-0.315759955322957,"HM",-0.310340509885095,-0.315759955322957,0.0127605481013677,0.990262266640732,1.01746290047622,0.136286346792209,0.0209155015105091,FALSE,"uptake","AICc",FALSE,NA,0.598640000994048,"HM",0.341737037292935,0.598640000994048,0.172542437351068,0.591638816491177,1.75175627943686,0.974290126088111,0.149595802208818,FALSE,"emission","SE | Intercept (LM)",FALSE,NA,"slurry"
"2025-05-29-6C_1",2025-05-29,6,"C",2025-05-29 14:43:38,2025-05-29 14:44:58,2025-05-29 14:43:13,6.38102,318,100.612263157895,24.5292652631579,"2025-05-06-KT01 (2).json",FALSE,2025-05-29,"",1,FALSE,TRUE,"single",80,21.0107712542891,"HM",19.3676591394916,21.0107712542891,0.24050540039019,0.998852614815354,1.08483793023015,0.624820482217041,0.120419092520574,FALSE,"emission","",NA,NA,0.227510122380258,"HM",0.225904284815337,0.227510122380258,0.0243091563367106,0.945500355681241,1.00710848652664,0.136286346792209,0.0262659094423881,FALSE,"emission","AICc",FALSE,NA,1.16733705821488,"HM",1.16413831810737,1.16733705821488,0.146546692835703,0.926464775276798,1.00274773199864,0.974290126088111,0.187870554530265,FALSE,"emission","SE | AICc",TRUE,"convex (accelerating) trace","slurry"
"2025-05-29-7A_1",2025-05-29,7,"A",2025-05-29 11:39:46,2025-05-29 11:41:21,2025-05-29 11:39:21,6.18227,318,100.841625,19.0474572916667,"2025-05-06-KT01 (2).json",FALSE,2025-05-29,"",1,FALSE,TRUE,"single",NA,8.60232688220495,"HM",8.41873907319471,8.60232688220495,0.0605369875967011,0.999670781409655,1.02180704347932,0.624820482217041,0.100864528544107,FALSE,"emission","",NA,NA,-0.317088937963551,"HM",-0.300811923973173,-0.317088937963551,0.0159611323013479,0.984459701287023,1.05411026855382,0.136286346792209,0.022000652199202,FALSE,"uptake","AICc",FALSE,NA,0.0341265237240893,"HM",0.0340878830379361,0.0341265237240893,0.109524622104699,0.00554071805830447,1.0011335607468,0.974290126088111,0.157594751879371,TRUE,"below detection","SE | AICc | p-value",FALSE,NA,"control"
"2025-05-29-7B_1",2025-05-29,7,"B",2025-05-29 11:32:39,2025-05-29 11:34:14,2025-05-29 11:32:14,6.34127,318,100.851052083333,19.0544145833333,"2025-05-06-KT01 (2).json",FALSE,2025-05-29,"",1,FALSE,TRUE,"single",NA,8.39860948779564,"HM",8.01940701341272,8.39860948779564,0.0723119467039711,0.999398251437661,1.04728560026305,0.624820482217041,0.103511218557692,FALSE,"emission","",NA,NA,-0.482249448253651,"HM",-0.460478368227175,-0.482249448253651,0.015782733963216,0.99332647413624,1.04727926766743,0.136286346792209,0.0225779503565272,FALSE,"uptake","",FALSE,NA,0.326457798746909,"HM",0.210007124498976,0.326457798746909,0.158684254246338,0.354817578766278,1.55450820787988,0.974290126088111,0.161646798928619,FALSE,"emission","SE | AICc | Intercept",FALSE,NA,"control"
"2025-05-29-7C_1",2025-05-29,7,"C",2025-05-29 11:36:04,2025-05-29 11:37:39,2025-05-29 11:35:39,6.23792,318,100.848052083333,18.9188177083333,"2025-05-06-KT01 (2).json",FALSE,2025-05-29,"",1,FALSE,TRUE,"single",NA,8.92218846454819,"HM",7.8042308857404,8.92218846454819,0.0864947907362253,0.998151266532018,1.1432501927705,0.624820482217041,0.101860766302179,FALSE,"emission","",NA,NA,-0.320697466833968,"HM",-0.294040627093351,-0.320697466833968,0.0152002901561843,0.985630197948791,1.09065699527349,0.136286346792209,0.0222179523813318,FALSE,"uptake","",FALSE,NA,0.0658316097901014,"HM",0.0658595608429594,0.0658316097901014,0.109487076362335,0.0480403275702853,0.999575596124538,0.974290126088111,0.159144460940886,TRUE,"below detection","SE | AICc | Intercept",TRUE,"convex (accelerating) trace","control"
"2025-05-29-8A_1",2025-05-29,8,"A",2025-05-29 12:31:52,2025-05-29 12:33:27,2025-05-29 12:31:27,6.23792,318,100.784747368421,19.6247178947368,"2025-05-06-KT01 (2).json",FALSE,2025-05-29,"",1,FALSE,TRUE,"single",NA,7.42059492499338,"HM",6.36183414267864,7.42059492499338,0.0649810316249676,0.997806588702529,1.16642382661503,0.624820482217041,0.101538839655066,FALSE,"emission","",NA,NA,-0.492082986702856,"HM",-0.44396210302201,-0.492082986702856,0.0176170329967271,0.991210313046623,1.10838962008985,0.136286346792209,0.0221477334817937,FALSE,"uptake","",FALSE,NA,0.0718747065211022,"LM",0.0718747065211022,0.20115089032468,0.0298887598921908,0.0479318821534255,2.7986325101115,0.974290126088111,0.158582980167064,TRUE,"below detection","SE | AICc | g-fact. > 2 | Intercept (HM)",FALSE,NA,"compost"
"2025-05-29-8B_1",2025-05-29,8,"B",2025-05-29 12:35:24,2025-05-29 12:36:59,2025-05-29 12:34:59,6.34922,318,100.7753125,19.6906333333333,"2025-05-06-KT01 (2).json",FALSE,2025-05-29,"",1,FALSE,TRUE,"single",NA,8.58096115603156,"HM",7.44785769236785,8.58096115603156,0.0773593615090675,0.998050738995006,1.15213817321253,0.624820482217041,0.103311968770351,FALSE,"emission","",NA,NA,-0.471918659856519,"HM",-0.420599404219213,-0.471918659856519,0.0176124775789904,0.990307773206548,1.12201457044993,0.136286346792209,0.0225344898324427,FALSE,"uptake","",FALSE,NA,0.118903974257811,"HM",0.0716414118955229,0.118903974257811,0.177991498508095,0.0444133214902963,1.65971009101849,0.974290126088111,0.161367571081124,TRUE,"below detection","SE | AICc | Intercept",FALSE,NA,"compost"
"2025-05-29-8C_1",2025-05-29,8,"C",2025-05-29 12:39:09,2025-05-29 12:40:44,2025-05-29 12:38:44,6.29357,318,100.767166666667,21.1792458333333,"2025-05-06-KT01 (2).json",FALSE,2025-05-29,"",1,FALSE,TRUE,"single",NA,9.38349862097041,"HM",8.58757967274979,9.38349862097041,0.0827957315390356,0.998966444854326,1.09268256930952,0.624820482217041,0.101716416982032,FALSE,"emission","",NA,NA,-0.64905053868785,"HM",-0.593130786531265,-0.64905053868785,0.0150345356197464,0.996086987625273,1.09427895740097,0.136286346792209,0.0221864667913668,FALSE,"uptake","",FALSE,NA,0.0181935969733611,"HM",0.0129201068769732,0.0181935969733611,0.129955648845044,-0.00841284530998054,1.40816149174327,0.974290126088111,0.158939168509965,TRUE,"below detection","SE | AICc | p-value | MDF | Intercept",FALSE,NA,"compost"
"2025-05-29-9A_1",2025-05-29,9,"A",2025-05-29 14:39:42,2025-05-29 14:41:16,2025-05-29 14:39:17,6.20612,318,100.605736842105,24.9075989473684,"2025-05-06-KT01 (2).json",FALSE,2025-05-29,"",1,FALSE,TRUE,"single",NA,8.58445223939568,"HM",7.36728991946952,8.58445223939568,0.129677727000851,0.996918376173634,1.16521167664511,0.624820482217041,0.0999970265419411,FALSE,"emission","",NA,NA,-0.427595047592992,"HM",-0.378455469109006,-0.427595047592992,0.0182346414623867,0.987656370091262,1.12984243192383,0.136286346792209,0.0218114319638304,FALSE,"uptake","",FALSE,NA,0.0392303840625575,"HM",0.0392681149038886,0.0392303840625575,0.111217400820834,0.00899508268108173,0.999039148137784,0.974290126088111,0.156018210096822,TRUE,"below detection","SE | AICc | p-value | Intercept",TRUE,"convex (accelerating) trace","compost"
"2025-05-29-9B_1",2025-05-29,9,"B",2025-05-29 14:32:14,2025-05-29 14:33:49,2025-05-29 14:31:49,6.24587,318,100.613739583333,25.9098552083333,"2025-05-06-KT01 (2).json",FALSE,2025-05-29,"",1,FALSE,TRUE,"single",NA,8.13473529154432,"HM",7.93168096975478,8.13473529154432,0.108932421522651,0.998869438017466,1.02560041466164,0.624820482217041,0.0990961646258388,FALSE,"emission","",NA,NA,-0.418457083310649,"HM",-0.415215590798247,-0.418457083310649,0.0161176934889492,0.991319852167983,1.00780676974622,0.136286346792209,0.0216149352371639,FALSE,"uptake","AICc",TRUE,"convex (accelerating) trace",0.144244325721814,"HM",0.144303332492538,0.144244325721814,0.129702073194206,0.16329276488746,0.99959109211337,0.974290126088111,0.154661175767815,TRUE,"below detection","SE | AICc",TRUE,"convex (accelerating) trace","compost"
"2025-05-29-9C_1",2025-05-29,9,"C",2025-05-29 14:35:41,2025-05-29 14:37:16,2025-05-29 14:35:16,6.17432,318,100.604927083333,25.6855364583333,"2025-05-06-KT01 (2).json",FALSE,2025-05-29,"",1,FALSE,TRUE,"single",NA,8.62300010329126,"HM",8.32026285714233,8.62300010329126,0.114887529006945,0.998830409879617,1.03638553869594,0.624820482217041,0.0979629346461934,FALSE,"emission","",NA,NA,-0.549478604941604,"HM",-0.543492410578784,-0.549478604941604,0.0146548309937892,0.995833926001766,1.01101431086488,0.136286346792209,0.0213677542013354,FALSE,"uptake","AICc",TRUE,"convex (accelerating) trace",-0.00269290302120736,"HM",-0.00270418995117037,-0.00269290302120736,0.077275195466444,-0.0105518675543383,0.995826132717441,0.974290126088111,0.152875379681305,TRUE,"below detection","SE | AICc | p-value | MDF | Intercept",FALSE,NA,"compost"
"2025-05-29-10B_1",2025-05-29,10,"B",2025-05-29 11:27:36,2025-05-29 11:29:11,2025-05-29 11:27:11,6.00737,318,100.86140625,19.2977,"2025-05-06-KT01 (2).json",FALSE,2025-05-29,"",1,FALSE,TRUE,"single",NA,5.5267100478432,"HM",4.9851336904113,5.5267100478432,0.0646869830568383,0.998398676916852,1.10863828155173,0.624820482217041,0.0980196614361769,FALSE,"emission","",NA,NA,-0.363050701547867,"HM",-0.317465419061959,-0.363050701547867,0.0155622210069399,0.987113699696389,1.14359133231141,0.136286346792209,0.0213801274944526,FALSE,"uptake","",FALSE,NA,-0.0134961947682298,"HM",-0.00966290106703149,-0.0134961947682298,0.137932531242318,-0.00959781538599191,1.39670215752048,0.974290126088111,0.153057787682321,TRUE,"below detection","SE | AICc | p-value | MDF | Intercept",FALSE,NA,"control"
"2025-05-29-10Creal_1",2025-05-29,10,"C",2025-05-29 11:23:34,2025-05-29 11:25:09,2025-05-29 11:23:09,5.99544,318,100.869145833333,19.0573614583333,"2025-05-06-KT01 (2).json",FALSE,2025-05-29,"",2,FALSE,TRUE,"repeat: last kept",NA,5.79541839228382,"HM",5.73353378052128,5.79541839228382,0.0657091517783162,0.99930779176687,1.01079345027543,0.624820482217041,0.0978822316275049,FALSE,"emission","AICc",NA,NA,-0.327918796410175,"HM",-0.324929179608372,-0.327918796410175,0.0140685493843586,0.989172888383562,1.00920082587044,0.136286346792209,0.0213501511939034,FALSE,"uptake","AICc",TRUE,"convex (accelerating) trace",0.0647028811659977,"HM",0.0647626733522108,0.0647028811659977,0.104554241757903,0.0499445169199252,0.999076749258204,0.974290126088111,0.152798975402373,TRUE,"below detection","SE | AICc | Intercept",TRUE,"convex (accelerating) trace","control"
"2025-05-29-11A_1",2025-05-29,11,"A",2025-05-29 12:50:25,2025-05-29 12:52:00,2025-05-29 12:50:00,6.23394,318,100.765135416667,22.5799875,"2025-05-06-KT01 (2).json",FALSE,2025-05-29,"",1,FALSE,TRUE,"single",NA,11.3583046174899,"HM",10.3421136772713,11.3583046174899,0.0921445139796785,0.998980090029989,1.0982575682234,0.624820482217041,0.100149017055486,FALSE,"emission","",NA,NA,-0.322372940380563,"HM",-0.288344817647596,-0.322372940380563,0.0162697849364829,0.983244833525882,1.11801191022117,0.136286346792209,0.0218445842570532,FALSE,"uptake","",FALSE,NA,-0.0523062940362947,"HM",-0.0291865979807872,-0.0523062940362947,0.168300999341992,-0.00114959213345855,1.79213398117611,0.974290126088111,0.156477340273003,TRUE,"below detection","SE | AICc | p-value | Intercept",FALSE,NA,"slurry"
"2025-05-29-11B_1",2025-05-29,11,"B",2025-05-29 12:46:52,2025-05-29 12:48:27,2025-05-29 12:46:27,6.21407,318,100.77140625,21.7170541666667,"2025-05-06-KT01 (2).json",FALSE,2025-05-29,"",1,FALSE,TRUE,"single",NA,12.0135165575124,"HM",11.1694354476701,12.0135165575124,0.0620479810857491,0.999466400832256,1.07557061534551,0.624820482217041,0.100227159889175,FALSE,"emission","",NA,NA,-0.109227474136519,"HM",-0.108373410127459,-0.109227474136519,0.0150573952430657,0.897575335238933,1.00788075237326,0.136286346792209,0.0218616288348713,FALSE,"uptake","AICc | Intercept",FALSE,NA,0.0474351575909794,"HM",0.0474771149883018,0.0474351575909794,0.107951336915068,0.0204782265124709,0.9991162605956,0.974290126088111,0.156576080508597,TRUE,"below detection","SE | AICc | p-value | Intercept",TRUE,"convex (accelerating) trace","slurry"
"2025-05-29-11C_1",2025-05-29,11,"C",2025-05-29 12:43:37,2025-05-29 12:45:12,2025-05-29 12:43:12,5.95569,318,100.777833333333,20.7772572916667,"2025-05-06-KT01 (2).json",FALSE,2025-05-29,"",1,FALSE,TRUE,"single",NA,12.4097348465716,"HM",11.3998296544163,12.4097348465716,0.172361604720176,0.998297505768575,1.08858949850746,0.624820482217041,0.0964806665949718,FALSE,"emission","",NA,NA,-0.158341163352846,"HM",-0.157490833408235,-0.158341163352846,0.0157263096610705,0.944311801913971,1.00539923452184,0.136286346792209,0.0210444407002303,FALSE,"uptake","AICc",TRUE,"convex (accelerating) trace",0.173389749905347,"HM",0.169402895197001,0.173389749905347,0.117712511302702,0.257878654134973,1.02353474953134,0.974290126088111,0.150691196299453,FALSE,"emission","SE | AICc | Intercept",FALSE,NA,"slurry"
"2025-05-29-12A_1",2025-05-29,12,"A",2025-05-29 14:24:24,2025-05-29 14:25:59,2025-05-29 14:23:59,6.35319,318,100.61884375,24.6242229166667,"2025-05-06-KT01 (2).json",FALSE,2025-05-29,"",1,FALSE,TRUE,"single",NA,12.3488917282674,"HM",11.2575837147207,12.3488917282674,0.109180772324108,0.998913443736567,1.09693980886145,0.624820482217041,0.101264765025491,FALSE,"emission","",NA,NA,-0.398275743457867,"HM",-0.395063339098557,-0.398275743457867,0.0158486560004029,0.990696827536132,1.00813136538217,0.136286346792209,0.0220879521028597,FALSE,"uptake","AICc",TRUE,"convex (accelerating) trace",0.40974355163157,"HM",0.233807823399986,0.40974355163157,0.169929205599633,0.41160621263839,1.75248007390498,0.974290126088111,0.158098118607573,FALSE,"emission","SE | Intercept",FALSE,NA,"slurry"
"2025-05-29-12B_1",2025-05-29,12,"B",2025-05-29 14:28:43,2025-05-29 14:30:17,2025-05-29 14:28:18,6.09482,318,100.620547368421,24.7415789473684,"2025-05-06-KT01 (2).json",FALSE,2025-05-29,"",1,FALSE,TRUE,"single",NA,21.0513424352588,"HM",18.3622773732764,21.0513424352588,0.166482956370038,0.998306436646114,1.1464450736321,0.624820482217041,0.0979042818806412,FALSE,"emission","",NA,NA,-0.267839201643687,"HM",-0.265670465864429,-0.267839201643687,0.0150718490694205,0.981649673281779,1.00816325507693,0.136286346792209,0.0213549608128761,FALSE,"uptake","AICc | Intercept",FALSE,NA,1.1285329214571,"HM",0.912732823176458,1.1285329214571,0.12412559407884,0.923115052196413,1.23643293283748,0.974290126088111,0.152823182342816,FALSE,"emission","SE",FALSE,NA,"slurry"
"2025-05-29-12C_1",2025-05-29,12,"C",2025-05-29 14:20:36,2025-05-29 14:22:10,2025-05-29 14:20:11,5.85632,318,100.621663157895,25.4342168421053,"2025-05-06-KT01 (2).json",FALSE,2025-05-29,"",1,FALSE,TRUE,"single",NA,15.8294777608977,"HM",14.3513658151014,15.8294777608977,0.23623045260584,0.997950376621451,1.10299451389086,0.624820482217041,0.0937748094426055,FALSE,"emission","",NA,NA,-0.118348206509018,"HM",-0.116919332131394,-0.118348206509018,0.0118758218625604,0.943450945050837,1.01222102753733,0.136286346792209,0.0204542369589427,FALSE,"uptake","AICc | Intercept",FALSE,NA,1.98177975236848,"HM",1.86394120739838,1.98177975236848,0.109454199750275,0.981429698663479,1.06322009755586,0.974290126088111,0.146458388972108,FALSE,"emission","SE | AICc",FALSE,NA,"slurry"
"2025-05-29-13A_1",2025-05-29,13,"A",2025-05-29 11:07:20,2025-05-29 11:08:55,2025-05-29 11:06:55,6.37307,318,100.881677083333,18.8270239583333,"2025-05-06-KT01 (2).json",FALSE,2025-05-29,"",1,FALSE,TRUE,"single",NA,9.29438728237218,"HM",9.07988703615915,9.29438728237218,0.0900737585200859,0.999403618101856,1.02362366903452,0.624820482217041,0.104228368150077,FALSE,"emission","",NA,NA,-0.395276562165763,"HM",-0.39075062903464,-0.395276562165763,0.015846368146877,0.990489404857715,1.01158266371139,0.136286346792209,0.0227343756031883,FALSE,"uptake","AICc",FALSE,NA,0.0338234180464382,"HM",0.0338036187326027,0.0338234180464382,0.121596120780982,0.00239899152053946,1.0005857158073,0.974290126088111,0.162651457762179,TRUE,"below detection","SE | AICc | p-value | Intercept",FALSE,NA,"slurry"
"2025-05-29-13B_1",2025-05-29,13,"B",2025-05-29 11:11:41,2025-05-29 11:13:16,2025-05-29 11:11:16,6.29357,318,100.877572916667,19.4234854166667,"2025-05-06-KT01 (2).json",FALSE,2025-05-29,"",1,FALSE,TRUE,"single",NA,23.0534126903992,"HM",20.1058992258583,23.0534126903992,0.184625927978414,0.998283066227502,1.14659943489372,0.624820482217041,0.102566321157735,FALSE,"emission","",NA,NA,5.23473403332025,"HM",4.43040524891149,5.23473403332025,0.0432492738411201,0.997609239017794,1.18154745203193,0.136286346792209,0.0223718485746575,FALSE,"emission","",TRUE,"closure sigma = 0.24 ppb = 1.8x campaign sigma (disturbed closure?)",1.02101140783911,"HM",0.910387442106856,1.02101140783911,0.131585771064522,0.903707556416869,1.12151306203899,0.974290126088111,0.160130155476328,FALSE,"emission","SE | AICc",FALSE,NA,"slurry"
"2025-05-29-13C_1",2025-05-29,13,"C",2025-05-29 11:15:04,2025-05-29 11:16:38,2025-05-29 11:14:39,6.01532,318,100.8742,19.2665452631579,"2025-05-06-KT01 (2).json",FALSE,2025-05-29,"",1,FALSE,TRUE,"single",NA,16.6112336414536,"HM",14.8204283350854,16.6112336414536,0.087747391966325,0.998912396759609,1.12083357281441,0.624820482217041,0.0991254154818902,FALSE,"emission","",NA,NA,-0.0400203582886741,"HM",-0.0398807911648702,-0.0400203582886741,0.0136873884146014,0.588133831324562,1.00349960769903,0.136286346792209,0.0216213154574436,FALSE,"uptake","AICc | MDF | Intercept",FALSE,NA,1.19032510244957,"HM",1.0566012443932,1.19032510244957,0.189248743725132,0.861714526325427,1.12656038289371,0.974290126088111,0.154781142790763,FALSE,"emission","SE | AICc",FALSE,NA,"slurry"
"2025-05-29-14A_1",2025-05-29,14,"A",2025-05-29 12:54:49,2025-05-29 12:56:24,2025-05-29 12:54:24,5.99544,318,100.778364583333,22.8711354166667,"2025-05-06-KT01 (2).json",FALSE,2025-05-29,"",1,FALSE,TRUE,"single",NA,8.93027691274808,"HM",7.77860377003686,8.93027691274808,0.0886671325748478,0.99803735295893,1.14805653774877,0.624820482217041,0.0961765424974809,FALSE,"emission","",NA,NA,-0.0787613790792786,"HM",-0.0554098163708873,-0.0787613790792786,0.0163299491755427,0.759062744063199,1.42143367796217,0.136286346792209,0.0209781049071534,FALSE,"uptake","Intercept",FALSE,NA,-0.000320162486487471,"HM",-0.000327963582074478,-0.000320162486487471,0.0255250447361761,-0.0106361601552163,0.976213530972974,0.974290126088111,0.150308593936182,TRUE,"below detection","AICc | p-value | MDF | Intercept",FALSE,NA,"compost"
"2025-05-29-14B_1",2025-05-29,14,"B",2025-05-29 12:59:26,2025-05-29 13:01:00,2025-05-29 12:59:01,6.33332,318,100.787778947368,24.3523747368421,"2025-05-06-KT01 (2).json",FALSE,2025-05-29,"",1,FALSE,TRUE,"single",NA,7.89308634062424,"HM",6.79994092959649,7.89308634062424,0.13211652838435,0.996689585865095,1.16075807456942,0.624820482217041,0.101973536113246,FALSE,"emission","",NA,NA,-0.286219679118415,"HM",-0.283843714617182,-0.286219679118415,0.0144856539148101,0.985118349993876,1.00837067857725,0.136286346792209,0.022242549823343,FALSE,"uptake","AICc",FALSE,NA,0.133816828503269,"HM",0.133717616111307,0.133816828503269,0.1184685028128,0.170155583734903,1.00074195453708,0.974290126088111,0.159436153936929,TRUE,"below detection","SE | AICc | Intercept",FALSE,NA,"compost"
"2025-05-29-14C_1",2025-05-29,14,"C",2025-05-29 13:02:52,2025-05-29 13:04:27,2025-05-29 13:02:27,6.47244,318,100.777,24.6634916666667,"2025-05-06-KT01 (2).json",FALSE,2025-05-29,"",1,FALSE,TRUE,"single",NA,7.98642768605746,"HM",7.47010852143364,7.98642768605746,0.0901730606223331,0.998900280835236,1.06911802728734,0.624820482217041,0.10299399628125,FALSE,"emission","",NA,NA,-0.191916000899237,"HM",-0.173669014776598,-0.191916000899237,0.0170171839307022,0.952107406911764,1.10506759738409,0.136286346792209,0.0224651334170348,FALSE,"uptake","AICc",FALSE,NA,0.149438797995566,"HM",0.0770373776217294,0.149438797995566,0.196938905167567,0.0542817647661015,1.93982197485153,0.974290126088111,0.160993404699017,TRUE,"below detection","SE | AICc | Intercept",FALSE,NA,"compost"
"2025-05-29-15A_1",2025-05-29,15,"A",2025-05-29 14:13:07,2025-05-29 14:14:42,2025-05-29 14:12:42,6.01532,318,100.6385,24.2109416666667,"2025-05-06-KT01 (2).json",FALSE,2025-05-29,"",1,FALSE,TRUE,"single",NA,8.56745228408116,"HM",8.42380775108597,8.56745228408116,0.127304049510603,0.998655951672042,1.01705220931433,0.624820482217041,0.0959987295367039,FALSE,"emission","AICc",NA,NA,-0.265551152252752,"HM",-0.262285747783779,-0.265551152252752,0.0159684182565394,0.978742057906798,1.01244979758361,0.136286346792209,0.0209393202009437,FALSE,"uptake","AICc",FALSE,NA,0.133768093225568,"HM",0.13368431566636,0.133768093225568,0.11649858414527,0.173116006296381,1.00062668203664,0.974290126088111,0.149960869048544,TRUE,"below detection","SE | AICc | Intercept",FALSE,NA,"control"
"2025-05-29-15B_1",2025-05-29,15,"B",2025-05-29 14:09:51,2025-05-29 14:11:26,2025-05-29 14:09:26,6.35319,318,100.624333333333,24.5535875,"2025-05-06-KT01 (2).json",FALSE,2025-05-29,"",1,FALSE,TRUE,"single",NA,7.21185069652652,"HM",7.09248296395849,7.21185069652652,0.111075792135166,0.998557887617163,1.0168301754371,0.624820482217041,0.101186313926115,FALSE,"emission","AICc",NA,NA,-0.278600389080356,"HM",-0.276887398972579,-0.278600389080356,0.0152423073235384,0.982491923589754,1.00618659467399,0.136286346792209,0.0220708402858815,FALSE,"uptake","AICc",TRUE,"convex (accelerating) trace",0.121206764091032,"LM",0.121206764091032,0.299707202816935,0.0301008620837004,0.138042193599147,2.47269370702645,0.974290126088111,0.158032649709974,TRUE,"below detection","SE | AICc | g-fact. > 2 | Intercept",FALSE,NA,"control"
"2025-05-29-15C_1",2025-05-29,15,"C",2025-05-29 14:16:23,2025-05-29 14:17:58,2025-05-29 14:15:58,6.25382,318,100.62621875,25.0840697916667,"2025-05-06-KT01 (2).json",FALSE,2025-05-29,"",1,FALSE,TRUE,"single",NA,8.97428370396282,"HM",7.73113147847665,8.97428370396282,0.256992700794164,0.9932440911834,1.16079822584147,0.624820482217041,0.0994899212148279,FALSE,"emission","",NA,NA,-0.306336764836116,"HM",-0.274998663047559,-0.306336764836116,0.0200854613934484,0.972810883867768,1.11395728779648,0.136286346792209,0.0217008217414736,FALSE,"uptake","",FALSE,NA,0.072835207841292,"HM",0.0388541670487904,0.072835207841292,0.154784687414906,0.0133215720740559,1.8745790573719,0.974290126088111,0.155356256663076,TRUE,"below detection","SE | AICc | p-value",FALSE,NA,"control"
"2025-05-30-1A_1",2025-05-30,1,"A",2025-05-30 12:53:03,2025-05-30 12:54:38,2025-05-30 12:52:38,6.22291,318,99.440359375,30.9401354166667,"2025-05-30_hudsoncarbonfieldfluxes.json",FALSE,2025-05-30,"",1,FALSE,TRUE,"single",NA,16.5051357619324,"HM",14.8576054058179,16.5051357619324,0.214622102807816,0.998164877848332,1.11088801399109,0.818242259010849,0.125218694129829,FALSE,"emission","",NA,NA,-0.180218249708572,"HM",-0.179512225993007,-0.180218249708572,0.0152360401822027,0.959115993519621,1.00393301186958,0.136286346792447,0.0208564128595673,FALSE,"uptake","AICc",TRUE,"convex (accelerating) trace",0.641157341384763,"HM",0.609107348633141,0.641157341384763,0.104136529711798,0.860120053361168,1.05261797091029,0.944202294142433,0.14482169005454,FALSE,"emission","SE | AICc",FALSE,NA,"slurry"
"2025-05-30-1B_1",2025-05-30,1,"B",2025-05-30 12:49:50,2025-05-30 12:51:25,2025-05-30 12:49:25,6.22291,318,99.4523583333333,30.8637822916667,"2025-05-30_hudsoncarbonfieldfluxes.json",FALSE,2025-05-30,"",1,FALSE,TRUE,"single",NA,9.23002213008933,"HM",8.75354776723743,9.23002213008933,0.177368850842032,0.997542372725211,1.05443214288899,0.818242259010849,0.125327782401701,FALSE,"emission","",NA,NA,-0.290747571493645,"HM",-0.289094681919772,-0.290747571493645,0.0147920276181203,0.984857738411738,1.00571746793437,0.136286346792447,0.0208745825909489,FALSE,"uptake","AICc",TRUE,"convex (accelerating) trace",0.261248781934336,"LM",0.261248781934336,0.261781977934781,0.0227169366589624,0.58011804882377,1.00204095114434,0.944202294142433,0.145023577452234,FALSE,"emission","MAE | SE | AICc",TRUE,"convex (accelerating) trace","slurry"
"2025-05-30-1C_1",2025-05-30,1,"C",2025-05-30 12:46:35,2025-05-30 12:48:10,2025-05-30 12:46:10,6.00031,318,99.4516270833333,30.6087854166667,"2025-05-30_hudsoncarbonfieldfluxes.json",FALSE,2025-05-30,"",1,FALSE,TRUE,"single",NA,8.32726731665853,"HM",7.91762560900906,8.32726731665853,0.176702381092301,0.997067619685757,1.05173794870818,0.818242259010849,0.12086699348798,FALSE,"emission","",NA,NA,-0.368229056590869,"HM",-0.362526656607195,-0.368229056590869,0.0163489464430895,0.988260301022577,1.01572960189201,0.136286346792447,0.0201315940467026,FALSE,"uptake","AICc",FALSE,NA,0.0632522374375592,"HM",0.0633265567618234,0.0632522374375592,0.101359504240639,0.0512658800737135,0.998826411413086,0.944202294142433,0.139992863820382,TRUE,"below detection","SE | AICc | Intercept",TRUE,"convex (accelerating) trace","slurry"
"2025-05-30-2A_1",2025-05-30,2,"A",2025-05-30 12:35:09,2025-05-30 12:36:44,2025-05-30 12:34:44,6.18316,318,99.4538864583333,29.2814739583333,"2025-05-30_hudsoncarbonfieldfluxes.json",FALSE,2025-05-30,"",1,FALSE,TRUE,"single",NA,8.83054975539121,"HM",8.58483737531941,8.83054975539121,0.169589235726416,0.997709640061152,1.02862166973345,0.818242259010849,0.125147036854554,FALSE,"emission","",NA,NA,-0.374692015605108,"HM",-0.372460889523085,-0.374692015605108,0.0188027107255107,0.98528270809914,1.00599022916172,0.136286346792447,0.0208444776311422,FALSE,"uptake","AICc",TRUE,"convex (accelerating) trace",0.0827775054361635,"HM",0.0826628424779681,0.0827775054361635,0.106349573441627,0.0832705226336989,1.00138711608213,0.944202294142433,0.145008750483328,TRUE,"below detection","SE | AICc | Intercept",FALSE,NA,"control"
"2025-05-30-2B_1",2025-05-30,2,"B",2025-05-30 12:42:35,2025-05-30 12:44:10,2025-05-30 12:42:10,6.07186,318,99.4521760416667,29.1806291666667,"2025-05-30_hudsoncarbonfieldfluxes.json",FALSE,2025-05-30,"",1,FALSE,TRUE,"single",NA,12.1816436459643,"HM",11.8389148136783,12.1816436459643,0.158252706903513,0.998919504201465,1.02894934524658,0.818242259010849,0.122477896491099,FALSE,"emission","",NA,NA,-0.405477403659794,"HM",-0.402767273900194,-0.405477403659794,0.017718242620394,0.988840060876617,1.00672877350078,0.136286346792447,0.0203999058857874,FALSE,"uptake","AICc",TRUE,"convex (accelerating) trace",0.243504859508847,"HM",0.153047854234083,0.243504859508847,0.155248047402196,0.23728525610561,1.59103739629314,0.944202294142433,0.141990143044763,FALSE,"emission","SE | AICc | Intercept",FALSE,NA,"control"
"2025-05-30-2C_1",2025-05-30,2,"C",2025-05-30 12:38:56,2025-05-30 12:40:31,2025-05-30 12:38:31,6.23086,318,99.4460385416667,29.4215260416667,"2025-05-30_hudsoncarbonfieldfluxes.json",FALSE,2025-05-30,"",1,FALSE,TRUE,"single",NA,10.2889868493653,"HM",9.57656523988307,10.2889868493653,0.161895520783679,0.998107591980868,1.07439218463371,0.818242259010849,0.126129384768577,FALSE,"emission","",NA,NA,-0.385747761450039,"HM",-0.382902974215391,-0.385747761450039,0.0167215293222909,0.98899908492619,1.00742952503954,0.136286346792447,0.021008097399013,FALSE,"uptake","AICc",TRUE,"convex (accelerating) trace",0.0570799541168695,"LM",0.0570799541168695,0.140421934562708,0.027786669514184,0.0327818026450845,2.46009193131442,0.944202294142433,0.145934216957035,TRUE,"below detection","SE | AICc | g-fact. > 2 | Intercept",FALSE,NA,"control"
"2025-05-30-3A_1",2025-05-30,3,"A",2025-05-30 12:24:41,2025-05-30 12:26:16,2025-05-30 12:24:16,6.12751,318,99.4864260416667,28.2522583333333,"2025-05-30_hudsoncarbonfieldfluxes.json",FALSE,2025-05-30,"",1,FALSE,TRUE,"single",NA,8.78725548742356,"HM",8.34084467219757,8.78725548742356,0.163636753047434,0.997682520192384,1.05352105605251,0.818242259010849,0.12462463246378,FALSE,"emission","",NA,NA,-0.357250813463948,"HM",-0.353915953055691,-0.357250813463948,0.0181314057093269,0.984884473009541,1.00942274678342,0.136286346792447,0.0207574660093604,FALSE,"uptake","AICc",FALSE,NA,0.181808155461132,"HM",0.181264911064618,0.181808155461132,0.110307428278389,0.307014259782002,1.00299696390947,0.944202294142433,0.144188815006951,FALSE,"emission","SE | AICc | Intercept",FALSE,NA,"compost"
"2025-05-30-3B_1",2025-05-30,3,"B",2025-05-30 12:27:58,2025-05-30 12:29:33,2025-05-30 12:27:33,5.97646,318,99.473334375,28.5931833333333,"2025-05-30_hudsoncarbonfieldfluxes.json",FALSE,2025-05-30,"",1,FALSE,TRUE,"single",NA,13.4512446707882,"HM",12.8947531525649,13.4512446707882,0.24469963041541,0.997856343567228,1.04315643049845,0.818242259010849,0.121401895662033,FALSE,"emission","",NA,NA,-0.350650580510151,"HM",-0.347510730762425,-0.350650580510151,0.0168910719251163,0.986380868940454,1.00903525983453,0.136286346792447,0.0202206872979863,FALSE,"uptake","AICc",TRUE,"convex (accelerating) trace",1.17611181939011,"HM",0.824835322006349,1.17611181939011,0.148279707841232,0.889710117952273,1.42587470251554,0.944202294142433,0.140473716843636,FALSE,"emission","SE",FALSE,NA,"compost"
"2025-05-30-3C_1",2025-05-30,3,"C",2025-05-30 12:31:14,2025-05-30 12:32:49,2025-05-30 12:30:49,6.35011,318,99.46373125,29.6643364583333,"2025-05-30_hudsoncarbonfieldfluxes.json",FALSE,2025-05-30,"",1,FALSE,TRUE,"single",NA,9.19357935991332,"HM",8.65024977331583,9.19357935991332,0.18096210919182,0.997356429575057,1.06281085527421,0.818242259010849,0.128431079484249,FALSE,"emission","",NA,NA,-0.344657414157718,"HM",-0.342470035764767,-0.344657414157718,0.0162728065275549,0.986955141362447,1.00638706504079,0.136286346792447,0.0213914674349356,FALSE,"uptake","AICc | Intercept",TRUE,"convex (accelerating) trace",0.087969134965471,"HM",0.0879427390585062,0.087969134965471,0.0987332517041131,0.109242524973943,1.00030014879281,0.944202294142433,0.148598444031052,TRUE,"below detection","SE | AICc | Intercept",FALSE,NA,"compost"
"2025-05-30-4A_1",2025-05-30,4,"A",2025-05-30 12:57:24,2025-05-30 12:58:59,2025-05-30 12:56:59,6.16726,318,99.4300479166667,32.1796166666667,"2025-05-30_hudsoncarbonfieldfluxes.json",FALSE,2025-05-30,"",1,FALSE,TRUE,"single",NA,6.96967873089484,"HM",5.96412943655246,6.96967873089484,0.196263443232212,0.993244749642712,1.16859950895426,0.818242259010849,0.123965830062408,FALSE,"emission","",NA,NA,-0.296205469076052,"HM",-0.294501624381344,-0.296205469076052,0.0168428010456056,0.981144330017801,1.0057855188347,0.136286346792447,0.0206477359489139,FALSE,"uptake","AICc",TRUE,"convex (accelerating) trace",0.0586369973504177,"HM",0.0585371882755805,0.0586369973504177,0.0985315518559461,0.0465255388026987,1.00170505413358,0.944202294142433,0.143388996522213,TRUE,"below detection","SE | AICc | Intercept",FALSE,NA,"compost"
"2025-05-30-4B_1",2025-05-30,4,"B",2025-05-30 13:00:37,2025-05-30 13:02:12,2025-05-30 13:00:12,6.09571,318,99.4360802083333,30.0895541666667,"2025-05-30_hudsoncarbonfieldfluxes.json",FALSE,2025-05-30,"",1,FALSE,TRUE,"single",NA,9.4171983792947,"HM",8.53058382357841,9.4171983792947,0.197321114433439,0.996578281371814,1.10393363151367,0.818242259010849,0.122946356903496,FALSE,"emission","",NA,NA,-0.391344116918126,"HM",-0.388373050209058,-0.391344116918126,0.0176335346215046,0.988093013106032,1.00765003315104,0.136286346792447,0.0204779326040598,FALSE,"uptake","AICc",TRUE,"convex (accelerating) trace",0.143325695918827,"HM",0.143263692146682,0.143325695918827,0.103879796203963,0.234740412892451,1.00043279473826,0.944202294142433,0.142322012074191,FALSE,"emission","SE | AICc",TRUE,"convex (accelerating) trace","compost"
"2025-05-30-4C_1",2025-05-30,4,"C",2025-05-30 13:04:22,2025-05-30 13:05:57,2025-05-30 13:03:57,6.0973,318,99.43533125,30.3326354166667,"2025-05-30_hudsoncarbonfieldfluxes.json",FALSE,2025-05-30,"",1,FALSE,TRUE,"single",NA,12.2384497728816,"HM",11.3831137014584,12.2384497728816,0.175350744122274,0.998367857806663,1.07514078255352,0.818242259010849,0.122652072761565,FALSE,"emission","",NA,NA,-0.536797596572471,"HM",-0.529570274209919,-0.536797596572471,0.0147517975685579,0.995533907344008,1.01364752274537,0.136286346792447,0.0204289166675434,FALSE,"uptake","AICc",FALSE,NA,0.151671606857767,"LM",0.151671606857767,0.452616467229482,0.0296746123589899,0.209150084969224,2.98418719631508,0.944202294142433,0.141565800767798,FALSE,"emission","SE | g-fact. > 2 | Intercept",FALSE,NA,"compost"
"2025-05-30-5A_1",2025-05-30,5,"A",2025-05-30 13:08:01,2025-05-30 13:09:36,2025-05-30 13:07:36,6.03211,318,99.4322604166667,28.9958364583333,"2025-05-30_hudsoncarbonfieldfluxes.json",FALSE,2025-05-30,"",1,FALSE,TRUE,"single",NA,13.6784154090808,"HM",13.4957018115569,13.6784154090808,0.226473294741175,0.998412184950836,1.01353865105166,0.818242259010849,0.122263336633588,FALSE,"emission","AICc",NA,NA,-0.592600530026244,"HM",-0.589781128197283,-0.592600530026244,0.0241989205049199,0.990303748793926,1.00478042055631,0.136286346792447,0.0203641688179124,FALSE,"uptake","AICc",TRUE,"convex (accelerating) trace",0.116821358835288,"HM",0.116872081003847,0.116821358835288,0.112341601330392,0.145313690565579,0.999566002691801,0.944202294142433,0.141088239435099,TRUE,"below detection","SE | AICc | Intercept",TRUE,"convex (accelerating) trace","control"
"2025-05-30-5B_1",2025-05-30,5,"B",2025-05-30 13:11:12,2025-05-30 13:12:47,2025-05-30 13:10:47,6.18316,318,99.4307114583333,29.0319395833333,"2025-05-30_hudsoncarbonfieldfluxes.json",FALSE,2025-05-30,"",1,FALSE,TRUE,"single",NA,8.51298016152207,"HM",7.80991539979051,8.51298016152207,0.165451871419488,0.997125429147347,1.09002207139791,0.818242259010849,0.125770542000142,FALSE,"emission","",NA,NA,-0.535048811226305,"HM",-0.529699204734104,-0.535048811226305,0.018410212074385,0.993023423552887,1.01009932891043,0.136286346792447,0.0209483285842832,FALSE,"uptake","AICc",FALSE,NA,0.0775725494421717,"HM",0.0775787115675082,0.0775725494421717,0.101802681242482,0.0794415227235394,0.999920569377706,0.944202294142433,0.145196818093666,TRUE,"below detection","SE | AICc | Intercept",FALSE,NA,"control"
"2025-05-30-5C_1",2025-05-30,5,"C",2025-05-30 13:14:42,2025-05-30 13:16:17,2025-05-30 13:14:17,6.31036,318,99.4180239583333,29.05986875,"2025-05-30_hudsoncarbonfieldfluxes.json",FALSE,2025-05-30,"",1,FALSE,TRUE,"single",NA,10.7572411157834,"HM",10.1047276092743,10.7572411157834,0.190835875168904,0.997793762501032,1.06457507136662,0.818242259010849,0.127798812522981,FALSE,"emission","",NA,NA,-0.472754312322721,"HM",-0.467755546291638,-0.472754312322721,0.0167344167158595,0.992610315981111,1.01068670605985,0.136286346792447,0.0212861571146731,FALSE,"uptake","AICc",FALSE,NA,0.0949700369339751,"LM",0.0949700369339751,0.199506008114025,0.032334188975667,0.0743157809931365,2.10072581368716,0.944202294142433,0.147499926580815,TRUE,"below detection","SE | AICc | g-fact. > 2 | Intercept",FALSE,NA,"control"
"2025-05-30-6A_1",2025-05-30,6,"A",2025-05-30 13:18:21,2025-05-30 13:19:55,2025-05-30 13:17:56,5.96851,318,99.4074663157895,30.1115589473684,"2025-05-30_hudsoncarbonfieldfluxes.json",FALSE,2025-05-30,"",1,FALSE,TRUE,"single",NA,10.5641145232144,"HM",10.4217038188775,10.5641145232144,0.134531057119873,0.999092266037441,1.01366481976575,0.818242259010849,0.121925965346021,FALSE,"emission","AICc",NA,NA,-0.418801362455694,"HM",-0.416537412295692,-0.418801362455694,0.017881429720059,0.989484105605193,1.00543516642965,0.136286346792447,0.0203079762908351,FALSE,"uptake","AICc",TRUE,"convex (accelerating) trace",0.244186274521382,"HM",0.242887767573511,0.244186274521382,0.10121709681203,0.492476378808134,1.00534611915966,0.944202294142433,0.140711568704962,FALSE,"emission","SE | AICc | Intercept",FALSE,NA,"slurry"
"2025-05-30-6B_1",2025-05-30,6,"B",2025-05-30 13:21:37,2025-05-30 13:23:12,2025-05-30 13:21:12,6.66811,318,99.392134375,30.0315145833333,"2025-05-30_hudsoncarbonfieldfluxes.json",FALSE,2025-05-30,"",1,FALSE,TRUE,"single",NA,12.5403023726096,"HM",12.3324768458657,12.5403023726096,0.144738806640875,0.99917839220706,1.01685188866286,0.818242259010849,0.134666061623915,FALSE,"emission","AICc",NA,NA,-0.359483678530318,"HM",-0.356108621772617,-0.359483678530318,0.0177304029259883,0.985698716560162,1.00947760472886,0.136286346792447,0.0224299654210436,FALSE,"uptake","AICc",FALSE,NA,0.269774224504028,"HM",0.268946077833535,0.269774224504028,0.113842007179422,0.481136726640115,1.00307922940228,0.944202294142433,0.155453259178134,FALSE,"emission","SE | AICc",FALSE,NA,"slurry"
"2025-05-30-6C_1",2025-05-30,6,"C",2025-05-30 13:24:57,2025-05-30 13:26:32,2025-05-30 13:24:32,6.36601,318,99.4028427083333,30.7225739583333,"2025-05-30_hudsoncarbonfieldfluxes.json",FALSE,2025-05-30,"",1,FALSE,TRUE,"single",NA,19.9437237598308,"HM",19.7392267908441,19.9437237598308,0.331799926971607,0.998437136349697,1.01035992803333,0.818242259010849,0.127756418518972,FALSE,"emission","AICc",NA,NA,-0.236986580729702,"HM",-0.235975320506093,-0.236986580729702,0.0231662689044717,0.94595007360574,1.00428544909459,0.136286346792447,0.0212790959737106,FALSE,"uptake","AICc",TRUE,"convex (accelerating) trace",1.19857221458815,"HM",1.19076209586765,1.19857221458815,0.120399508170704,0.943009244226766,1.00655892453044,0.944202294142433,0.147446624083415,FALSE,"emission","SE | AICc",FALSE,NA,"slurry"
"2025-05-30-7A_1",2025-05-30,7,"A",2025-05-30 13:56:17,2025-05-30 13:57:52,2025-05-30 13:55:52,6.16726,318,99.359753125,30.3651302083333,"2025-05-30_hudsoncarbonfieldfluxes.json",FALSE,2025-05-30,"",1,FALSE,TRUE,"single",NA,16.7275741675958,"HM",15.1307361518733,16.7275741675958,0.281903217727151,0.997531565655622,1.10553604264158,0.818242259010849,0.124006114087176,FALSE,"emission","",NA,NA,-0.355042243642122,"HM",-0.353780103037999,-0.355042243642122,0.0229277846049271,0.975894658047856,1.00356758504304,0.136286346792447,0.0206544456519503,FALSE,"uptake","AICc | Intercept",TRUE,"convex (accelerating) trace",0.30118827183524,"HM",0.171118971219785,0.30118827183524,0.142005312572452,0.35125393280742,1.76011034713617,0.944202294142433,0.143130640813474,FALSE,"emission","SE | AICc | Intercept",FALSE,NA,"control"
"2025-05-30-7B_1",2025-05-30,7,"B",2025-05-30 13:59:56,2025-05-30 14:01:31,2025-05-30 13:59:31,6.32626,318,99.3465197916667,30.2293875,"2025-05-30_hudsoncarbonfieldfluxes.json",FALSE,2025-05-30,"",1,FALSE,TRUE,"single",NA,12.3380743104518,"HM",11.7154891925499,12.3380743104518,0.213167930940482,0.997986210740121,1.05314205046578,0.818242259010849,0.127632176293468,FALSE,"emission","",NA,NA,-0.474813069610584,"HM",-0.470129360015317,-0.474813069610584,0.0156860491955716,0.993577466933197,1.00996259751808,0.136286346792447,0.0212584022013653,FALSE,"uptake","AICc",FALSE,NA,0.097832076865384,"HM",0.0978450127843897,0.097832076865384,0.153137080163413,0.054610815145777,0.999867791738816,0.944202294142433,0.14733257743717,TRUE,"below detection","SE | AICc | Intercept",FALSE,NA,"control"
"2025-05-30-7C_1",2025-05-30,7,"C",2025-05-30 14:03:45,2025-05-30 14:05:20,2025-05-30 14:03:20,6.22291,318,99.3402041666667,30.0410635416667,"2025-05-30_hudsoncarbonfieldfluxes.json",FALSE,2025-05-30,"",1,FALSE,TRUE,"single",NA,13.8756576128827,"HM",13.0946360597843,13.8756576128827,0.185305239138626,0.998667330190015,1.05964438794118,0.818242259010849,0.125655145034142,FALSE,"emission","",NA,NA,-0.405895194533483,"HM",-0.401985985910054,-0.405895194533483,0.0181230984454669,0.988257847270136,1.00972473857411,0.136286346792447,0.0209291080774542,FALSE,"uptake","AICc",FALSE,NA,0.112238258331296,"HM",0.112331778302136,0.112238258331296,0.112894603486761,0.13372006262111,0.999167466479624,0.944202294142433,0.14503287727999,TRUE,"below detection","SE | AICc | Intercept",TRUE,"convex (accelerating) trace","control"
"2025-05-30-8A_1",2025-05-30,8,"A",2025-05-30 13:50:52,2025-05-30 13:52:27,2025-05-30 13:50:27,6.22291,318,99.35843125,30.7456739583333,"2025-05-30_hudsoncarbonfieldfluxes.json",FALSE,2025-05-30,"",1,FALSE,TRUE,"single",NA,9.42655665400982,"HM",8.85835731590921,9.42655665400982,0.230014890518259,0.996076300992067,1.06414274315625,0.818242259010849,0.125468681692728,FALSE,"emission","",NA,NA,-0.447275273546254,"HM",-0.444817576220212,-0.447275273546254,0.0209123616892475,0.987242981227641,1.0055251803378,0.136286346792447,0.0208980507624205,FALSE,"uptake","AICc",TRUE,"convex (accelerating) trace",0.114802885555747,"LM",0.114802885555747,0.254871374714774,0.0281891175433978,0.140940363718124,2.22007812330649,0.944202294142433,0.144837661091519,TRUE,"below detection","SE | AICc | g-fact. > 2 | Intercept (LM)",FALSE,NA,"compost"
"2025-05-30-8B_1",2025-05-30,8,"B",2025-05-30 13:47:32,2025-05-30 13:49:07,2025-05-30 13:47:07,6.33421,318,99.3574145833333,29.6214625,"2025-05-30_hudsoncarbonfieldfluxes.json",FALSE,2025-05-30,"",1,FALSE,TRUE,"single",NA,12.7035135923742,"HM",11.6029733224165,12.7035135923742,0.202702670648546,0.997838977867041,1.09484984920473,0.818242259010849,0.128062872046958,FALSE,"emission","",NA,NA,-0.560146460851833,"HM",-0.556623299624078,-0.560146460851833,0.0194891011659325,0.992957779031375,1.00632952524649,0.136286346792447,0.021330138841921,FALSE,"uptake","AICc",TRUE,"convex (accelerating) trace",0.198414965859572,"HM",0.116564712812659,0.198414965859572,0.195893509323383,0.105750911718239,1.70218723206963,0.944202294142433,0.147820778806242,FALSE,"emission","SE | AICc | Intercept (HM)",FALSE,NA,"compost"
"2025-05-30-8C_1",2025-05-30,8,"C",2025-05-30 13:43:31,2025-05-30 13:45:06,2025-05-30 13:43:06,6.27856,318,99.365175,30.86125625,"2025-05-30_hudsoncarbonfieldfluxes.json",FALSE,2025-05-30,"",1,FALSE,TRUE,"single",NA,15.9033973565607,"HM",15.5097075167775,15.9033973565607,0.285174539427,0.998010589478361,1.02538344706742,0.818242259010849,0.126525284072501,FALSE,"emission","AICc",NA,NA,-0.923797979008438,"HM",-0.91745636828764,-0.923797979008438,0.0300006899886403,0.99386634167737,1.00691216600593,0.136286346792447,0.0210740383464955,FALSE,"uptake","AICc",TRUE,"convex (accelerating) trace",0.235846989142082,"HM",0.23499408291764,0.235846989142082,0.0982939353838213,0.487333984309423,1.00362947957605,0.944202294142433,0.146009089355101,FALSE,"emission","SE | AICc | Intercept",FALSE,NA,"compost"
"2025-05-30-9A_1",2025-05-30,9,"A",2025-05-30 13:29:19,2025-05-30 13:30:54,2025-05-30 13:28:54,6.19111,318,99.390609375,30.5865385416667,"2025-05-30_hudsoncarbonfieldfluxes.json",FALSE,2025-05-30,"",1,FALSE,TRUE,"single",NA,9.20519827685973,"HM",9.06938100290922,9.20519827685973,0.159965380881499,0.998213941063091,1.01497536313746,0.818242259010849,0.125062078482575,FALSE,"emission","AICc",NA,NA,-0.36337284891723,"HM",-0.36151427483248,-0.36337284891723,0.0172394680936789,0.9868652265387,1.00514108076537,0.136286346792447,0.0208303269734135,FALSE,"uptake","AICc",TRUE,"convex (accelerating) trace",0.0877897250549046,"HM",0.0877757666864865,0.0877897250549046,0.117798451081861,0.0761112134164059,1.00015902303044,0.944202294142433,0.144374269145663,TRUE,"below detection","SE | AICc | Intercept",FALSE,NA,"compost"
"2025-05-30-9B_1",2025-05-30,9,"B",2025-05-30 13:32:32,2025-05-30 13:34:07,2025-05-30 13:32:07,6.23086,318,99.4000635416667,31.97686875,"2025-05-30_hudsoncarbonfieldfluxes.json",FALSE,2025-05-30,"",1,FALSE,TRUE,"single",NA,9.05960772655269,"HM",8.9385225766339,9.05960772655269,0.164436172719833,0.99807906512127,1.01354643889756,0.818242259010849,0.124931452760875,FALSE,"emission","AICc",NA,NA,-0.448956091496785,"HM",-0.446898206284907,-0.448956091496785,0.0205702228589215,0.987753556851188,1.00460481868788,0.136286346792447,0.0208085699665961,FALSE,"uptake","AICc",TRUE,"convex (accelerating) trace",0.246942425382933,"HM",0.246631698326153,0.246942425382933,0.106183185867477,0.472087836874233,1.00125988288971,0.944202294142433,0.144209471692506,FALSE,"emission","SE | AICc | Intercept",TRUE,"convex (accelerating) trace","compost"
"2025-05-30-9C_1",2025-05-30,9,"C",2025-05-30 13:36:02,2025-05-30 13:37:37,2025-05-30 13:35:37,6.15931,318,99.40975,31.0734479166667,"2025-05-30_hudsoncarbonfieldfluxes.json",FALSE,2025-05-30,"",1,FALSE,TRUE,"single",NA,9.45564264141365,"HM",8.8194725377491,9.45564264141365,0.159581360938055,0.997901432594731,1.07213244340198,0.818242259010849,0.124049811773076,FALSE,"emission","",NA,NA,-0.481191689609846,"HM",-0.477392271526776,-0.481191689609846,0.0184480447559104,0.991392195279,1.00795869206453,0.136286346792447,0.0206617239340349,FALSE,"uptake","AICc",TRUE,"convex (accelerating) trace",0.226839711834315,"HM",0.222829376386272,0.226839711834315,0.108922750596878,0.41439300810983,1.01799733730391,0.944202294142433,0.143209529265349,FALSE,"emission","SE | AICc | Intercept",FALSE,NA,"compost"
"2025-05-30-10A4_1",2025-05-30,10,"A",2025-05-30 14:16:33,2025-05-30 14:18:07,2025-05-30 14:16:08,5.80156,318,99.340512631579,30.7980231578947,"2025-05-30_hudsoncarbonfieldfluxes.json",FALSE,2025-05-30,"",1,FALSE,TRUE,"single",NA,9.2709464833279,"HM",8.62941173781372,9.2709464833279,0.195142921320464,0.99693733644248,1.07434281327695,0.818242259010849,0.118024539678261,FALSE,"emission","",NA,NA,-0.307223345267428,"HM",-0.305281941511019,-0.307223345267428,0.0161454499824405,0.98402184633037,1.00635937961741,0.136286346792447,0.0196581552315024,FALSE,"uptake","AICc | Intercept",TRUE,"convex (accelerating) trace",0.481513150424036,"HM",0.396149572424263,0.481513150424036,0.23716230915197,0.381800272063659,1.21548320114896,0.944202294142433,0.136200891411035,FALSE,"emission","SE | AICc",FALSE,NA,"control"
"2025-05-30-10B_1",2025-05-30,10,"B",2025-05-30 14:20:16,2025-05-30 14:21:51,2025-05-30 14:19:51,5.99236,318,99.3262,29.47280625,"2025-05-30_hudsoncarbonfieldfluxes.json",FALSE,2025-05-30,"",1,FALSE,TRUE,"single",NA,7.69656161404254,"HM",7.31488294244353,7.69656161404254,0.130556124526433,0.998060104611489,1.05217837039939,0.818242259010849,0.121499691253073,FALSE,"emission","",NA,NA,-0.369465130885143,"HM",-0.365252099131847,-0.369465130885143,0.0148590899548984,0.990445715711975,1.01153458601144,0.136286346792447,0.020236976121606,FALSE,"uptake","AICc",FALSE,NA,0.0797626248220494,"HM",0.0798200946483384,0.0797626248220494,0.117759980300086,0.0620395591047319,0.999280008041306,0.944202294142433,0.140234048091626,TRUE,"below detection","SE | AICc | Intercept",TRUE,"convex (accelerating) trace","control"
"2025-05-30-10C_1",2025-05-30,10,"C",2025-05-30 14:24:05,2025-05-30 14:25:40,2025-05-30 14:23:40,5.98044,318,99.3200135416667,30.0931541666667,"2025-05-30_hudsoncarbonfieldfluxes.json",FALSE,2025-05-30,"",1,FALSE,TRUE,"single",NA,9.82617496112648,"HM",9.07724577679758,9.82617496112648,0.192707008854223,0.997171857002686,1.08250621419145,0.818242259010849,0.120743205608194,FALSE,"emission","",NA,NA,-0.390863932797386,"HM",-0.388678575038992,-0.390863932797386,0.0196006551799864,0.985323964167427,1.00562253208367,0.136286346792447,0.0201109759501335,FALSE,"uptake","AICc",TRUE,"convex (accelerating) trace",0.150831747911878,"HM",0.120762717040917,0.150831747911878,0.137542385326235,0.143996208340704,1.24899266601275,0.944202294142433,0.139363463370724,FALSE,"emission","SE | AICc | Intercept",FALSE,NA,"control"
"2025-05-30-11A_1",2025-05-30,11,"A",2025-05-30 14:34:47,2025-05-30 14:36:22,2025-05-30 14:34:22,6.21894,318,99.29851875,30.591403125,"2025-05-30_hudsoncarbonfieldfluxes.json",FALSE,2025-05-30,"",1,FALSE,TRUE,"single",NA,12.8915995910622,"HM",11.5290630997844,12.8915995910622,0.253251029367326,0.996699277296308,1.11818275947359,0.818242259010849,0.125284516135389,FALSE,"emission","",NA,NA,-0.278123369387332,"HM",-0.276321740023113,-0.278123369387332,0.0185360198867912,0.974176237689397,1.00652004204978,0.136286346792447,0.0208673761660667,FALSE,"uptake","AICc",TRUE,"convex (accelerating) trace",0.258699604707018,"HM",0.257218974580401,0.258699604707018,0.0985668952261794,0.532313135154926,1.00575630211197,0.944202294142433,0.144605729210651,FALSE,"emission","SE | AICc",FALSE,NA,"slurry"
"2025-05-30-11B_1",2025-05-30,11,"B",2025-05-30 14:31:21,2025-05-30 14:32:56,2025-05-30 14:30:56,6.19906,318,99.28926875,30.8365729166667,"2025-05-30_hudsoncarbonfieldfluxes.json",FALSE,2025-05-30,"",1,FALSE,TRUE,"single",NA,14.6227379423379,"HM",14.3972115061138,14.6227379423379,0.171040106865477,0.999190664899705,1.01566459144733,0.818242259010849,0.124487234173099,FALSE,"emission","AICc",NA,NA,-0.26725093043874,"HM",-0.265962087694912,-0.26725093043874,0.0166920867458188,0.9773056590754,1.00484596415601,0.136286346792447,0.0207345809641477,FALSE,"uptake","AICc | Intercept",TRUE,"convex (accelerating) trace",0.290188507932771,"HM",0.239037079746687,0.290188507932771,0.111952255948478,0.500615339787936,1.21398951259064,0.944202294142433,0.143692530145922,FALSE,"emission","SE | AICc",FALSE,NA,"slurry"
"2025-05-30-11C_1",2025-05-30,11,"C",2025-05-30 14:28:05,2025-05-30 14:29:39,2025-05-30 14:27:40,5.94069,318,99.3042863157895,30.59468,"2025-05-30_hudsoncarbonfieldfluxes.json",FALSE,2025-05-30,"",1,FALSE,TRUE,"single",NA,12.482541532531,"HM",12.3803007746686,12.482541532531,0.276467424174594,0.997229128262561,1.00825834200019,0.818242259010849,0.1206858627716,FALSE,"emission","AICc",NA,NA,-0.237330852521088,"HM",-0.236480958041671,-0.237330852521088,0.0160845187887407,0.973674366815606,1.00359392352963,0.136286346792447,0.0201014249331479,FALSE,"uptake","AICc",TRUE,"convex (accelerating) trace",0.478501657782521,"HM",0.394659307734628,0.478501657782521,0.12124145808992,0.701915061387396,1.21244234813352,0.944202294142433,0.139269478951021,FALSE,"emission","SE | AICc | Intercept",FALSE,NA,"slurry"
"2025-05-30-12A_1",2025-05-30,12,"A",2025-05-30 14:38:39,2025-05-30 14:40:13,2025-05-30 14:38:14,6.33819,318,99.2731221052632,32.7188663157895,"2025-05-30_hudsoncarbonfieldfluxes.json",FALSE,2025-05-30,"",1,FALSE,TRUE,"single",NA,9.07527499701436,"HM",8.93449573666727,9.07527499701436,0.184650877332422,0.997538706360594,1.01575682215274,0.818242259010849,0.128240863631604,FALSE,"emission","AICc",NA,NA,-0.43719457406133,"HM",-0.432170120509703,-0.43719457406133,0.015603529972018,0.992551571331768,1.01162610118835,0.136286346792447,0.0213597851020159,FALSE,"uptake","AICc",FALSE,NA,0.394954620317342,"HM",0.247507202416664,0.394954620317342,0.145907839496328,0.485164212341477,1.5957298068945,0.944202294142433,0.148011326495344,FALSE,"emission","SE | AICc | Intercept",FALSE,NA,"slurry"
"2025-05-30-12B_1",2025-05-30,12,"B",2025-05-30 14:41:50,2025-05-30 14:43:25,2025-05-30 14:41:25,6.07981,318,99.2691947916667,32.3257229166667,"2025-05-30_hudsoncarbonfieldfluxes.json",FALSE,2025-05-30,"",1,FALSE,TRUE,"single",NA,17.654031466811,"HM",17.008020364997,17.654031466811,0.186127290355715,0.999225849502962,1.03798273331937,0.818242259010849,0.12114683596935,FALSE,"emission","",NA,NA,-0.327388577898455,"HM",-0.325518183154098,-0.327388577898455,0.0167468233415355,0.984710803822423,1.00574589943404,0.136286346792447,0.0201782045817162,FALSE,"uptake","AICc | Intercept (HM)",TRUE,"convex (accelerating) trace",0.648568939236806,"HM",0.647171435529,0.648568939236806,0.123544983362946,0.821473842811468,1.00215940264215,0.944202294142433,0.139823566725306,FALSE,"emission","SE | AICc | Intercept",TRUE,"convex (accelerating) trace","slurry"
"2025-05-30-12C_1",2025-05-30,12,"C",2025-05-30 14:45:19,2025-05-30 14:46:54,2025-05-30 14:44:54,5.84131,318,99.2786166666667,32.468284375,"2025-05-30_hudsoncarbonfieldfluxes.json",FALSE,2025-05-30,"",1,FALSE,TRUE,"single",NA,14.240859925521,"HM",13.9059215769404,14.240859925521,0.205594391888019,0.99870871833655,1.0240860231181,0.818242259010849,0.116411423688594,FALSE,"emission","",NA,NA,-0.281516771148712,"HM",-0.280298569015333,-0.281516771148712,0.0186392648527058,0.97456699722701,1.00434608759388,0.136286346792447,0.019389474797605,FALSE,"uptake","AICc",TRUE,"convex (accelerating) trace",0.834996038217898,"HM",0.810801590561228,0.834996038217898,0.0944352149753553,0.927746184870948,1.02984015810813,0.944202294142433,0.134377927341952,FALSE,"emission","SE | AICc",FALSE,NA,"slurry"
"2025-05-30-13A_1",2025-05-30,13,"A",2025-05-30 15:11:26,2025-05-30 15:13:01,2025-05-30 15:11:01,6.35806,318,99.2430260416667,27.7114125,"2025-05-30_hudsoncarbonfieldfluxes.json",FALSE,2025-05-30,"",1,FALSE,TRUE,"single",NA,10.3969892863313,"HM",10.2429751896591,10.3969892863313,0.124648788328042,0.999164018054576,1.01503607046004,0.818242259010849,0.129843509837354,FALSE,"emission","AICc",NA,NA,-0.38705896741759,"HM",-0.384798459032095,-0.38705896741759,0.0151212934794445,0.991096757604347,1.0058745255664,0.136286346792447,0.0216267216897772,FALSE,"uptake","AICc",TRUE,"convex (accelerating) trace",0.18032002885764,"HM",0.179227701073898,0.18032002885764,0.099016583016855,0.35154075610106,1.00609463702986,0.944202294142433,0.14985886251444,FALSE,"emission","SE | AICc | Intercept",FALSE,NA,"slurry"
"2025-05-30-13B_1",2025-05-30,13,"B",2025-05-30 15:14:34,2025-05-30 15:16:09,2025-05-30 15:14:09,6.27856,318,99.2256364583333,27.469809375,"2025-05-30_hudsoncarbonfieldfluxes.json",FALSE,2025-05-30,"",2,TRUE,TRUE,"confirmation: averaged",NA,22.7159383895435,"HM",20.8080859316993,22.7159383895435,0.249286818216867,0.998712846528021,1.09168803243636,0.818242259010849,0.128055287586631,FALSE,"emission","",NA,NA,1.7895080126333,"HM",1.76878937986999,1.7895080126333,0.0253362447384653,0.998866411722496,1.01171345384538,0.136286346792447,0.0213288755749863,FALSE,"emission","AICc",TRUE,"convex (accelerating) trace",3.58753050441154,"HM",3.50658533488703,3.58753050441154,0.112289878616323,0.994069034815606,1.02308375864097,0.944202294142433,0.147796703551465,FALSE,"emission","SE | AICc",FALSE,NA,"slurry"
"2025-05-30-13B2_1",2025-05-30,13,"B",2025-05-30 15:22:34,2025-05-30 15:24:09,2025-05-30 15:22:09,6.27856,318,99.230140625,27.06286875,"2025-05-30_hudsoncarbonfieldfluxes.json",FALSE,2025-05-30,"SECOND MEASUREMENT TO CONFIRM POSITIVE METHANE FLUX",2,TRUE,TRUE,"confirmation: averaged",NA,23.6645367804179,"HM",21.0452041798197,23.6645367804179,0.275558400313395,0.998188974178222,1.12446220897728,0.818242259010849,0.128063447865215,FALSE,"emission","",NA,NA,1.80333872892681,"HM",1.72534641475377,1.80333872892681,0.0471660640009199,0.99569641084044,1.0452038579071,0.136286346792447,0.0213302347501509,FALSE,"emission","",TRUE,"closure sigma = 0.21 ppb = 1.5x campaign sigma (disturbed closure?)",3.93174573883371,"HM",3.44760049853821,3.93174573883371,0.136421316449113,0.991175513180022,1.14042962358915,0.944202294142433,0.147792540938968,FALSE,"emission","SE",FALSE,NA,"slurry"
"2025-05-30-13C_1",2025-05-30,13,"C",2025-05-30 15:18:47,2025-05-30 15:20:22,2025-05-30 15:18:22,6.00031,318,99.2211989583333,27.2304,"2025-05-30_hudsoncarbonfieldfluxes.json",FALSE,2025-05-30,"",1,FALSE,TRUE,"single",NA,15.3391997315147,"HM",14.0963198729798,15.3391997315147,0.132731144785154,0.999035915210469,1.08817052037229,0.818242259010849,0.12247293751935,FALSE,"emission","",NA,NA,-0.284711754053929,"HM",-0.281578553224665,-0.284711754053929,0.0163164076479014,0.980701262074625,1.01112727085704,0.136286346792447,0.0203990799199612,FALSE,"uptake","AICc",FALSE,NA,0.53521794970825,"HM",0.532412634259765,0.53521794970825,0.105169252780776,0.811720396548432,1.00526906250522,0.944202294142433,0.141339942065403,FALSE,"emission","SE | AICc",FALSE,NA,"slurry"
"2025-05-30-14A_1",2025-05-30,14,"A",2025-05-30 15:00:36,2025-05-30 15:02:11,2025-05-30 15:00:11,5.97725,318,99.2523875,31.0417177083333,"2025-05-30_hudsoncarbonfieldfluxes.json",FALSE,2025-05-30,"",1,FALSE,TRUE,"single",NA,10.3157551878587,"HM",9.61140164010044,10.3157551878587,0.185210503339618,0.997666250446045,1.07328312499392,0.818242259010849,0.120332873548971,FALSE,"emission","",NA,NA,0.122289809892098,"HM",0.122081161196874,0.122289809892098,0.0185568004080549,0.878278958607399,1.0017090982194,0.136286346792447,0.0200426310844075,FALSE,"emission","AICc",TRUE,"convex (accelerating) trace",0.125291191239307,"HM",0.124578983380811,0.125291191239307,0.0973572082225366,0.209846226968813,1.00571691820858,0.944202294142433,0.138870528158672,TRUE,"below detection","SE | AICc | Intercept",FALSE,NA,"compost"
"2025-05-30-14B_1",2025-05-30,14,"B",2025-05-30 15:07:48,2025-05-30 15:09:23,2025-05-30 15:07:23,6.31831,318,99.242215625,29.677553125,"2025-05-30_hudsoncarbonfieldfluxes.json",FALSE,2025-05-30,"",1,FALSE,TRUE,"single",NA,8.71061963510839,"HM",8.4407620627775,8.71061963510839,0.123398081556787,0.998711466270932,1.03197075931342,0.818242259010849,0.128069027196698,FALSE,"emission","",NA,NA,-0.296813414623503,"HM",-0.295137156589384,-0.296813414623503,0.0176782190493069,0.979328243726123,1.00567958996925,0.136286346792447,0.0213311640430308,FALSE,"uptake","AICc",TRUE,"convex (accelerating) trace",0.0901733372465606,"HM",0.0901395400936215,0.0901733372465606,0.0965941901528099,0.118556102526021,1.00037494259349,0.944202294142433,0.147786085729846,TRUE,"below detection","SE | AICc | Intercept",FALSE,NA,"compost"
"2025-05-30-14C_1",2025-05-30,14,"C",2025-05-30 15:03:50,2025-05-30 15:05:25,2025-05-30 15:03:25,6.45744,318,99.2497125,31.65913125,"2025-05-30_hudsoncarbonfieldfluxes.json",FALSE,2025-05-30,"",1,FALSE,TRUE,"single",NA,9.68547501932882,"HM",9.37447201191914,9.68547501932882,0.171212194249091,0.998027305372494,1.03317552252695,0.818242259010849,0.129368973829808,FALSE,"emission","",NA,NA,-0.163719000595151,"HM",-0.163350559405304,-0.163719000595151,0.0182100341608899,0.930895210460516,1.00225552450624,0.136286346792447,0.0215476830209993,FALSE,"uptake","AICc | Intercept",TRUE,"convex (accelerating) trace",0.149853683481853,"HM",0.12649277249569,0.149853683481853,0.139678279980131,0.142056421847717,1.18468178477911,0.944202294142433,0.149293051762233,FALSE,"emission","SE | AICc | Intercept",FALSE,NA,"compost"
"2025-05-30-15A_1",2025-05-30,15,"A",2025-05-30 14:49:38,2025-05-30 14:51:13,2025-05-30 14:49:13,6.00031,318,99.2766895833333,30.76670625,"2025-05-30_hudsoncarbonfieldfluxes.json",FALSE,2025-05-30,"",1,FALSE,TRUE,"single",NA,11.2065203127147,"HM",10.6530867437215,11.2065203127147,0.253552629529483,0.996686162402423,1.05195053624428,0.818242259010849,0.120689382705541,FALSE,"emission","",NA,NA,-0.284705481976647,"HM",-0.282595024504907,-0.284705481976647,0.0167694243210373,0.979723634172194,1.00746813386201,0.136286346792447,0.0201020112129844,FALSE,"uptake","AICc",TRUE,"convex (accelerating) trace",0.143380560617622,"HM",0.140869003820788,0.143380560617622,0.0873328946715181,0.303503560464497,1.01782902362275,0.944202294142433,0.139269697830023,FALSE,"emission","SE | AICc | Intercept",FALSE,NA,"control"
"2025-05-30-15B_1",2025-05-30,15,"B",2025-05-30 14:52:49,2025-05-30 14:54:24,2025-05-30 14:52:24,6.33819,318,99.2690364583333,31.782575,"2025-05-30_hudsoncarbonfieldfluxes.json",FALSE,2025-05-30,"",1,FALSE,TRUE,"single",NA,9.32269761261087,"HM",9.18658167394232,9.32269761261087,0.209778094942889,0.996997102368088,1.01481682126167,0.818242259010849,0.126926906665313,FALSE,"emission","AICc",NA,NA,-0.320114410995106,"HM",-0.318821125978021,-0.320114410995106,0.0190190763505445,0.979483411183786,1.00405645959978,0.136286346792447,0.0211409325643887,FALSE,"uptake","AICc",TRUE,"convex (accelerating) trace",0.121822529050633,"HM",0.121848419527568,0.121822529050633,0.116024172670516,0.14700974624829,0.999787518976162,0.944202294142433,0.146480895446759,TRUE,"below detection","SE | AICc | Intercept",TRUE,"convex (accelerating) trace","control"
"2025-05-30-15C_1",2025-05-30,15,"C",2025-05-30 14:56:14,2025-05-30 14:57:49,2025-05-30 14:55:49,6.23881,318,99.2610614583333,32.298071875,"2025-05-30_hudsoncarbonfieldfluxes.json",FALSE,2025-05-30,"",1,FALSE,TRUE,"single",NA,12.1132701785932,"HM",10.9577878830479,12.1132701785932,0.26832657147346,0.996226882545773,1.10544849999632,0.818242259010849,0.12467239782523,FALSE,"emission","",NA,NA,-0.356390119524422,"HM",-0.353336888029666,-0.356390119524422,0.0158266645372809,0.988414681808095,1.00864113427778,0.136286346792447,0.0207654218030677,FALSE,"uptake","AICc",TRUE,"convex (accelerating) trace",0.274666343932692,"HM",0.274439961055374,0.274666343932692,0.112444293247692,0.496571579604202,1.00082489035652,0.944202294142433,0.1438865333769,FALSE,"emission","SE | AICc | Intercept",TRUE,"convex (accelerating) trace","control"
"2025-06-03-1A_1",2025-06-03,1,"A",2025-06-03 15:03:14,2025-06-03 15:04:49,2025-06-03 15:02:49,6.22132,318,101.16871875,30.7998041666667,"2025-06-03_hudsoncarbonfieldfluxes.json",FALSE,2025-06-03,"",1,FALSE,TRUE,"single",NA,13.7981323783792,"HM",12.8016101438058,13.7981323783792,0.235107842681435,0.997813749765716,1.07784350744782,0.775259641945608,0.121115248026547,FALSE,"emission","",NA,NA,-0.155340193657536,"HM",-0.154956052312567,-0.155340193657536,0.0178806986070675,0.926576164194369,1.00247903414701,0.136286346792209,0.0212913891053914,FALSE,"uptake","AICc | Intercept",TRUE,"convex (accelerating) trace",0.343860828216969,"HM",0.342703411134919,0.343860828216969,0.11124284682144,0.613129351079638,1.00337731415692,1.01388655161388,0.158449497966898,FALSE,"emission","SE | AICc | Intercept",FALSE,NA,"slurry"
"2025-06-03-1B_1",2025-06-03,1,"B",2025-06-03 15:00:05,2025-06-03 15:01:39,2025-06-03 14:59:40,6.22291,318,101.178315789474,30.4744021052632,"2025-06-03_hudsoncarbonfieldfluxes.json",FALSE,2025-06-03,"",1,FALSE,TRUE,"single",NA,9.69403269653683,"HM",9.55498811237689,9.69403269653683,0.162668277136691,0.998358069422935,1.01455204156453,0.775259641945608,0.122753848841561,FALSE,"emission","AICc",NA,NA,-0.186829505040598,"HM",-0.18326977809277,-0.186829505040598,0.0173798667491124,0.95070098103659,1.01942342586363,0.136286346792209,0.0215794460437979,FALSE,"uptake","AICc",FALSE,NA,0.284544067874793,"HM",0.28273942124079,0.284544067874793,0.143173079508367,0.395535826355623,1.00638272026618,1.01388655161388,0.160557862977579,FALSE,"emission","SE | AICc | Intercept",FALSE,NA,"slurry"
"2025-06-03-1C_1",2025-06-03,1,"C",2025-06-03 14:56:52,2025-06-03 14:58:27,2025-06-03 14:56:27,6.00031,318,101.19515625,30.4455614583333,"2025-06-03_hudsoncarbonfieldfluxes.json",FALSE,2025-06-03,"",1,FALSE,TRUE,"single",NA,10.8254060494258,"HM",10.6454520003401,10.8254060494258,0.202335617409567,0.997883780677126,1.0169043126661,0.775259641945608,0.116638731827295,FALSE,"emission","AICc",NA,NA,-0.248600868613806,"HM",-0.246453955533589,-0.248600868613806,0.0149319989424039,0.978873212992772,1.00871121372578,0.136286346792209,0.0205044423766528,FALSE,"uptake","AICc",FALSE,NA,0.28704513984276,"HM",0.198258455108672,0.28704513984276,0.12997198402905,0.39632775603158,1.44783303030088,1.01388655161388,0.152533383745894,FALSE,"emission","SE | AICc | Intercept (HM)",FALSE,NA,"slurry"
"2025-06-03-2A_1",2025-06-03,2,"A",2025-06-03 13:12:49,2025-06-03 13:14:24,2025-06-03 13:12:24,6.18316,318,101.253947916667,29.6832427083333,"2025-06-03_hudsoncarbonfieldfluxes.json",FALSE,2025-06-03,"",1,FALSE,TRUE,"single",NA,11.0106815003683,"HM",10.8919318119419,11.0106815003683,0.191476446232079,0.998267782874556,1.01090253689398,0.775259641945608,0.12058045688372,FALSE,"emission","AICc",NA,NA,-0.298354912490763,"HM",-0.297181977476498,-0.298354912490763,0.0206009486001453,0.972473253542996,1.00394685782841,0.136286346792209,0.021197375787518,FALSE,"uptake","AICc | Intercept",TRUE,"convex (accelerating) trace",0.256603580566149,"HM",0.196035175757654,0.256603580566149,0.139968201818229,0.322633638838784,1.30896702377216,1.01388655161388,0.157678541548251,FALSE,"emission","SE | AICc | Intercept",FALSE,NA,"control"
"2025-06-03-2B_1",2025-06-03,2,"B",2025-06-03 13:19:22,2025-06-03 13:20:57,2025-06-03 13:18:57,6.07186,318,101.22946875,28.3692645833333,"2025-06-03_hudsoncarbonfieldfluxes.json",FALSE,2025-06-03,"",1,FALSE,TRUE,"single",NA,15.7959694318267,"HM",15.5872851018399,15.7959694318267,0.232469544512642,0.998762338828877,1.01338811272287,0.775259641945608,0.118671375838028,FALSE,"emission","AICc",NA,NA,-0.378831740526007,"HM",-0.376765306575041,-0.378831740526007,0.0162914945067522,0.98922498138643,1.00548467153133,0.136286346792209,0.0208617699241781,FALSE,"uptake","AICc",TRUE,"convex (accelerating) trace",0.244712557733153,"HM",0.163405078599495,0.244712557733153,0.14541931977899,0.270646921294545,1.4975823262687,1.01388655161388,0.155174574855141,FALSE,"emission","SE | AICc | Intercept",FALSE,NA,"control"
"2025-06-03-2C_1",2025-06-03,2,"C",2025-06-03 13:16:03,2025-06-03 13:17:38,2025-06-03 13:15:38,6.23086,318,101.23159375,30.029515625,"2025-06-03_hudsoncarbonfieldfluxes.json",FALSE,2025-06-03,"",1,FALSE,TRUE,"single",NA,12.7714099625113,"HM",12.5889745626261,12.7714099625113,0.168552880646567,0.99898476533296,1.01449168071455,0.775259641945608,0.121381130323408,FALSE,"emission","AICc",NA,NA,-0.233466967804745,"HM",-0.232577645569228,-0.233466967804745,0.0183378864853505,0.964509473649843,1.00382376489082,0.136286346792209,0.0213381297390518,FALSE,"uptake","AICc",TRUE,"convex (accelerating) trace",0.130191453821592,"HM",0.129421620851001,0.130191453821592,0.0964318882187131,0.226818056007472,1.00594825629234,1.01388655161388,0.1587606345191,TRUE,"below detection","SE | AICc | Intercept",FALSE,NA,"control"
"2025-06-03-3A_1",2025-06-03,3,"A",2025-06-03 13:00:29,2025-06-03 13:02:04,2025-06-03 13:00:04,6.12751,318,101.270739583333,29.9970958333333,"2025-06-03_hudsoncarbonfieldfluxes.json",FALSE,2025-06-03,"",1,FALSE,TRUE,"single",NA,12.891265601336,"HM",12.2598488224703,12.891265601336,0.195238757163076,0.998418892243198,1.05150281932583,0.775259641945608,0.119641976958467,FALSE,"emission","",NA,NA,-0.151512335701515,"HM",-0.151093225020781,-0.151512335701515,0.0162065365456777,0.936059736263094,1.00277385488778,0.136286346792209,0.0210323962198603,FALSE,"uptake","AICc | Intercept",TRUE,"convex (accelerating) trace",0.306357524253833,"HM",0.284121538584912,0.306357524253833,0.107557297665491,0.563789464186164,1.07826223164801,1.01388655161388,0.156493185535067,FALSE,"emission","SE | AICc | Intercept",FALSE,NA,"compost"
"2025-06-03-3B_1",2025-06-03,3,"B",2025-06-03 13:03:49,2025-06-03 13:05:24,2025-06-03 13:03:24,5.97646,318,101.26028125,30.888640625,"2025-06-03_hudsoncarbonfieldfluxes.json",FALSE,2025-06-03,"",1,FALSE,TRUE,"single",NA,18.513614420745,"HM",16.4369456546964,18.513614420745,0.260421025462178,0.997762471555021,1.12634152412953,0.775259641945608,0.116196344006885,FALSE,"emission","",NA,NA,-0.0788257941906113,"HM",-0.0786821390112202,-0.0788257941906113,0.0176064646749405,0.768393104113811,1.0018257660658,0.136286346792209,0.0204266730505497,FALSE,"uptake","AICc | Intercept",TRUE,"convex (accelerating) trace",0.546239636739074,"HM",0.540135419378968,0.546239636739074,0.118130834082542,0.779890204547435,1.01130127212751,1.01388655161388,0.151932808410828,FALSE,"emission","SE | AICc | Intercept",FALSE,NA,"compost"
"2025-06-03-3C_1",2025-06-03,3,"C",2025-06-03 13:07:38,2025-06-03 13:09:13,2025-06-03 13:07:13,6.35011,318,101.260572916667,29.8475875,"2025-06-03_hudsoncarbonfieldfluxes.json",FALSE,2025-06-03,"",1,FALSE,TRUE,"single",NA,11.6686496498961,"HM",11.5472217530842,11.6686496498961,0.191185976920008,0.998477343834127,1.01051576729091,0.775259641945608,0.124089956298033,FALSE,"emission","AICc",NA,NA,-0.24418979706746,"HM",-0.243036465521289,-0.24418979706746,0.0180808544589033,0.968369551188175,1.00474550822527,0.136286346792209,0.0218143263268827,FALSE,"uptake","AICc",TRUE,"convex (accelerating) trace",0.190235142768973,"HM",0.160609241265019,0.190235142768973,0.142061990658499,0.208861256286323,1.18445950725257,1.01388655161388,0.162290625827213,FALSE,"emission","SE | AICc | Intercept",FALSE,NA,"compost"
"2025-06-03-4A_1",2025-06-03,4,"A",2025-06-03 14:45:31,2025-06-03 14:47:06,2025-06-03 14:45:06,6.16726,318,101.195979166667,31.2308114583333,"2025-06-03_hudsoncarbonfieldfluxes.json",FALSE,2025-06-03,"",1,FALSE,TRUE,"single",NA,7.99385070248672,"HM",7.87488475589999,7.99385070248672,0.157736591302134,0.997689558773281,1.0151070079467,0.775259641945608,0.120294019021884,FALSE,"emission","AICc",NA,NA,-0.223111801040143,"HM",-0.222163587450926,-0.223111801040143,0.0171211261358662,0.966094606767767,1.00426808731393,0.136286346792209,0.0211470215995009,FALSE,"uptake","AICc | Intercept",TRUE,"convex (accelerating) trace",0.139979047598524,"HM",0.139933091062629,0.139979047598524,0.141961220792923,0.13259515553421,1.0003284179285,1.01388655161388,0.15736101220763,TRUE,"below detection","SE | AICc | Intercept",FALSE,NA,"compost"
"2025-06-03-4B_1",2025-06-03,4,"B",2025-06-03 14:53:17,2025-06-03 14:54:52,2025-06-03 14:52:52,6.0973,318,101.1963125,30.573534375,"2025-06-03_hudsoncarbonfieldfluxes.json",FALSE,2025-06-03,"",1,FALSE,TRUE,"single",NA,12.7068179454953,"HM",12.0294787451764,12.7068179454953,0.160552707555497,0.998811987800986,1.05630661266935,0.775259641945608,0.118147925683873,FALSE,"emission","",NA,NA,-0.318265814792859,"HM",-0.315987681925762,-0.318265814792859,0.015637292909963,0.985825229873241,1.00720956226272,0.136286346792209,0.0207697502892355,FALSE,"uptake","AICc",TRUE,"convex (accelerating) trace",0.119299137547478,"HM",0.0640105663952952,0.119299137547478,0.155453989711205,0.0575174219111484,1.86374132062431,1.01388655161388,0.154516791888761,TRUE,"below detection","SE | AICc | Intercept",FALSE,NA,"compost"
"2025-06-03-4C_1",2025-06-03,4,"C",2025-06-03 14:49:07,2025-06-03 14:50:42,2025-06-03 14:48:42,6.09571,318,101.196260416667,29.5208354166667,"2025-06-03_hudsoncarbonfieldfluxes.json",FALSE,2025-06-03,"",1,FALSE,TRUE,"single",NA,14.6446805988815,"HM",13.3362649508423,14.6446805988815,0.18583881522854,0.998382850570962,1.09810960211589,0.775259641945608,0.119014139722194,FALSE,"emission","",NA,NA,-0.266753641372897,"HM",-0.265464613923828,-0.266753641372897,0.0180811326428459,0.973355111328765,1.00485574114763,0.136286346792209,0.0209220259146334,FALSE,"uptake","AICc",TRUE,"convex (accelerating) trace",0.181037421155641,"HM",0.180331337313081,0.181037421155641,0.096277807205729,0.366878205440249,1.0039154805431,1.01388655161388,0.155683581512183,FALSE,"emission","SE | AICc | Intercept",FALSE,NA,"compost"
"2025-06-03-5A_1",2025-06-03,5,"A",2025-06-03 13:24:09,2025-06-03 13:25:44,2025-06-03 13:23:44,6.03211,318,101.227489583333,27.2431791666667,"2025-06-03_hudsoncarbonfieldfluxes.json",FALSE,2025-06-03,"",1,FALSE,TRUE,"single",NA,13.9974738160491,"HM",13.84785786622,13.9974738160491,0.22180992379302,0.998577615934437,1.0108042667158,0.775259641945608,0.118929684672908,FALSE,"emission","AICc",NA,NA,-0.301569277799997,"HM",-0.300350170833704,-0.301569277799997,0.0168883845798641,0.981770861880813,1.00405895213214,0.136286346792209,0.0209071791852119,FALSE,"uptake","AICc | Intercept",TRUE,"convex (accelerating) trace",0.335244410509089,"HM",0.203104541367795,0.335244410509089,0.173324507407338,0.316897284370257,1.65060026846966,1.01388655161388,0.155552658257816,FALSE,"emission","SE | AICc | Intercept",FALSE,NA,"control"
"2025-06-03-5B_1",2025-06-03,5,"B",2025-06-03 13:27:29,2025-06-03 13:29:04,2025-06-03 13:27:04,6.18316,318,101.22834375,28.954603125,"2025-06-03_hudsoncarbonfieldfluxes.json",FALSE,2025-06-03,"",1,FALSE,TRUE,"single",NA,10.2845149309775,"HM",10.1496760022714,10.2845149309775,0.153279971131568,0.998710047808105,1.01328504758929,0.775259641945608,0.121015568772707,FALSE,"emission","AICc",NA,NA,-0.380831703222989,"HM",-0.37760337302851,-0.380831703222989,0.0162450722933347,0.989300997645134,1.00854952689799,0.136286346792209,0.0212738660452168,FALSE,"uptake","AICc",TRUE,"convex (accelerating) trace",0.1700908523688,"LM",0.1700908523688,0.36557632464376,0.0286035931607382,0.265619244737241,2.14930032716338,1.01388655161388,0.158271486971256,FALSE,"emission","SE | AICc | g-fact. > 2 | Intercept",FALSE,NA,"control"
"2025-06-03-5C_1",2025-06-03,5,"C",2025-06-03 13:31:17,2025-06-03 13:32:52,2025-06-03 13:30:52,6.31036,318,101.213135416667,28.93456875,"2025-06-03_hudsoncarbonfieldfluxes.json",FALSE,2025-06-03,"",1,FALSE,TRUE,"single",NA,13.2742536735236,"HM",13.1226390511599,13.2742536735236,0.184832666803021,0.998917489928183,1.01155366857022,0.775259641945608,0.122974118873035,FALSE,"emission","AICc",NA,NA,-0.397288295533915,"HM",-0.394604685455387,-0.397288295533915,0.014087020001102,0.99265244573536,1.00680075573718,0.136286346792209,0.0216181682940909,FALSE,"uptake","AICc",TRUE,"convex (accelerating) trace",0.14300977845849,"LM",0.14300977845849,0.471999578701153,0.0305525993055902,0.180396007350718,3.30047066563462,1.01388655161388,0.160860115629732,TRUE,"below detection","SE | g-fact. > 2 | Intercept",FALSE,NA,"control"
"2025-06-03-6A_1",2025-06-03,6,"A",2025-06-03 12:49:21,2025-06-03 12:50:56,2025-06-03 12:48:56,6.11161,318,101.289166666667,30.2038885416667,"2025-06-03_hudsoncarbonfieldfluxes.json",FALSE,2025-06-03,"",1,FALSE,TRUE,"single",NA,10.6667897974715,"HM",10.5250118019839,10.6667897974715,0.135337213832696,0.999074266277243,1.01347057829056,0.775259641945608,0.119215299299049,FALSE,"emission","AICc",NA,NA,-0.287112739527538,"HM",-0.283502351942528,-0.287112739527538,0.0140704649092734,0.98580303638389,1.01273494755959,0.136286346792209,0.0209573886529579,FALSE,"uptake","AICc",FALSE,NA,0.639377634037135,"HM",0.434053059959188,0.639377634037135,0.144642616607027,0.720394980482018,1.47304026401116,1.01388655161388,0.155915235648715,FALSE,"emission","SE | Intercept (HM)",FALSE,NA,"slurry"
"2025-06-03-6B_1",2025-06-03,6,"B",2025-06-03 12:52:57,2025-06-03 12:54:32,2025-06-03 12:52:32,6.66811,318,101.288552083333,29.1039947916667,"2025-06-03_hudsoncarbonfieldfluxes.json",FALSE,2025-06-03,"",1,FALSE,TRUE,"single",NA,11.9126800829258,"HM",11.7367284867561,11.9126800829258,0.148049154293352,0.999092673909478,1.01499153672749,0.775259641945608,0.130727425988768,FALSE,"emission","AICc",NA,NA,-0.185193880447595,"HM",-0.184697403503407,-0.185193880447595,0.0196655569398758,0.936826397675222,1.00268805589451,0.136286346792209,0.0229811566984781,FALSE,"uptake","AICc | Intercept",TRUE,"convex (accelerating) trace",0.499067006875515,"HM",0.253477645524541,0.499067006875515,0.190402781671756,0.434636008190645,1.96887976390485,1.01388655161388,0.170997901383671,FALSE,"emission","SE | Intercept",FALSE,NA,"slurry"
"2025-06-03-6C_1",2025-06-03,6,"C",2025-06-03 12:56:16,2025-06-03 12:57:51,2025-06-03 12:55:51,6.36601,318,101.285895833333,29.5901145833333,"2025-06-03_hudsoncarbonfieldfluxes.json",FALSE,2025-06-03,"",1,FALSE,TRUE,"single",NA,16.4312308888356,"HM",16.1980499587058,16.4312308888356,0.178034617312311,0.999333307917234,1.01439561741841,0.775259641945608,0.124298869277432,FALSE,"emission","AICc",NA,NA,-0.249610478716205,"HM",-0.24833839611012,-0.249610478716205,0.0165232167128238,0.974616258624587,1.00512237586298,0.136286346792209,0.0218510520703876,FALSE,"uptake","AICc | Intercept",TRUE,"convex (accelerating) trace",0.654787335684305,"HM",0.648119185376962,0.654787335684305,0.121313190469666,0.828674187443336,1.01028846307561,1.01388655161388,0.16257187497651,FALSE,"emission","SE | AICc",FALSE,NA,"slurry"
"2025-06-03-7A_1",2025-06-03,7,"A",2025-06-03 14:41:52,2025-06-03 14:43:26,2025-06-03 14:41:27,6.16726,318,101.208021052632,29.09796,"2025-06-03_hudsoncarbonfieldfluxes.json",FALSE,2025-06-03,"",1,FALSE,TRUE,"single",NA,17.9271122420755,"HM",17.7100030763269,17.9271122420755,0.295345974789151,0.99844752987913,1.01225912637129,0.775259641945608,0.121389451362416,FALSE,"emission","AICc",NA,NA,-0.264818633098928,"HM",-0.263665841465536,-0.264818633098928,0.0198465825869446,0.967923116913307,1.0043721690568,0.136286346792209,0.0213395925315752,FALSE,"uptake","AICc | Intercept",TRUE,"convex (accelerating) trace",0.482372888590913,"HM",0.318207061108124,0.482372888590913,0.152745184983517,0.569093078863437,1.51590881393737,1.01388655161388,0.158782895259217,FALSE,"emission","SE | AICc | Intercept",FALSE,NA,"control"
"2025-06-03-7B_1",2025-06-03,7,"B",2025-06-03 14:35:15,2025-06-03 14:36:50,2025-06-03 14:34:50,6.32626,318,101.221395833333,29.86558125,"2025-06-03_hudsoncarbonfieldfluxes.json",FALSE,2025-06-03,"",1,FALSE,TRUE,"single",NA,15.5376246437367,"HM",15.2982730309357,15.5376246437367,0.237886823597469,0.998605339940418,1.01564566224678,0.775259641945608,0.12307951929983,FALSE,"emission","AICc",NA,NA,-0.380845498475859,"HM",-0.378380716100846,-0.380845498475859,0.0176457810537295,0.987434537496682,1.00651402745999,0.136286346792209,0.0216366971047512,FALSE,"uptake","AICc",TRUE,"convex (accelerating) trace",0.447770379808887,"HM",0.368148224989753,0.447770379808887,0.113092705737392,0.700523031469883,1.21627743776668,1.01388655161388,0.160942373985258,FALSE,"emission","SE | AICc | Intercept",FALSE,NA,"control"
"2025-06-03-7C_1",2025-06-03,7,"C",2025-06-03 14:38:28,2025-06-03 14:40:03,2025-06-03 14:38:03,6.22291,318,101.218479166667,29.5041552083333,"2025-06-03_hudsoncarbonfieldfluxes.json",FALSE,2025-06-03,"",1,FALSE,TRUE,"single",NA,13.6804024422315,"HM",13.5142498489018,13.6804024422315,0.195199788694254,0.99883297214689,1.01229462198697,0.775259641945608,0.121219166176723,FALSE,"emission","AICc",NA,NA,-0.228989329803561,"HM",-0.226567017828273,-0.228989329803561,0.0164061131843243,0.970107454313542,1.01069137069688,0.136286346792209,0.0213096573400403,FALSE,"uptake","AICc",FALSE,NA,0.19901400827434,"HM",0.198007854583176,0.19901400827434,0.112898141160972,0.336732708837366,1.00508138272233,1.01388655161388,0.158531624036574,FALSE,"emission","SE | AICc | Intercept",FALSE,NA,"control"
"2025-06-03-8A_1",2025-06-03,8,"A",2025-06-03 13:35:41,2025-06-03 13:37:16,2025-06-03 13:35:16,6.22291,318,101.217020833333,29.98520625,"2025-06-03_hudsoncarbonfieldfluxes.json",FALSE,2025-06-03,"",1,FALSE,TRUE,"single",NA,10.4291437754668,"HM",9.93601604069737,10.4291437754668,0.167288815227341,0.998264044628257,1.04963032796541,0.775259641945608,0.121470050205739,FALSE,"emission","",NA,NA,-0.272257762110366,"HM",-0.271305912664768,-0.272257762110366,0.0181213547953701,0.974317905348483,1.00350839919502,0.136286346792209,0.0213537613613683,FALSE,"uptake","AICc",TRUE,"convex (accelerating) trace",0.129377084258725,"HM",0.0941980869410481,0.129377084258725,0.147216555775218,0.0895491194834761,1.37345766204034,1.01388655161388,0.158857967709393,TRUE,"below detection","SE | AICc | Intercept",FALSE,NA,"compost"
"2025-06-03-8B_1",2025-06-03,8,"B",2025-06-03 13:39:08,2025-06-03 13:40:43,2025-06-03 13:38:43,6.33421,318,101.211802083333,28.5053854166667,"2025-06-03_hudsoncarbonfieldfluxes.json",FALSE,2025-06-03,"",1,FALSE,TRUE,"single",NA,12.8491989738639,"HM",12.2276421899271,12.8491989738639,0.247375221817467,0.997564653385365,1.05083210436505,0.775259641945608,0.124103441429821,FALSE,"emission","",NA,NA,-0.272975550559445,"HM",-0.271959568089568,-0.272975550559445,0.0202963658411581,0.96815878767248,1.00373578498088,0.136286346792209,0.0218166969382856,FALSE,"uptake","AICc | Intercept",TRUE,"convex (accelerating) trace",0.176486232026831,"HM",0.148196839462574,0.176486232026831,0.127665894919253,0.219243796767954,1.19089066046783,1.01388655161388,0.162319724980187,FALSE,"emission","SE | AICc | Intercept",FALSE,NA,"compost"
"2025-06-03-8C_1",2025-06-03,8,"C",2025-06-03 13:42:32,2025-06-03 13:44:07,2025-06-03 13:42:07,6.27856,318,101.205729166667,29.9380416666667,"2025-06-03_hudsoncarbonfieldfluxes.json",FALSE,2025-06-03,"",1,FALSE,TRUE,"single",NA,16.866545140746,"HM",16.6288373030597,16.866545140746,0.180458501168543,0.999353423254378,1.0142949163164,0.775259641945608,0.122292578238565,FALSE,"emission","AICc",NA,NA,-0.516995739274963,"HM",-0.512630433916678,-0.516995739274963,0.0161834544172702,0.99428815144609,1.00851550175227,0.136286346792209,0.0214983572292077,FALSE,"uptake","AICc",TRUE,"convex (accelerating) trace",0.492155269468942,"HM",0.45267510405549,0.492155269468942,0.137579217087848,0.670473182232112,1.08721523463462,1.01388655161388,0.159969322130801,FALSE,"emission","SE | AICc | Intercept",FALSE,NA,"compost"
"2025-06-03-9A_1",2025-06-03,9,"A",2025-06-03 12:38:12,2025-06-03 12:39:47,2025-06-03 12:37:47,6.19111,318,101.311479166667,29.210471875,"2025-06-03_hudsoncarbonfieldfluxes.json",FALSE,2025-06-03,"",1,FALSE,TRUE,"single",NA,10.6799290256726,"HM",10.4384061571536,10.6799290256726,0.150313295346998,0.99877266209271,1.02313790677262,0.775259641945608,0.121492341315323,FALSE,"emission","",NA,NA,-0.207405076195229,"HM",-0.205850914267225,-0.207405076195229,0.0147202954693348,0.970817136061394,1.00754993939928,0.136286346792209,0.0213576800148449,FALSE,"uptake","AICc",FALSE,NA,0.280374547277274,"HM",0.158154747028976,0.280374547277274,0.194369325701093,0.199842932941565,1.77278616383172,1.01388655161388,0.158913689665895,FALSE,"emission","SE | AICc",FALSE,NA,"compost"
"2025-06-03-9B_1",2025-06-03,9,"B",2025-06-03 12:41:24,2025-06-03 12:42:59,2025-06-03 12:40:59,6.23086,318,101.305,30.2293447916667,"2025-06-03_hudsoncarbonfieldfluxes.json",FALSE,2025-06-03,"",1,FALSE,TRUE,"single",NA,9.47082075231672,"HM",9.21112488505235,9.47082075231672,0.196105039935875,0.997350947898741,1.02819371906311,0.775259641945608,0.121712447441064,FALSE,"emission","AICc",NA,NA,-0.207034867184847,"HM",-0.206494536000328,-0.207034867184847,0.0186716240378125,0.953656900205879,1.00261668514327,0.136286346792209,0.0213963734514186,FALSE,"uptake","AICc | Intercept",TRUE,"convex (accelerating) trace",0.265711312060276,"HM",0.264565306885054,0.265711312060276,0.125366458239421,0.425034511114897,1.00433165326442,1.01388655161388,0.159194268175674,FALSE,"emission","SE | AICc | Intercept",FALSE,NA,"compost"
"2025-06-03-9C_1",2025-06-03,9,"C",2025-06-03 12:44:39,2025-06-03 12:46:14,2025-06-03 12:44:14,6.15931,318,101.296166666667,30.1513270833333,"2025-06-03_hudsoncarbonfieldfluxes.json",FALSE,2025-06-03,"",1,FALSE,TRUE,"single",NA,11.0889171716856,"HM",10.8823195246695,11.0889171716856,0.190276319672743,0.998200209892684,1.01898470694118,0.775259641945608,0.120258965984429,FALSE,"emission","AICc",NA,NA,-0.281444501462419,"HM",-0.28009259596842,-0.281444501462419,0.0172605239947501,0.978092738774903,1.00482663773858,0.136286346792209,0.0211408594698604,FALSE,"uptake","AICc",TRUE,"convex (accelerating) trace",0.575721628947385,"HM",0.316367799938584,0.575721628947385,0.162536976879096,0.594276852144399,1.81978579697159,1.01388655161388,0.157321526812554,FALSE,"emission","SE | Intercept",FALSE,NA,"compost"
"2025-06-03-10A_1",2025-06-03,10,"A",2025-06-03 14:24:30,2025-06-03 14:26:05,2025-06-03 14:24:05,6.35011,318,101.21525,29.3074885416667,"2025-06-03_hudsoncarbonfieldfluxes.json",FALSE,2025-06-03,"",1,FALSE,TRUE,"single",NA,11.6927605472018,"HM",10.632546777788,11.6927605472018,0.239937036015875,0.996737667887629,1.09971400000127,0.775259641945608,0.124106358587473,FALSE,"emission","",NA,NA,-0.174235564001042,"HM",-0.173685757980192,-0.174235564001042,0.017842487882141,0.941273736564286,1.00316552161353,0.136286346792209,0.0218172097584273,FALSE,"uptake","AICc | Intercept",TRUE,"convex (accelerating) trace",0.419522409294145,"HM",0.407000537034779,0.419522409294145,0.113653354346198,0.690369045084917,1.03076623031162,1.01388655161388,0.162324560161434,FALSE,"emission","SE | AICc",FALSE,NA,"control"
"2025-06-03-10B_1",2025-06-03,10,"B",2025-06-03 14:31:26,2025-06-03 14:33:01,2025-06-03 14:31:01,5.99236,318,101.221552083333,30.331790625,"2025-06-03_hudsoncarbonfieldfluxes.json",FALSE,2025-06-03,"",1,FALSE,TRUE,"single",NA,8.99974226958295,"HM",8.46028715383452,8.99974226958295,0.212153609994672,0.996318292068139,1.06376321582701,0.775259641945608,0.116866998662466,FALSE,"emission","",NA,NA,-0.170872887612071,"HM",-0.170420619857325,-0.170872887612071,0.0192627108925796,0.929764862162433,1.00265383235388,0.136286346792209,0.0205445704206991,FALSE,"uptake","AICc | Intercept",TRUE,"convex (accelerating) trace",0.0741883545780149,"HM",0.0742380986294771,0.0741883545780149,0.103440422293119,0.068097835458046,0.999329939042344,1.01388655161388,0.152893260426565,TRUE,"below detection","SE | AICc | Intercept",TRUE,"convex (accelerating) trace","control"
"2025-06-03-10C_1",2025-06-03,10,"C",2025-06-03 14:28:14,2025-06-03 14:29:48,2025-06-03 14:27:49,5.98044,318,101.222768421053,29.8976905263158,"2025-06-03_hudsoncarbonfieldfluxes.json",FALSE,2025-06-03,"",1,FALSE,TRUE,"single",NA,9.15677952973464,"HM",8.843810503576,9.15677952973464,0.220923647904022,0.996421846992175,1.03538848169939,0.775259641945608,0.11763117666348,FALSE,"emission","AICc",NA,NA,-0.166913964158077,"HM",-0.165990075651464,-0.166913964158077,0.0170333261792226,0.941838877874658,1.00556592617352,0.136286346792209,0.0206789086764552,FALSE,"uptake","AICc",TRUE,"convex (accelerating) trace",0.371212368584092,"HM",0.190342005268497,0.371212368584092,0.167749854458135,0.363695879543564,1.95023882437542,1.01388655161388,0.153832526578579,FALSE,"emission","SE | AICc | Intercept",FALSE,NA,"control"
"2025-06-03-11A2_1",2025-06-03,11,"A",2025-06-03 13:49:57,2025-06-03 13:51:32,2025-06-03 13:49:32,6.21814,318,101.211208333333,28.4794666666667,"2025-06-03_hudsoncarbonfieldfluxes.json",FALSE,2025-06-03,"",1,FALSE,TRUE,"single",NA,12.1117655391939,"HM",11.9250184437142,12.1117655391939,0.153315901601147,0.999056421549375,1.01566010957226,0.775259641945608,0.122345202155988,FALSE,"emission","AICc",NA,NA,-0.176450299315111,"HM",-0.176008586870532,-0.176450299315111,0.0204897206186401,0.925583528069106,1.00250960735742,0.136286346792209,0.0215076082221286,FALSE,"uptake","AICc | Intercept",TRUE,"convex (accelerating) trace",0.205195295860196,"HM",0.204733089819,0.205195295860196,0.114227670354073,0.345644554860558,1.00225760301671,1.01388655161388,0.160030599791435,FALSE,"emission","SE | AICc | Intercept",FALSE,NA,"slurry"
"2025-06-03-11B_1",2025-06-03,11,"B",2025-06-03 13:53:37,2025-06-03 13:55:12,2025-06-03 13:53:12,6.19906,318,101.189,29.2054291666667,"2025-06-03_hudsoncarbonfieldfluxes.json",FALSE,2025-06-03,"",1,FALSE,TRUE,"single",NA,14.6691814466043,"HM",14.5398162569869,14.6691814466043,0.237363398040165,0.998545807781569,1.00889730566954,0.775259641945608,0.121017097589516,FALSE,"emission","AICc",NA,NA,-0.207562573212362,"HM",-0.206340552883146,-0.207562573212362,0.0154682212119268,0.967949936463761,1.00592234687821,0.136286346792209,0.0212741348027355,FALSE,"uptake","AICc",TRUE,"convex (accelerating) trace",0.210322379731803,"LM",0.210322379731803,0.521403984914206,0.0263986446546771,0.396732472840657,2.47907039459655,1.01388655161388,0.158263069027918,FALSE,"emission","SE | g-fact. > 2 | Intercept",FALSE,NA,"slurry"
"2025-06-03-11C_1",2025-06-03,11,"C",2025-06-03 13:56:58,2025-06-03 13:58:33,2025-06-03 13:56:33,5.94069,318,101.191802083333,29.4614447916667,"2025-06-03_hudsoncarbonfieldfluxes.json",FALSE,2025-06-03,"",1,FALSE,TRUE,"single",NA,12.1233803215005,"HM",11.7346648623523,12.1233803215005,0.171449331842928,0.998710641186388,1.03312539929413,0.775259641945608,0.116229239765754,FALSE,"emission","",NA,NA,-0.11085344327402,"HM",-0.110400044233367,-0.11085344327402,0.0151265941874954,0.899640722648911,1.00410687372276,0.136286346792209,0.0204324559425754,FALSE,"uptake","AICc | Intercept",TRUE,"convex (accelerating) trace",0.265537937036249,"HM",0.246080896437353,0.265537937036249,0.102747788813561,0.514942230328957,1.07906765978419,1.01388655161388,0.152010329337709,FALSE,"emission","SE | AICc | Intercept",FALSE,NA,"slurry"
"2025-06-03-12A_1",2025-06-03,12,"A",2025-06-03 12:27:10,2025-06-03 12:28:45,2025-06-03 12:26:45,6.33819,318,101.298583333333,29.344903125,"2025-06-03_hudsoncarbonfieldfluxes.json",FALSE,2025-06-03,"",1,FALSE,TRUE,"single",NA,8.82140845705365,"HM",8.60383742646332,8.82140845705365,0.186509495869956,0.997253774245943,1.02528767337248,0.775259641945608,0.124604819102521,FALSE,"emission","AICc",NA,NA,-0.208715604485979,"HM",-0.207864823968245,-0.208715604485979,0.0163165182939631,0.964875170015686,1.00409295089709,0.136286346792209,0.0219048363533647,FALSE,"uptake","AICc",TRUE,"convex (accelerating) trace",0.250204820708173,"HM",0.250076267130367,0.250204820708173,0.166772133953737,0.267357463850394,1.00051405748847,1.01388655161388,0.162973190086929,FALSE,"emission","SE | AICc | Intercept",TRUE,"convex (accelerating) trace","slurry"
"2025-06-03-12B_1",2025-06-03,12,"B",2025-06-03 12:30:43,2025-06-03 12:32:18,2025-06-03 12:30:18,6.07981,318,101.307635416667,28.6889645833333,"2025-06-03_hudsoncarbonfieldfluxes.json",FALSE,2025-06-03,"",1,FALSE,TRUE,"single",NA,15.8680150286968,"HM",15.5582695638122,15.8680150286968,0.373932490874606,0.99663689338447,1.01990873494087,0.775259641945608,0.119163138858511,FALSE,"emission","AICc",NA,NA,-0.210032563756596,"HM",-0.208537960145923,-0.210032563756596,0.0164317999384262,0.964694762457961,1.00716705778472,0.136286346792209,0.0209482191367038,FALSE,"uptake","AICc",FALSE,NA,0.613229601073929,"HM",0.549832900724228,0.613229601073929,0.10642194266595,0.838915938788198,1.11530175852736,1.01388655161388,0.155844676489482,FALSE,"emission","SE | AICc",FALSE,NA,"slurry"
"2025-06-03-12C_1",2025-06-03,12,"C",2025-06-03 12:33:59,2025-06-03 12:35:34,2025-06-03 12:33:34,5.84131,318,101.309260416667,28.8094177083333,"2025-06-03_hudsoncarbonfieldfluxes.json",FALSE,2025-06-03,"",1,FALSE,TRUE,"single",NA,11.1715639023299,"HM",10.3034618098129,11.1715639023299,0.213580088988951,0.997277761072577,1.08425343913928,0.775259641945608,0.114607352485194,FALSE,"emission","",NA,NA,-0.064389121295565,"HM",-0.0642722023209768,-0.064389121295565,0.015771932120213,0.73759795291787,1.00181912195889,0.136286346792209,0.0201473371508612,FALSE,"uptake","AICc | Intercept",FALSE,NA,0.589501491096243,"HM",0.4099142758235,0.589501491096243,0.132095757272245,0.726726770399285,1.43810919956852,1.01388655161388,0.149877802640907,FALSE,"emission","SE | Intercept",FALSE,NA,"slurry"
"2025-06-03-13A_1",2025-06-03,13,"A",2025-06-03 14:13:39,2025-06-03 14:15:14,2025-06-03 14:13:14,6.35806,318,101.1951875,30.105434375,"2025-06-03_hudsoncarbonfieldfluxes.json",FALSE,2025-06-03,"",1,FALSE,TRUE,"single",NA,11.666162584297,"HM",11.5301383795074,11.666162584297,0.163706998231806,0.998881314681231,1.01179727426614,0.775259641945608,0.123951952127135,FALSE,"emission","AICc",NA,NA,-0.227193313800931,"HM",-0.226362791696649,-0.227193313800931,0.0173428522112029,0.966427099181879,1.00366898684212,0.136286346792209,0.0217900659587735,FALSE,"uptake","AICc | Intercept",TRUE,"convex (accelerating) trace",0.347651028498247,"HM",0.283103904919158,0.347651028498247,0.138497373116365,0.482872628106434,1.2279979981114,1.01388655161388,0.162103320494034,FALSE,"emission","SE | AICc | Intercept",FALSE,NA,"slurry"
"2025-06-03-13B_1",2025-06-03,13,"B",2025-06-03 14:16:57,2025-06-03 14:18:32,2025-06-03 14:16:32,6.27856,318,101.205864583333,31.0408885416667,"2025-06-03_hudsoncarbonfieldfluxes.json",FALSE,2025-06-03,"",1,FALSE,TRUE,"single",NA,19.3066487882405,"HM",18.2833639108421,19.3066487882405,0.212393649614211,0.99905049586625,1.05596808565362,0.775259641945608,0.121617438539774,FALSE,"emission","",NA,NA,0.515147119806845,"HM",0.458807086090838,0.515147119806845,0.0151921236600078,0.993582449234444,1.12279678196786,0.136286346792209,0.0213796714133285,FALSE,"emission","",FALSE,NA,1.07260486365394,"HM",0.945315758322995,1.07260486365394,0.12547365904456,0.918604403133294,1.13465247374777,1.01388655161388,0.159052628954837,FALSE,"emission","SE | AICc",FALSE,NA,"slurry"
"2025-06-03-13C_1",2025-06-03,13,"C",2025-06-03 14:20:21,2025-06-03 14:21:56,2025-06-03 14:19:56,6.00031,318,101.207614583333,30.4416583333333,"2025-06-03_hudsoncarbonfieldfluxes.json",FALSE,2025-06-03,"",1,FALSE,TRUE,"single",NA,14.278408456247,"HM",14.0606227542206,14.278408456247,0.189228933150975,0.998959987214914,1.0154890509356,0.775259641945608,0.117011309411027,FALSE,"emission","AICc",NA,NA,-0.149425375364513,"HM",-0.148450416249421,-0.149425375364513,0.0170562337989864,0.927536580724311,1.00656757414175,0.136286346792209,0.0205699394501958,FALSE,"uptake","AICc",FALSE,NA,0.420715606684145,"HM",0.349016113191719,0.420715606684145,0.122334331541975,0.639823768259331,1.20543318999441,1.01388655161388,0.153031994793858,FALSE,"emission","SE | AICc",FALSE,NA,"slurry"
"2025-06-03-14A_1",2025-06-03,14,"A",2025-06-03 14:09:46,2025-06-03 14:11:21,2025-06-03 14:09:21,5.98044,318,101.1946875,28.951215625,"2025-06-03_hudsoncarbonfieldfluxes.json",FALSE,2025-06-03,"",1,FALSE,TRUE,"single",NA,11.5085564731783,"HM",10.6942140285562,11.5085564731783,0.12551368139337,0.998893183752433,1.07614794714671,0.775259641945608,0.117005248665839,FALSE,"emission","",NA,NA,0.314547387675353,"HM",0.17372174600982,0.314547387675353,0.0448655983160254,0.842557563779833,1.81063911053239,0.136286346792209,0.0205688740047944,FALSE,"emission","",TRUE,"closure sigma = 0.21 ppb = 1.5x campaign sigma (disturbed closure?)",0.181610687906124,"HM",0.181182881259348,0.181610687906124,0.115536877791647,0.286674186749607,1.00236118690576,1.01388655161388,0.153034225672137,FALSE,"emission","SE | AICc | Intercept",FALSE,NA,"compost"
"2025-06-03-14B2_1",2025-06-03,14,"B",2025-06-03 14:02:36,2025-06-03 14:04:11,2025-06-03 14:02:11,6.3199,318,101.203604166667,30.2609958333333,"2025-06-03_hudsoncarbonfieldfluxes.json",FALSE,2025-06-03,"",1,FALSE,TRUE,"single",NA,10.4316881411147,"HM",10.2852093161916,10.4316881411147,0.162070340971222,0.998595028576884,1.01424169605305,0.775259641945608,0.123310640928316,FALSE,"emission","AICc",NA,NA,-0.196055308420738,"HM",-0.194780199363855,-0.196055308420738,0.0170828794898321,0.956540936703032,1.00654639979345,0.136286346792209,0.0216773270056345,FALSE,"uptake","AICc",FALSE,NA,0.277084837279601,"HM",0.275419910765482,0.277084837279601,0.12147482064818,0.461366734800081,1.00604504775814,1.01388655161388,0.161260152200316,FALSE,"emission","SE | AICc",FALSE,NA,"compost"
"2025-06-03-14C_1",2025-06-03,14,"C",2025-06-03 14:06:01,2025-06-03 14:07:36,2025-06-03 14:05:36,6.45744,318,101.191166666667,30.407034375,"2025-06-03_hudsoncarbonfieldfluxes.json",FALSE,2025-06-03,"",1,FALSE,TRUE,"single",NA,12.9442823286761,"HM",12.2001020543052,12.9442823286761,0.196601513319227,0.998340669453322,1.06099787289143,0.775259641945608,0.125619955680746,FALSE,"emission","",NA,NA,-0.08522545024986,"HM",-0.0851672108723735,-0.08522545024986,0.0208033009499103,0.739849115235386,1.00068382393752,0.136286346792209,0.0220832917356083,FALSE,"uptake","AICc | Intercept",TRUE,"convex (accelerating) trace",0.154607577198637,"HM",0.154600379369104,0.154607577198637,0.116753006863521,0.221056171448601,1.0000465576447,1.01388655161388,0.164343324544552,TRUE,"below detection","SE | AICc | Intercept",TRUE,"convex (accelerating) trace","compost"
"2025-06-03-15A_1",2025-06-03,15,"A",2025-06-03 12:09:55,2025-06-03 12:11:30,2025-06-03 12:09:30,6.00031,318,101.280385416667,26.3483385416667,"2025-06-03_hudsoncarbonfieldfluxes.json",FALSE,2025-06-03,"",1,FALSE,TRUE,"single",NA,10.3930414842727,"HM",9.86430171928905,10.3930414842727,0.182474410966785,0.99792246385403,1.0536013374317,0.775259641945608,0.118807951401053,FALSE,"emission","",NA,NA,-0.179351658401854,"HM",-0.178079850334991,-0.179351658401854,0.016609831029671,0.951085448096693,1.00714178535342,0.136286346792209,0.020885779150944,FALSE,"uptake","AICc",FALSE,NA,0.21725429399144,"HM",0.188403985818147,0.21725429399144,0.130849722344105,0.294353952109992,1.1531300309174,1.01388655161388,0.15535565430212,FALSE,"emission","SE | AICc | Intercept",FALSE,NA,"control"
"2025-06-03-15B2_1",2025-06-03,15,"B",2025-06-03 12:18:48,2025-06-03 12:20:23,2025-06-03 12:18:23,6.33898,318,101.291864583333,26.7169270833333,"2025-06-03_hudsoncarbonfieldfluxes.json",FALSE,2025-06-03,"",1,FALSE,TRUE,"single",NA,10.0192006709729,"HM",9.4927123452742,10.0192006709729,0.185633019093506,0.997694915082682,1.0554623701371,0.775259641945608,0.125649641765753,FALSE,"emission","",NA,NA,-0.207794620898689,"HM",-0.207137514268529,-0.207794620898689,0.0198784784933248,0.948218876939231,1.00317232072848,0.136286346792209,0.0220885103847642,FALSE,"uptake","AICc | Intercept",TRUE,"convex (accelerating) trace",0.186711591434929,"HM",0.185036090028884,0.186711591434929,0.113321542779652,0.306046201476188,1.00905499789681,1.01388655161388,0.164355892998367,FALSE,"emission","SE | AICc",FALSE,NA,"control"
"2025-06-03-15C_1",2025-06-03,15,"C",2025-06-03 12:22:08,2025-06-03 12:23:43,2025-06-03 12:21:43,6.23881,318,101.2784375,28.1974947916667,"2025-06-03_hudsoncarbonfieldfluxes.json",FALSE,2025-06-03,"",1,FALSE,TRUE,"single",NA,11.6128328171779,"HM",11.4550477080048,11.6128328171779,0.192515956776242,0.998399698356279,1.013774286515,0.775259641945608,0.12268438468104,FALSE,"emission","AICc",NA,NA,-0.165324235645374,"HM",-0.164706344091035,-0.165324235645374,0.0202062613892495,0.91824028681847,1.00375147392014,0.136286346792209,0.0215672346295076,FALSE,"uptake","AICc | Intercept",TRUE,"convex (accelerating) trace",0.240654892732996,"HM",0.221132775317025,0.240654892732996,0.14786186663206,0.292251366580237,1.08828233348938,1.01388655161388,0.160420765097206,FALSE,"emission","SE | AICc | Intercept",FALSE,NA,"control"
"2025-06-19_1A_1",2025-06-19,1,"A",2025-06-19 13:59:25,2025-06-19 14:01:00,2025-06-19 13:59:00,6.22291,318,99.8583958333333,34.0418739583333,"2025-06-19_hudsoncarbonfieldfluxes.json",FALSE,2025-06-19,"",1,FALSE,TRUE,"single",NA,16.2527291384107,"LM",16.2527291384107,16.3353756055288,0.139430573009351,0.993056268602726,1.00508508241381,0.985455122959823,0.147307050142984,FALSE,"emission","RMSE | SE | AICc",NA,NA,-0.196959478473324,"HM",-0.195898721017233,-0.196959478473324,0.0152798582356671,0.965310703896111,1.00541482583747,0.136286346792209,0.0203722516155031,FALSE,"uptake","AICc | Intercept",TRUE,"convex (accelerating) trace",-0.080154266899685,"LM",-0.080154266899685,-0.894736171119087,0.941841964848185,-0.010560434780885,11.1626767448185,0.962611434524569,0.143933237872364,TRUE,"below detection","MAE | SE | AICc | g-fact. > 2 | p-value | Intercept",FALSE,NA,"slurry"
"2025-06-19_1B_1",2025-06-19,1,"B",2025-06-19 14:02:33,2025-06-19 14:04:08,2025-06-19 14:02:08,6.22132,318,99.83751875,33.5020333333333,"2025-06-19_hudsoncarbonfieldfluxes.json",FALSE,2025-06-19,"",1,FALSE,TRUE,"single",NA,17.567019627408,"HM",15.9670130684137,17.567019627408,0.233313953078639,0.998254669662671,1.10020700503837,0.985455122959823,0.147798532761689,FALSE,"emission","",NA,NA,-0.234445696577117,"HM",-0.233182644747228,-0.234445696577117,0.0154732184307524,0.974721065448706,1.00541657734115,0.136286346792209,0.0204402226159621,FALSE,"uptake","AICc | Intercept",TRUE,"convex (accelerating) trace",0.355148624437041,"HM",0.297082440287655,0.355148624437041,0.109598784071218,0.612932707008567,1.19545478384102,0.962611434524569,0.144430831435087,FALSE,"emission","SE | AICc",FALSE,NA,"slurry"
"2025-06-19_1C_1",2025-06-19,1,"C",2025-06-19 14:05:54,2025-06-19 14:07:29,2025-06-19 14:05:29,6.00031,318,99.8480489583333,34.4760635416667,"2025-06-19_hudsoncarbonfieldfluxes.json",FALSE,2025-06-19,"",1,FALSE,TRUE,"single",NA,15.2021046155287,"HM",15.1117456705923,15.2021046155287,0.408807443623288,0.995862677549448,1.00597938497021,0.985455122959823,0.141633291988507,FALSE,"emission","RMSE | AICc",NA,NA,-0.301497162395127,"HM",-0.297980889895527,-0.301497162395127,0.01394866080054,0.987360622789027,1.01180032887623,0.136286346792209,0.0195875829345654,FALSE,"uptake","AICc",FALSE,NA,0.0579396845717074,"HM",0.0579195314947067,0.0579396845717074,0.0773822876345745,0.0767207953680871,1.00034794958593,0.962611434524569,0.138383001922432,TRUE,"below detection","SE | AICc | Intercept",FALSE,NA,"slurry"
"2025-06-19_2A2_1",2025-06-19,2,"A",2025-06-19 13:49:16,2025-06-19 13:50:51,2025-06-19 13:48:51,6.18316,318,99.9015385416667,32.5130041666667,"2025-06-19_hudsoncarbonfieldfluxes.json",FALSE,2025-06-19,"",1,FALSE,TRUE,"single",NA,14.1585350835434,"HM",13.9367399150254,14.1585350835434,0.216866625833645,0.998589221794771,1.01591442258881,0.985455122959823,0.148254826132308,FALSE,"emission","AICc",NA,NA,-0.170391950155908,"HM",-0.16983510560799,-0.170391950155908,0.0173836261674763,0.941328052953474,1.0032787364304,0.136286346792209,0.0205033270182818,FALSE,"uptake","AICc",TRUE,"convex (accelerating) trace",0.194922502434783,"HM",0.194198986046041,0.194922502434783,0.110606236524448,0.336796796957168,1.00372564452304,0.962611434524569,0.144858192380697,FALSE,"emission","SE | AICc",FALSE,NA,"control"
"2025-06-19_2B_1",2025-06-19,2,"B",2025-06-19 13:52:33,2025-06-19 13:54:08,2025-06-19 13:52:08,6.07186,318,99.8923885416667,31.2512458333333,"2025-06-19_hudsoncarbonfieldfluxes.json",FALSE,2025-06-19,"",1,FALSE,TRUE,"single",NA,19.1576684680653,"HM",18.8372581558254,19.1576684680653,0.164892495637633,0.999558066029936,1.01700939221565,0.985455122959823,0.146078890554639,FALSE,"emission","AICc",NA,NA,-0.28046340368558,"HM",-0.277358765677087,-0.28046340368558,0.0142530989171258,0.98475068871117,1.01119358171686,0.136286346792209,0.0202023997575405,FALSE,"uptake","AICc",FALSE,NA,0.141087593358274,"HM",0.119746884424659,0.141087593358274,0.0949007018076418,0.247353381660116,1.17821514969804,0.962611434524569,0.14274663621052,TRUE,"below detection","SE | AICc | Intercept",FALSE,NA,"control"
"2025-06-19_2C_1",2025-06-19,2,"C",2025-06-19 13:55:48,2025-06-19 13:57:23,2025-06-19 13:55:23,6.23086,318,99.8736416666667,33.0697083333333,"2025-06-19_hudsoncarbonfieldfluxes.json",FALSE,2025-06-19,"",1,FALSE,TRUE,"single",NA,17.7206607127618,"HM",17.5696586920082,17.7206607127618,0.294254916997943,0.998507715274099,1.00859447661452,0.985455122959823,0.148631942047287,FALSE,"emission","AICc",NA,NA,-0.176783194083138,"HM",-0.17637744894768,-0.176783194083138,0.0187053700171297,0.937534179630509,1.00230043658006,0.136286346792209,0.020555481346949,FALSE,"uptake","AICc | Intercept",TRUE,"convex (accelerating) trace",0.192640419609757,"HM",0.192195308455716,0.192640419609757,0.103183899213535,0.363834129802723,1.00231593142214,0.962611434524569,0.145251162520631,FALSE,"emission","SE | AICc | Intercept",FALSE,NA,"control"
"2025-06-19_3A_1",2025-06-19,3,"A",2025-06-19 13:37:52,2025-06-19 13:39:27,2025-06-19 13:37:27,6.12751,318,99.9166135416667,33.041946875,"2025-06-19_hudsoncarbonfieldfluxes.json",FALSE,2025-06-19,"",1,FALSE,TRUE,"single",NA,21.3269358746604,"HM",17.4473806645189,21.3269358746604,0.385035268682068,0.995073652697896,1.22235745781778,0.985455122959823,0.146088333983277,FALSE,"emission","",NA,NA,-0.0735513408810261,"HM",-0.0734402334933776,-0.0735513408810261,0.0198600129990057,0.695005851280115,1.00151289534855,0.136286346792209,0.0202037057636288,FALSE,"uptake","AICc | Intercept",TRUE,"convex (accelerating) trace",0.226123125522903,"HM",0.189250251395039,0.226123125522903,0.123485981377437,0.333356543893295,1.19483659258606,0.962611434524569,0.142760432049033,FALSE,"emission","SE | AICc",FALSE,NA,"compost"
"2025-06-19_3B_1",2025-06-19,3,"B",2025-06-19 13:41:04,2025-06-19 13:42:39,2025-06-19 13:40:39,5.97646,318,99.8978770833333,33.168534375,"2025-06-19_hudsoncarbonfieldfluxes.json",FALSE,2025-06-19,"",1,FALSE,TRUE,"single",NA,21.6614491834615,"HM",20.4436946397204,21.6614491834615,0.725016237107296,0.992925186724874,1.05956626555041,0.985455122959823,0.142282547162739,FALSE,"emission","SE",NA,NA,0.464924336688783,"HM",0.377603334364463,0.464924336688783,0.0199377651273134,0.985067536539463,1.23125061242186,0.136286346792209,0.0196773735437675,FALSE,"emission","Intercept (LM)",FALSE,NA,0.211895624389038,"LM",0.211895624389038,0.466248595657231,0.0231891726643217,0.464781222949793,2.20036915345266,0.962611434524569,0.139037892080887,FALSE,"emission","SE | g-fact. > 2 | Intercept",FALSE,NA,"compost"
"2025-06-19_3C_1",2025-06-19,3,"C",2025-06-19 13:44:17,2025-06-19 13:45:52,2025-06-19 13:43:52,6.35011,318,99.886109375,32.7550302083333,"2025-06-19_hudsoncarbonfieldfluxes.json",FALSE,2025-06-19,"",1,FALSE,TRUE,"single",NA,15.0982421429099,"HM",14.8897711898379,15.0982421429099,0.439337410886432,0.994971354635954,1.0140009507476,0.985455122959823,0.151437228474706,FALSE,"emission","AICc",NA,NA,-0.159811512265707,"HM",-0.159244173389787,-0.159811512265707,0.0158677184395725,0.944329668059051,1.00356269786104,0.136286346792209,0.0209434464911662,FALSE,"uptake","AICc | Intercept",TRUE,"convex (accelerating) trace",0.234502176665965,"HM",0.207294499319634,0.234502176665965,0.114063551001051,0.394465430551993,1.13125132328947,0.962611434524569,0.147989064107577,FALSE,"emission","SE | AICc | Intercept",FALSE,NA,"compost"
"2025-06-19_4A_1",2025-06-19,4,"A",2025-06-19 14:32:20,2025-06-19 14:33:55,2025-06-19 14:31:55,6.16726,318,99.8192177083333,28.7666885416667,"2025-06-19_hudsoncarbonfieldfluxes.json",FALSE,2025-06-19,"",1,FALSE,TRUE,"single",NA,13.8622650259467,"HM",13.221295454256,13.8622650259467,0.169174603857486,0.998934847890499,1.04848008834749,0.985455122959823,0.150310956698503,FALSE,"emission","",NA,NA,-0.23090904148299,"HM",-0.228318059614631,-0.23090904148299,0.0152772097230534,0.974420228684422,1.01134812494785,0.136286346792209,0.0207876855008404,FALSE,"uptake","AICc",FALSE,NA,0.195368901290733,"HM",0.194016793276946,0.195368901290733,0.0935166228168318,0.417574854875472,1.0069690256753,0.962611434524569,0.146909238719644,FALSE,"emission","SE | AICc | Intercept",FALSE,NA,"compost"
"2025-06-19_4B_1",2025-06-19,4,"B",2025-06-19 14:35:33,2025-06-19 14:37:08,2025-06-19 14:35:08,6.17521,318,99.8329833333333,28.3315354166667,"2025-06-19_hudsoncarbonfieldfluxes.json",FALSE,2025-06-19,"",1,FALSE,TRUE,"single",NA,13.9398630392707,"HM",13.2399747365001,13.9398630392707,0.12139564029431,0.999352520603539,1.05286175515435,0.985455122959823,0.150691542385968,FALSE,"emission","",NA,NA,-0.27685496683585,"HM",-0.246328023254092,-0.27685496683585,0.0196024689442756,0.968196577552856,1.12392801752105,0.136286346792209,0.02084031969166,FALSE,"uptake","",FALSE,NA,0.176714120613378,"HM",0.176363090638587,0.176714120613378,0.287725182156712,0.0498793076395082,1.0019903823046,0.962611434524569,0.147282778781719,FALSE,"emission","SE | AICc | Intercept",FALSE,NA,"compost"
"2025-06-19_4C_1",2025-06-19,4,"C",2025-06-19 14:38:51,2025-06-19 14:40:26,2025-06-19 14:38:26,6.09571,318,99.8258395833333,27.893115625,"2025-06-19_hudsoncarbonfieldfluxes.json",FALSE,2025-06-19,"",1,FALSE,TRUE,"single",NA,17.178305247912,"HM",16.8837418001423,17.178305247912,0.128325777008567,0.999646160433762,1.01744657382567,0.985455122959823,0.149031060559829,FALSE,"emission","",NA,NA,-0.257845353728233,"HM",-0.25551953953093,-0.257845353728233,0.0145197071429639,0.981415074590539,1.00910229488349,0.136286346792209,0.0206106785880453,FALSE,"uptake","AICc",FALSE,NA,0.369774886041288,"HM",0.278613279170282,0.369774886041288,0.115255477923732,0.593939063323822,1.32719763803968,0.962611434524569,0.145659512173389,FALSE,"emission","SE | AICc | Intercept",FALSE,NA,"compost"
"2025-06-19_5A_1",2025-06-19,5,"A",2025-06-19 14:22:35,2025-06-19 14:24:10,2025-06-19 14:22:10,6.03211,318,99.8222072916667,29.2846572916667,"2025-06-19_hudsoncarbonfieldfluxes.json",FALSE,2025-06-19,"",1,FALSE,TRUE,"single",NA,18.8582980119359,"HM",18.6137198047263,18.8582980119359,0.134386976124792,0.99974233541259,1.01313967384142,0.985455122959823,0.146409476612685,FALSE,"emission","AICc",NA,NA,-0.347289788541993,"HM",-0.345734004261148,-0.347289788541993,0.0172252709185764,0.985675832840864,1.00449994580131,0.136286346792209,0.0202481191059937,FALSE,"uptake","AICc",TRUE,"convex (accelerating) trace",0.165885580075869,"HM",0.165409291404165,0.165885580075869,0.0890188168266663,0.362846160477472,1.0028794553659,0.962611434524569,0.143091991960715,FALSE,"emission","SE | AICc | Intercept",FALSE,NA,"control"
"2025-06-19_5B_1",2025-06-19,5,"B",2025-06-19 14:25:46,2025-06-19 14:27:21,2025-06-19 14:25:21,6.18316,318,99.8181479166667,29.2093375,"2025-06-19_hudsoncarbonfieldfluxes.json",FALSE,2025-06-19,"",1,FALSE,TRUE,"single",NA,14.781204828032,"HM",14.5674853813728,14.781204828032,0.151838559545339,0.999394286928377,1.01467099098191,0.985455122959823,0.15020874041659,FALSE,"emission","AICc",NA,NA,-0.350031352486952,"HM",-0.347523332604905,-0.350031352486952,0.0159761722792034,0.987800614474441,1.0072168388328,0.136286346792209,0.0207735492065333,FALSE,"uptake","AICc",TRUE,"convex (accelerating) trace",0.169992147450215,"HM",0.169541850994781,0.169992147450215,0.08316213481498,0.407544615250606,1.00265596047697,0.962611434524569,0.146810246281698,FALSE,"emission","SE | AICc | Intercept",FALSE,NA,"control"
"2025-06-19_5C_1",2025-06-19,5,"C",2025-06-19 14:29:00,2025-06-19 14:30:35,2025-06-19 14:28:35,6.31036,318,99.81790625,28.55131875,"2025-06-19_hudsoncarbonfieldfluxes.json",FALSE,2025-06-19,"",1,FALSE,TRUE,"single",NA,15.1918470506692,"HM",14.4032964321457,15.1918470506692,0.109914049235522,0.999482482090672,1.05474792678457,0.985455122959823,0.153706293138686,FALSE,"emission","",NA,NA,-0.320458388487773,"HM",-0.317197454861038,-0.320458388487773,0.0142530155747365,0.988356216121761,1.01028045331626,0.136286346792209,0.0212572533063973,FALSE,"uptake","AICc",FALSE,NA,0.181119290695483,"HM",0.180793828457584,0.181119290695483,0.0810715626567595,0.451700366058505,1.00180018444587,0.962611434524569,0.150231587892854,FALSE,"emission","SE | AICc | Intercept",FALSE,NA,"control"
"2025-06-19_6A_1",2025-06-19,6,"A",2025-06-19 14:12:02,2025-06-19 14:13:37,2025-06-19 14:11:37,5.96851,318,99.8289916666667,32.485053125,"2025-06-19_hudsoncarbonfieldfluxes.json",FALSE,2025-06-19,"",1,FALSE,TRUE,"single",NA,17.997077994657,"HM",17.2354096326784,17.997077994657,0.15958504528571,0.999389178295265,1.04419206611338,0.985455122959823,0.142844638479501,FALSE,"emission","",NA,NA,-0.293851744546987,"HM",-0.291391191751718,-0.293851744546987,0.0141579348467911,0.986374043959776,1.00844415639497,0.136286346792209,0.0197551095769368,FALSE,"uptake","AICc",TRUE,"convex (accelerating) trace",0.375216576999219,"HM",0.208570668741568,0.375216576999219,0.132258376177724,0.489228943839173,1.79899014210927,0.962611434524569,0.139602004217617,FALSE,"emission","SE | Intercept (HM)",FALSE,NA,"slurry"
"2025-06-19_6B_1",2025-06-19,6,"B",2025-06-19 14:15:20,2025-06-19 14:16:55,2025-06-19 14:14:55,6.43756,318,99.8342489583333,31.354428125,"2025-06-19_hudsoncarbonfieldfluxes.json",FALSE,2025-06-19,"",1,FALSE,TRUE,"single",NA,17.9972275685387,"HM",16.996587013501,17.9972275685387,0.191033280463669,0.999079415302291,1.0588730286994,0.985455122959823,0.15471207721382,FALSE,"emission","",NA,NA,-0.15774309073065,"HM",-0.156290005685277,-0.15774309073065,0.0141701185378439,0.953759773523915,1.00929736382695,0.136286346792209,0.0213963511040221,FALSE,"uptake","AICc | Intercept",FALSE,NA,0.302921726360612,"HM",0.249943790728059,0.302921726360612,0.124510215197709,0.469008456807076,1.21195939886418,0.962611434524569,0.151194668471673,FALSE,"emission","SE | AICc | Intercept",FALSE,NA,"slurry"
"2025-06-19_6C_1",2025-06-19,6,"C",2025-06-19 14:18:57,2025-06-19 14:20:32,2025-06-19 14:18:32,6.36601,318,99.8358104166667,30.3834520833333,"2025-06-19_hudsoncarbonfieldfluxes.json",FALSE,2025-06-19,"",1,FALSE,TRUE,"single",NA,23.7189739144088,"HM",23.411763140675,23.7189739144088,0.193617744697457,0.999646861546657,1.01312206910209,0.985455122959823,0.153547364711338,FALSE,"emission","AICc",NA,NA,-0.376534073884703,"HM",-0.374091637791959,-0.376534073884703,0.0172038142737047,0.987793143545633,1.00652897805244,0.136286346792209,0.0212352738430407,FALSE,"uptake","AICc",TRUE,"convex (accelerating) trace",0.68777135716154,"HM",0.592356145943956,0.68777135716154,0.264052329089972,0.509097271198875,1.16107743942714,0.962611434524569,0.150059374925187,FALSE,"emission","SE | AICc | Intercept",FALSE,NA,"slurry"
"2025-06-19_7A_1",2025-06-19,7,"A",2025-06-19 11:45:29,2025-06-19 11:47:04,2025-06-19 11:45:04,6.16726,318,99.9498791666667,31.2730729166667,"2025-06-19_hudsoncarbonfieldfluxes.json",FALSE,2025-06-19,"",1,FALSE,TRUE,"single",NA,19.6417679392529,"HM",18.0839341882828,19.6417679392529,0.206814009728236,0.998841641458266,1.08614462620526,0.985455122959823,0.148275931819948,FALSE,"emission","",NA,NA,-0.169974674374333,"HM",-0.163510660364695,-0.169974674374333,0.0146874806283169,0.956260684953291,1.03953267631126,0.136286346792209,0.0205062458899767,FALSE,"uptake","AICc",FALSE,NA,0.538452595709267,"HM",0.508834118538487,0.538452595709267,0.0964487136637534,0.83445813547871,1.05820851254207,0.962611434524569,0.144900918455034,FALSE,"emission","SE | AICc | Intercept",FALSE,NA,"control"
"2025-06-19_7B_1",2025-06-19,7,"B",2025-06-19 11:48:50,2025-06-19 11:50:25,2025-06-19 11:48:25,6.32626,318,99.9569166666667,31.6940239583333,"2025-06-19_hudsoncarbonfieldfluxes.json",FALSE,2025-06-19,"",1,FALSE,TRUE,"single",NA,17.712240138259,"HM",17.406779035808,17.712240138259,0.225611691510777,0.999003234043594,1.01754839892105,0.985455122959823,0.151559481910934,FALSE,"emission","AICc",NA,NA,-0.23532827621117,"HM",-0.233920246632543,-0.23532827621117,0.0175746281503211,0.967791356585167,1.00601927194801,0.136286346792209,0.0209603538812829,FALSE,"uptake","AICc",TRUE,"convex (accelerating) trace",0.843770014779482,"HM",0.802717702894739,0.843770014779482,0.109539516289865,0.905936739929886,1.05114165507588,0.962611434524569,0.148116217878988,FALSE,"emission","SE | AICc",FALSE,NA,"control"
"2025-06-19_7C_1",2025-06-19,7,"C",2025-06-19 11:52:37,2025-06-19 11:54:12,2025-06-19 11:52:12,6.22291,318,99.9521927083333,30.765934375,"2025-06-19_hudsoncarbonfieldfluxes.json",FALSE,2025-06-19,"",1,FALSE,TRUE,"single",NA,15.520845173185,"HM",15.2945354795541,15.520845173185,0.143137717613188,0.999513757202968,1.01479676803087,0.985455122959823,0.150120336067302,FALSE,"emission","AICc",NA,NA,-0.193040136586289,"HM",-0.190558085712888,-0.193040136586289,0.016556904523166,0.957607502107643,1.01302516691493,0.136286346792209,0.0207613230731212,FALSE,"uptake","AICc",FALSE,NA,0.305736809271337,"HM",0.305153139083448,0.305736809271337,0.106803431616369,0.576137949939689,1.00191271238317,0.962611434524569,0.146717850751855,FALSE,"emission","SE | AICc",FALSE,NA,"control"
"2025-06-19_8A_1",2025-06-19,8,"A",2025-06-19 11:58:11,2025-06-19 11:59:46,2025-06-19 11:57:46,6.22132,318,99.96041875,32.5996510416667,"2025-06-19_hudsoncarbonfieldfluxes.json",FALSE,2025-06-19,"",1,FALSE,TRUE,"single",NA,15.3594351186214,"HM",12.7401733162895,15.3594351186214,0.237609237599178,0.995950129725231,1.20559075118569,0.985455122959823,0.148321934881448,FALSE,"emission","",NA,NA,-0.205840533564589,"HM",-0.204443487438599,-0.205840533564589,0.0156761035501548,0.966486769585075,1.0068334097774,0.136286346792209,0.0205126080155033,FALSE,"uptake","AICc | Intercept",TRUE,"convex (accelerating) trace",0.159844542748148,"HM",0.0884916387943954,0.159844542748148,0.138292381003738,0.130837845704975,1.80632368126368,0.962611434524569,0.144970561569941,FALSE,"emission","SE | AICc | Intercept",FALSE,NA,"compost"
"2025-06-19_8B_1",2025-06-19,8,"B",2025-06-19 12:01:32,2025-06-19 12:03:07,2025-06-19 12:01:07,6.33421,318,99.9576822916667,32.1675697916667,"2025-06-19_hudsoncarbonfieldfluxes.json",FALSE,2025-06-19,"",1,FALSE,TRUE,"single",NA,18.9442243849121,"HM",17.1804278416038,18.9442243849121,0.239595345542641,0.99831488082065,1.10266313269784,0.985455122959823,0.151385987836113,FALSE,"emission","",NA,NA,-0.182726760080745,"HM",-0.181724200190896,-0.182726760080745,0.0181384118506131,0.944351803794178,1.00551693109006,0.136286346792209,0.0209363600198715,FALSE,"uptake","AICc",TRUE,"convex (accelerating) trace",0.109683524069456,"LM",0.109683524069456,0.260879585898219,0.0244809861715024,0.16720423279071,2.37847560161378,0.962611434524569,0.147943087209121,TRUE,"below detection","SE | AICc | g-fact. > 2 | Intercept (LM)",FALSE,NA,"compost"
"2025-06-19_8C_1",2025-06-19,8,"C",2025-06-19 12:04:46,2025-06-19 12:06:21,2025-06-19 12:04:21,6.27856,318,99.9592270833333,32.704140625,"2025-06-19_hudsoncarbonfieldfluxes.json",FALSE,2025-06-19,"",1,FALSE,TRUE,"single",NA,22.1312688496795,"HM",21.9038795995241,22.1312688496795,0.390371919264839,0.998216381812032,1.01038123174126,0.985455122959823,0.149382654063488,FALSE,"emission","AICc",NA,NA,-0.508920094262609,"HM",-0.453606498168281,-0.508920094262609,0.016570254804324,0.992381609854118,1.12194180708983,0.136286346792209,0.02065930322153,FALSE,"uptake","",FALSE,NA,0.219988585549824,"HM",0.219813946600311,0.219988585549824,0.0989150533271921,0.449029604824516,1.00079448530093,0.962611434524569,0.14595452555072,FALSE,"emission","SE | AICc | Intercept",TRUE,"convex (accelerating) trace","compost"
"2025-06-19_9A_1",2025-06-19,9,"A",2025-06-19 12:13:21,2025-06-19 12:14:56,2025-06-19 12:12:56,6.19111,318,99.96809375,32.0658822916667,"2025-06-19_hudsoncarbonfieldfluxes.json",FALSE,2025-06-19,"",1,FALSE,TRUE,"single",NA,16.5942553216197,"HM",15.4402730135954,16.5942553216197,0.232897816265138,0.99842130444788,1.07473846524658,0.985455122959823,0.148478585482009,FALSE,"emission","",NA,NA,-0.128171547097333,"HM",-0.128000413782018,-0.128171547097333,0.0199686233921704,0.872186283004329,1.0013369747039,0.136286346792209,0.0205342724602616,FALSE,"uptake","AICc | Intercept",TRUE,"convex (accelerating) trace",0.182360836974277,"HM",0.182245455770448,0.182360836974277,0.116609574069285,0.284779423222781,1.00063310881109,0.962611434524569,0.145115009324021,FALSE,"emission","SE | AICc | Intercept",TRUE,"convex (accelerating) trace","compost"
"2025-06-19_9B_1",2025-06-19,9,"B",2025-06-19 12:10:03,2025-06-19 12:11:37,2025-06-19 12:09:38,6.23086,318,99.9720989473684,32.709072631579,"2025-06-19_hudsoncarbonfieldfluxes.json",FALSE,2025-06-19,"",1,FALSE,TRUE,"single",NA,15.0977327644524,"HM",14.9072070812932,15.0977327644524,0.304444330211451,0.997660477428185,1.01278077658144,0.985455122959823,0.150002964152527,FALSE,"emission","AICc",NA,NA,-0.0587948949602325,"HM",-0.0586397953671857,-0.0587948949602325,0.013176925186289,0.770471720057038,1.00264495454112,0.136286346792209,0.0207450907870353,FALSE,"uptake","AICc",FALSE,NA,0.398310809786413,"HM",0.393917513500315,0.398310809786413,0.1025491257313,0.716088992179659,1.01115283310727,0.962611434524569,0.14656779227196,FALSE,"emission","SE | AICc",FALSE,NA,"compost"
"2025-06-19_9C2_1",2025-06-19,9,"C",2025-06-19 12:18:12,2025-06-19 12:19:47,2025-06-19 12:17:47,6.1609,318,99.963953125,32.8938166666667,"2025-06-19_hudsoncarbonfieldfluxes.json",FALSE,2025-06-19,"",1,FALSE,TRUE,"single",NA,16.6915759869104,"HM",16.0530170234713,16.6915759869104,0.28770107360856,0.998086285259937,1.03977812784385,0.985455122959823,0.146531557489279,FALSE,"emission","",NA,NA,-0.283553117611515,"HM",-0.280433210030049,-0.283553117611515,0.0160747305670678,0.981099505133761,1.0111253142277,0.136286346792209,0.0202650026314802,FALSE,"uptake","AICc",FALSE,NA,0.497645584370294,"HM",0.455647493614377,0.497645584370294,0.115527855805089,0.746589552331428,1.09217232914588,0.962611434524569,0.143198085463033,FALSE,"emission","SE | AICc",FALSE,NA,"compost"
"2025-06-19_10A_1",2025-06-19,10,"A",2025-06-19 12:49:09,2025-06-19 12:50:44,2025-06-19 12:48:44,6.35011,318,99.9380375,32.8910416666667,"2025-06-19_hudsoncarbonfieldfluxes.json",FALSE,2025-06-19,"",1,FALSE,TRUE,"single",NA,15.850316371939,"HM",13.8588068741437,15.850316371939,0.332917043939202,0.995921467166764,1.14369992423452,0.985455122959823,0.151715160770269,FALSE,"emission","",NA,NA,-0.129402451599959,"HM",-0.128891600780437,-0.129402451599959,0.0183959217415149,0.892128576478638,1.0039634143453,0.136286346792209,0.0209818839362973,FALSE,"uptake","AICc",TRUE,"convex (accelerating) trace",0.647760423191758,"HM",0.429755442306212,0.647760423191758,0.155899542137552,0.693075026215537,1.50727683567114,0.962611434524569,0.148276435855534,FALSE,"emission","SE | Intercept (LM)",FALSE,NA,"control"
"2025-06-19_10B_1",2025-06-19,10,"B",2025-06-19 12:52:41,2025-06-19 12:54:16,2025-06-19 12:52:16,5.99236,318,99.9438239583333,32.9115927083333,"2025-06-19_hudsoncarbonfieldfluxes.json",FALSE,2025-06-19,"",1,FALSE,TRUE,"single",NA,13.6127549294089,"HM",13.4076193647663,13.6127549294089,0.24580467647041,0.998054885916058,1.01529992454751,0.985455122959823,0.143300943057786,FALSE,"emission","AICc",NA,NA,-0.168056556474429,"HM",-0.166670697359782,-0.168056556474429,0.0143697003325037,0.95802894397274,1.00831495359773,0.136286346792209,0.0198182155292527,FALSE,"uptake","AICc",FALSE,NA,0.252575884675157,"HM",0.134186532552046,0.252575884675157,0.143689552433517,0.263246901970539,1.88227447174843,0.962611434524569,0.140042375417559,FALSE,"emission","SE | AICc | Intercept (LM)",FALSE,NA,"control"
"2025-06-19_10C_1",2025-06-19,10,"C",2025-06-19 12:55:57,2025-06-19 12:57:32,2025-06-19 12:55:32,5.98044,318,99.9356322916667,33.5968229166667,"2025-06-19_hudsoncarbonfieldfluxes.json",FALSE,2025-06-19,"",1,FALSE,TRUE,"single",NA,13.6251198156984,"HM",10.6671673087734,13.6251198156984,0.458174151301736,0.988564690247258,1.27729503262709,0.985455122959823,0.14215078422085,FALSE,"emission","SE",NA,NA,-0.139709868142105,"HM",-0.139073081200466,-0.139709868142105,0.0162054789053311,0.92550677355915,1.00457879365397,0.136286346792209,0.0196591510092511,FALSE,"uptake","AICc | Intercept",TRUE,"convex (accelerating) trace",0.361567178180027,"HM",0.269377739440011,0.361567178180027,0.106852875700178,0.617507767188576,1.34223109501053,0.962611434524569,0.138917902716231,FALSE,"emission","SE | AICc | Intercept (LM)",FALSE,NA,"control"
"2025-06-19_11A_1",2025-06-19,11,"A",2025-06-19 12:37:28,2025-06-19 12:39:03,2025-06-19 12:37:03,6.21894,318,99.9580041666667,32.6704510416667,"2025-06-19_hudsoncarbonfieldfluxes.json",FALSE,2025-06-19,"",1,FALSE,TRUE,"single",NA,16.606383453227,"HM",16.3805722450928,16.606383453227,0.239458226568789,0.998804869312392,1.01378530644446,0.985455122959823,0.148829517569791,FALSE,"emission","AICc",NA,NA,-0.199664293126308,"HM",-0.19896998416217,-0.199664293126308,0.0155097684110732,0.965307122425113,1.00348951610496,0.136286346792209,0.0205828056213379,FALSE,"uptake","AICc | Intercept",TRUE,"convex (accelerating) trace",0.283230997705495,"HM",0.211587323610863,0.283230997705495,0.253388556807776,0.144681329120826,1.33860097510565,0.962611434524569,0.145430546755454,FALSE,"emission","SE | AICc | Intercept",TRUE,"closure sigma = 1.82 ppb = 1.9x campaign sigma (disturbed closure?)","slurry"
"2025-06-19_11B_1",2025-06-19,11,"B",2025-06-19 12:44:14,2025-06-19 12:45:49,2025-06-19 12:43:49,6.19906,318,99.9678875,33.0290645833333,"2025-06-19_hudsoncarbonfieldfluxes.json",FALSE,2025-06-19,"",1,FALSE,TRUE,"single",NA,17.7969653383112,"HM",17.532753514991,17.7969653383112,0.199926124935318,0.999262054268375,1.01506961374289,0.985455122959823,0.147770712885129,FALSE,"emission","AICc",NA,NA,-0.144306692585659,"HM",-0.143714516506019,-0.144306692585659,0.0152901813002649,0.937164836600893,1.00412050288334,0.136286346792209,0.0204363751862252,FALSE,"uptake","AICc",TRUE,"convex (accelerating) trace",0.149142684213713,"LM",0.149142684213713,0.911451724350995,0.0363043648361962,0.143192009908719,6.11127343695209,0.962611434524569,0.144405864570511,FALSE,"emission","SE | g-fact. > 2 | Intercept",FALSE,NA,"slurry"
"2025-06-19_11C_1",2025-06-19,11,"C",2025-06-19 12:40:43,2025-06-19 12:42:18,2025-06-19 12:40:18,5.94069,318,99.9550791666667,32.6596114583333,"2025-06-19_hudsoncarbonfieldfluxes.json",FALSE,2025-06-19,"",1,FALSE,TRUE,"single",NA,16.1699496352705,"HM",15.9046694963224,16.1699496352705,0.190975903623876,0.999161390438552,1.01667938708248,0.985455122959823,0.142149027723043,FALSE,"emission","AICc",NA,NA,-0.123575039867765,"HM",-0.122742695958603,-0.123575039867765,0.0141487003935928,0.927170363979998,1.00678120928225,0.136286346792209,0.0196589080893415,FALSE,"uptake","AICc | Intercept",FALSE,NA,0.0768312800405249,"LM",0.0768312800405249,0.161606048851967,0.0254346370063043,0.0787864034093476,2.103388733947,0.962611434524569,0.138916470986125,TRUE,"below detection","SE | AICc | g-fact. > 2 | Intercept",FALSE,NA,"slurry"
"2025-06-19_12A_1",2025-06-19,12,"A",2025-06-19 12:28:37,2025-06-19 12:30:12,2025-06-19 12:28:12,6.33819,318,99.9805979166667,32.8185541666667,"2025-06-19_hudsoncarbonfieldfluxes.json",FALSE,2025-06-19,"",1,FALSE,TRUE,"single",NA,17.2751539395433,"HM",15.783130609,17.2751539395433,0.361443132273358,0.996710782876924,1.09453278741117,0.985455122959823,0.15135906812331,FALSE,"emission","",NA,NA,-0.159029587878838,"HM",-0.158028217586605,-0.159029587878838,0.0170855053067425,0.935342647049554,1.00633665498179,0.136286346792209,0.0209326370808668,FALSE,"uptake","AICc | Intercept",FALSE,NA,0.320212818386452,"HM",0.3175698685629,0.320212818386452,0.107076542872043,0.596358442612036,1.00832241999378,0.962611434524569,0.147904838711493,FALSE,"emission","SE | AICc",FALSE,NA,"slurry"
"2025-06-19_12B_1",2025-06-19,12,"B",2025-06-19 12:32:00,2025-06-19 12:33:35,2025-06-19 12:31:35,6.07981,318,99.9787291666667,32.21955625,"2025-06-19_hudsoncarbonfieldfluxes.json",FALSE,2025-06-19,"",1,FALSE,TRUE,"single",NA,24.0088266002706,"HM",23.24636427681,24.0088266002706,0.201125321036764,0.999501211836093,1.03279920741074,0.985455122959823,0.145321668180836,FALSE,"emission","",NA,NA,-0.211692288774981,"HM",-0.210463474397898,-0.211692288774981,0.013366042308797,0.976842589685006,1.00583861109676,0.136286346792209,0.0200976775143552,FALSE,"uptake","AICc | Intercept",TRUE,"convex (accelerating) trace",0.54032532879811,"HM",0.397682480160453,0.54032532879811,0.103393922440205,0.791436189536299,1.35868527218022,0.962611434524569,0.14199526662598,FALSE,"emission","SE | Intercept (LM)",FALSE,NA,"slurry"
"2025-06-19_12C_1",2025-06-19,12,"C",2025-06-19 12:25:03,2025-06-19 12:26:38,2025-06-19 12:24:38,5.84131,318,99.9721645833333,33.2406708333333,"2025-06-19_hudsoncarbonfieldfluxes.json",FALSE,2025-06-19,"",1,FALSE,TRUE,"single",NA,15.7250594383458,"HM",15.312610107173,15.7250594383458,0.149213929213047,0.999405866831989,1.02693527284285,0.985455122959823,0.138854234310726,FALSE,"emission","",NA,NA,-0.197392208560262,"HM",-0.195577693888334,-0.197392208560262,0.0139383040866781,0.970961679670668,1.00927771790255,0.136286346792209,0.0192032451706172,FALSE,"uptake","AICc",FALSE,NA,0.151269883317207,"LM",0.151269883317207,0.353872596589416,0.0275157852661598,0.235247823062616,2.33934600086495,0.962611434524569,0.135680090740001,FALSE,"emission","SE | AICc | g-fact. > 2 | Intercept (LM)",FALSE,NA,"slurry"
"2025-06-19_13A_1",2025-06-19,13,"A",2025-06-19 13:03:19,2025-06-19 13:04:54,2025-06-19 13:02:54,6.35806,318,99.9360583333333,34.0625604166667,"2025-06-19_hudsoncarbonfieldfluxes.json",FALSE,2025-06-19,"",1,FALSE,TRUE,"single",NA,17.9006539190798,"HM",13.3769400116928,17.9006539190798,0.337861649521639,0.991608789267581,1.33817254943453,0.985455122959823,0.151135455163365,FALSE,"emission","",NA,NA,-0.215386165010016,"HM",-0.214019735987323,-0.215386165010016,0.0176498327655556,0.961407963832473,1.00638459353475,0.136286346792209,0.0209017118842787,FALSE,"uptake","AICc | Intercept",TRUE,"convex (accelerating) trace",0.483695910735315,"HM",0.24441525565801,0.483695910735315,0.176390429941745,0.457757038845418,1.97899230730552,0.962611434524569,0.147672936147323,FALSE,"emission","SE | Intercept (LM)",FALSE,NA,"slurry"
"2025-06-19_13B_1",2025-06-19,13,"B",2025-06-19 13:06:56,2025-06-19 13:08:31,2025-06-19 13:06:31,6.27856,318,99.9244145833333,34.2981552083333,"2025-06-19_hudsoncarbonfieldfluxes.json",FALSE,2025-06-19,"",1,FALSE,TRUE,"single",NA,19.2300417140064,"LM",19.2300417140064,19.3664319599434,0.127827220642521,0.995819677735092,1.00709256110649,0.985455122959823,0.148310114381663,FALSE,"emission","MAE | SE | AICc",NA,NA,0.175488145688904,"HM",0.0923069919655011,0.175488145688904,0.0292285916971402,0.794131637299999,1.90113600229213,0.136286346792209,0.020510973265533,FALSE,"emission","Intercept",FALSE,NA,0.663080643302126,"HM",0.43943384754511,0.663080643302126,0.160913663544325,0.689175048988894,1.50894303433023,0.962611434524569,0.144857493475646,FALSE,"emission","SE | Intercept",FALSE,NA,"slurry"
"2025-06-19_13C_1",2025-06-19,13,"C",2025-06-19 13:10:12,2025-06-19 13:11:47,2025-06-19 13:09:47,6.00031,318,99.9267791666667,35.20539375,"2025-06-19_hudsoncarbonfieldfluxes.json",FALSE,2025-06-19,"",1,FALSE,TRUE,"single",NA,23.329474866922,"LM",23.329474866922,23.4640001167823,0.179420942388232,0.994412056751887,1.00576632138647,0.985455122959823,0.14122918469753,FALSE,"emission","RMSE | MAE | SE | AICc",NA,NA,-0.223911165196188,"HM",-0.217610119533264,-0.223911165196188,0.017629667744467,0.963625081396232,1.02895566472937,0.136286346792209,0.019531695756026,FALSE,"uptake","AICc",FALSE,NA,1.8399719099752,"HM",1.82531709266575,1.8399719099752,0.123660588022032,0.973699553932222,1.00802864191013,0.962611434524569,0.137978076406225,FALSE,"emission","SE | AICc",FALSE,NA,"slurry"
"2025-06-19_14A_1",2025-06-19,14,"A",2025-06-19 13:15:09,2025-06-19 13:16:44,2025-06-19 13:14:44,5.98044,318,99.917703125,34.1596125,"2025-06-19_hudsoncarbonfieldfluxes.json",FALSE,2025-06-19,"",1,FALSE,TRUE,"single",NA,11.5109263826505,"HM",11.4735734930595,11.5109263826505,0.640854291139128,0.981994716605899,1.00325555848956,0.985455122959823,0.141388993840568,FALSE,"emission","SE | AICc",NA,NA,-0.147698988142366,"HM",-0.146504946475036,-0.147698988142366,0.0154035897653241,0.938730981721315,1.00815017988169,0.136286346792209,0.0195537970204887,FALSE,"uptake","AICc | Intercept",FALSE,NA,0.133797476964036,"HM",0.122120058400595,0.133797476964036,0.147420783727056,0.107740592026453,1.09562244496424,0.962611434524569,0.138116702935121,TRUE,"below detection","SE | AICc | Intercept",FALSE,NA,"compost"
"2025-06-19_14B_1",2025-06-19,14,"B",2025-06-19 13:18:49,2025-06-19 13:20:24,2025-06-19 13:18:24,6.31831,318,99.9222875,33.8005229166667,"2025-06-19_hudsoncarbonfieldfluxes.json",FALSE,2025-06-19,"",1,FALSE,TRUE,"single",NA,16.1408679562692,"HM",13.0667874547382,16.1408679562692,0.460054459501986,0.991705045152677,1.23525908814077,0.985455122959823,0.150228717354731,FALSE,"emission","SE",NA,NA,-0.171946396922133,"HM",-0.171294127086618,-0.171946396922133,0.0182135228911293,0.936894880451934,1.00380789374749,0.136286346792209,0.0207763119745741,FALSE,"uptake","AICc | Intercept",TRUE,"convex (accelerating) trace",0.291386570657589,"HM",0.289712339736422,0.291386570657589,0.10473856512057,0.561390388674837,1.00577894239054,0.962611434524569,0.146800259583633,FALSE,"emission","SE | AICc",FALSE,NA,"compost"
"2025-06-19_14C_1",2025-06-19,14,"C",2025-06-19 13:22:05,2025-06-19 13:23:40,2025-06-19 13:21:40,6.45744,318,99.9235666666667,34.6896489583333,"2025-06-19_hudsoncarbonfieldfluxes.json",FALSE,2025-06-19,"",1,FALSE,TRUE,"single",NA,12.5748486464958,"HM",12.5545807179262,12.5748486464958,1.06255269559015,0.95928481200538,1.00161438514157,0.985455122959823,0.152534528639753,FALSE,"emission","SE | AICc | Intercept",NA,NA,-0.156868098723667,"HM",-0.120993226960844,-0.156868098723667,0.0207060035592143,0.890025554603297,1.2965031404149,0.136286346792209,0.0210952007693109,FALSE,"uptake","",FALSE,NA,0.357696434229915,"HM",0.327201768634106,0.357696434229915,0.137452712199552,0.516722057197042,1.09319835196218,0.962611434524569,0.149062299359689,FALSE,"emission","SE | AICc | Intercept",FALSE,NA,"compost"
"2025-06-19_15A_1",2025-06-19,15,"A",2025-06-19 13:25:49,2025-06-19 13:27:24,2025-06-19 13:25:24,6.00031,318,99.9155875,34.189734375,"2025-06-19_hudsoncarbonfieldfluxes.json",FALSE,2025-06-19,"",1,FALSE,TRUE,"single",NA,13.8814342945379,"HM",11.2526187845042,13.8814342945379,0.572373238503599,0.986066400108386,1.23361810796024,0.985455122959823,0.142516577608974,FALSE,"emission","SE",NA,NA,-0.184030561418348,"HM",-0.182487709473707,-0.184030561418348,0.0220760247197722,0.920359035417936,1.00845455263311,0.136286346792209,0.0197097394565447,FALSE,"uptake","AICc",FALSE,NA,0.445729301878788,"HM",0.44308470897239,0.445729301878788,0.138500599288668,0.631834418939089,1.00596859438578,0.962611434524569,0.139268161917705,FALSE,"emission","SE | AICc | Intercept",FALSE,NA,"control"
"2025-06-19_15B_1",2025-06-19,15,"B",2025-06-19 13:29:05,2025-06-19 13:30:39,2025-06-19 13:28:40,6.33819,318,99.9032263157895,33.6015652631579,"2025-06-19_hudsoncarbonfieldfluxes.json",FALSE,2025-06-19,"",1,FALSE,TRUE,"single",NA,15.2343427953449,"HM",12.3489021469346,15.2343427953449,0.307050705111332,0.994265699639203,1.23365969007427,0.985455122959823,0.152290635865218,FALSE,"emission","",NA,NA,-0.212387311929213,"HM",-0.210385630659055,-0.212387311929213,0.0175643883278694,0.960962749546238,1.00951434403523,0.136286346792209,0.0210614709175136,FALSE,"uptake","AICc | Intercept",FALSE,NA,0.520914251074014,"HM",0.435604308645399,0.520914251074014,0.123119372772491,0.731958234100176,1.19584274245106,0.962611434524569,0.148812676993085,FALSE,"emission","SE | AICc | Intercept",FALSE,NA,"control"
"2025-06-19_15C_1",2025-06-19,15,"C",2025-06-19 13:32:21,2025-06-19 13:33:56,2025-06-19 13:31:56,6.23881,318,99.90820625,34.584428125,"2025-06-19_hudsoncarbonfieldfluxes.json",FALSE,2025-06-19,"",1,FALSE,TRUE,"single",NA,24.1562365360957,"LM",24.1562365360957,24.3326548944267,0.123182672900713,0.997535640569285,1.00730322200925,0.985455122959823,0.146951999664174,FALSE,"emission","RMSE | MAE | SE | AICc",NA,NA,-0.39648035104189,"HM",-0.388214164643656,-0.39648035104189,0.0140458416116642,0.992436920517861,1.02129285108858,0.136286346792209,0.0203231488897102,FALSE,"uptake","AICc",FALSE,NA,0.587919109866321,"HM",0.583580478517571,0.587919109866321,0.106565985303458,0.83502813254089,1.00743450390899,0.962611434524569,0.143573275059865,FALSE,"emission","SE | AICc",FALSE,NA,"control"
"2025-07-09_1A_1",2025-07-09,1,"A",2025-07-09 15:04:20,2025-07-09 15:05:54,2025-07-09 15:03:55,6.22291,318,100.769368421053,34.3745473684211,"2025-07-09_hudsoncarbonfieldfluxes.json",FALSE,2025-07-09,"",1,FALSE,TRUE,"single",NA,18.1839436254904,"HM",16.4912209543716,18.1839436254904,0.152217244770484,0.998907909864907,1.10264386583639,0.755865046440557,0.115293199167016,FALSE,"emission","",NA,NA,-0.664274468326228,"HM",-0.65455652932849,-0.664274468326228,0.015933157748809,0.99663911366077,1.01484660004493,0.136286346792447,0.0207879554670244,FALSE,"uptake","AICc",FALSE,NA,-0.0219513189216825,"HM",-0.0219741215003184,-0.0219513189216825,0.0910410331307535,-0.00230480518052056,0.998962298509381,1.03279890312258,0.157555345342658,TRUE,"below detection","SE | AICc | p-value | MDF | Intercept",FALSE,NA,"slurry"
"2025-07-09_1B_1",2025-07-09,1,"B",2025-07-09 15:07:43,2025-07-09 15:09:18,2025-07-09 15:07:18,6.22132,318,100.769114583333,33.5930895833333,"2025-07-09_hudsoncarbonfieldfluxes.json",FALSE,2025-07-09,"",1,FALSE,TRUE,"single",NA,15.345661667543,"HM",12.6086920124974,15.345661667543,0.198850761993241,0.996128125442785,1.21707006978463,0.755865046440557,0.114958614535596,FALSE,"emission","",NA,NA,-0.676116995289499,"HM",-0.602761018261577,-0.676116995289499,0.0212116278117216,0.992816733624313,1.12169993547275,0.136286346792447,0.0207276281409708,FALSE,"uptake","",FALSE,NA,0.0855180463482504,"HM",0.085436104689856,0.0855180463482504,0.109884001645914,0.0835007146690832,1.00095909871701,1.03279890312258,0.157164575045344,TRUE,"below detection","SE | AICc | Intercept",FALSE,NA,"slurry"
"2025-07-09_1C_1",2025-07-09,1,"C",2025-07-09 15:10:58,2025-07-09 15:12:32,2025-07-09 15:10:33,6.00031,318,100.756884210526,32.2059168421053,"2025-07-09_hudsoncarbonfieldfluxes.json",FALSE,2025-07-09,"",1,FALSE,TRUE,"single",NA,14.0974483167222,"HM",13.7663773784131,14.0974483167222,0.171876692890486,0.999072341472732,1.02404924180186,0.755865046440557,0.112836094436269,FALSE,"emission","",NA,NA,-0.605130832752608,"HM",-0.600014434682103,-0.605130832752608,0.0175961557390218,0.995119415290345,1.00852712497361,0.136286346792447,0.0203449268747949,FALSE,"uptake","AICc",TRUE,"convex (accelerating) trace",0.0972737835703849,"HM",0.0972630320254194,0.0972737835703849,0.104052434217218,0.120192328816688,1.00011054091921,1.03279890312258,0.154241182036367,TRUE,"below detection","SE | AICc | Intercept",FALSE,NA,"slurry"
"2025-07-09_2A_1",2025-07-09,2,"A",2025-07-09 14:50:51,2025-07-09 14:52:26,2025-07-09 14:50:26,6.18316,318,100.78325,33.1087322916667,"2025-07-09_hudsoncarbonfieldfluxes.json",FALSE,2025-07-09,"",1,FALSE,TRUE,"single",NA,13.8129876034515,"HM",13.6477987078736,13.8129876034515,0.171488834992485,0.999140856505864,1.01210370251743,0.755865046440557,0.11448136383509,FALSE,"emission","AICc",NA,NA,-0.70473119410158,"HM",-0.700262938648417,-0.70473119410158,0.0193875576575952,0.995648357346271,1.00638082526799,0.136286346792447,0.0206415773905327,FALSE,"uptake","AICc",TRUE,"convex (accelerating) trace",0.0223332403452885,"HM",0.0223342597518506,0.0223332403452885,0.105561941076381,-0.0032508802362814,0.999954356823396,1.03279890312258,0.156489194932034,TRUE,"below detection","SE | AICc | p-value | MDF | Intercept",FALSE,NA,"control"
"2025-07-09_2B_1",2025-07-09,2,"B",2025-07-09 14:54:24,2025-07-09 14:55:59,2025-07-09 14:53:59,6.07186,318,100.773072916667,32.2121364583333,"2025-07-09_hudsoncarbonfieldfluxes.json",FALSE,2025-07-09,"",1,FALSE,TRUE,"single",NA,17.3405524091829,"HM",16.0783850944391,17.3405524091829,0.196797958138608,0.998810492298651,1.07850087601026,0.755865046440557,0.112636921003301,FALSE,"emission","",NA,NA,-0.748366811467785,"HM",-0.73693725256668,-0.748366811467785,0.0166997695541476,0.997062107053572,1.01550954149936,0.136286346792447,0.0203090148827203,FALSE,"uptake","AICc",FALSE,NA,0.107395740149681,"HM",0.107026000437046,0.107395740149681,0.108335658506182,0.133110329336143,1.00345467186595,1.03279890312258,0.153969629163814,TRUE,"below detection","SE | AICc | Intercept",FALSE,NA,"control"
"2025-07-09_2C_1",2025-07-09,2,"C",2025-07-09 14:57:38,2025-07-09 14:59:12,2025-07-09 14:57:13,6.23086,318,100.778694736842,31.6855642105263,"2025-07-09_hudsoncarbonfieldfluxes.json",FALSE,2025-07-09,"",1,FALSE,TRUE,"single",NA,14.4963135356096,"HM",14.2934379209504,14.4963135356096,0.115643978401749,0.999665201305258,1.01419361918254,0.755865046440557,0.117216172426765,FALSE,"emission","AICc",NA,NA,-0.595272277441694,"HM",-0.589487648907671,-0.595272277441694,0.0166348096639869,0.995508852928912,1.00981297664971,0.136286346792447,0.0211346774139975,FALSE,"uptake","AICc",TRUE,"convex (accelerating) trace",0.140011300443813,"HM",0.13998559132003,0.140011300443813,0.104469649764687,0.225204302572062,1.00018365550012,1.03279890312258,0.160253866147375,TRUE,"below detection","SE | AICc",TRUE,"convex (accelerating) trace","control"
"2025-07-09_3A_1",2025-07-09,3,"A",2025-07-09 13:06:29,2025-07-09 13:08:04,2025-07-09 13:06:04,6.12751,318,100.7790625,34.0739520833333,"2025-07-09_hudsoncarbonfieldfluxes.json",FALSE,2025-07-09,"",1,FALSE,TRUE,"single",NA,19.7254156471259,"HM",19.4419856253,19.7254156471259,0.217767030409585,0.9993008255768,1.01457824459334,0.755865046440557,0.111954780817558,FALSE,"emission","AICc",NA,NA,-0.895230718305781,"HM",-0.847102439691776,-0.895230718305781,0.015569146896882,0.997929395717687,1.05681518120939,0.136286346792447,0.02018602150665,FALSE,"uptake","",FALSE,NA,0.766136565659628,"HM",0.463481070199416,0.766136565659628,0.167554611918787,0.717460848382061,1.65300508460894,1.03279890312258,0.152988394349845,FALSE,"emission","SE | Intercept",FALSE,NA,"compost"
"2025-07-09_3B_1",2025-07-09,3,"B",2025-07-09 13:10:00,2025-07-09 13:11:34,2025-07-09 13:09:35,5.97646,318,100.786736842105,34.45922,"2025-07-09_hudsoncarbonfieldfluxes.json",FALSE,2025-07-09,"",1,FALSE,TRUE,"single",NA,20.7209988619681,"LM",20.7209988619681,20.8365136087212,0.155227940732617,0.994752100119315,1.00557476729392,0.755865046440557,0.110193017195675,FALSE,"emission","RMSE | MAE | SE | AICc",NA,NA,-0.703443300504852,"HM",-0.695611237943215,-0.703443300504852,0.0183639946558935,0.996049155799381,1.01125925248821,0.136286346792447,0.0198683664846736,FALSE,"uptake","AICc",TRUE,"convex (accelerating) trace",2.50259342649982,"HM",2.46681017429302,2.50259342649982,0.130701529851521,0.984008012907751,1.0145058799334,1.03279890312258,0.150594420596719,FALSE,"emission","SE | AICc",FALSE,NA,"compost"
"2025-07-09_3C_1",2025-07-09,3,"C",2025-07-09 13:13:13,2025-07-09 13:14:48,2025-07-09 13:12:48,6.35011,318,100.789166666667,33.562434375,"2025-07-09_hudsoncarbonfieldfluxes.json",FALSE,2025-07-09,"",1,FALSE,TRUE,"single",NA,15.4959573810058,"HM",15.3010483798478,15.4959573810058,0.216011163601106,0.998902207075673,1.01273827755585,0.755865046440557,0.116454759157526,FALSE,"emission","AICc",NA,NA,-0.730590544145723,"HM",-0.721724298815418,-0.730590544145723,0.0173482424745937,0.996720570857546,1.01228480923374,0.136286346792447,0.0209973906941623,FALSE,"uptake","AICc",TRUE,"convex (accelerating) trace",0.241374291488976,"HM",0.241085607336975,0.241374291488976,0.114058481470592,0.424959024786968,1.00119743420269,1.03279890312258,0.159199269837165,FALSE,"emission","SE | AICc | Intercept",TRUE,"convex (accelerating) trace","compost"
"2025-07-09_4A_1",2025-07-09,4,"A",2025-07-09 15:15:07,2025-07-09 15:16:41,2025-07-09 15:14:42,6.16726,318,100.749947368421,32.2721094736842,"2025-07-09_hudsoncarbonfieldfluxes.json",FALSE,2025-07-09,"",1,FALSE,TRUE,"single",NA,11.7375817320778,"HM",11.5823016313898,11.7375817320778,0.147264325740892,0.99911041613018,1.01340667042094,0.755865046440557,0.115712565751581,FALSE,"emission","AICc",NA,NA,-0.671760737175048,"HM",-0.65613868426951,-0.671760737175048,0.0159083882503155,0.996612052710492,1.02380907158817,0.136286346792447,0.0208635694143108,FALSE,"uptake","AICc",FALSE,NA,0.167818883868158,"HM",0.136602230263578,0.167818883868158,0.152025376206091,0.148344655218546,1.22852228359922,1.03279890312258,0.158151309286344,FALSE,"emission","SE | AICc | Intercept",FALSE,NA,"compost"
"2025-07-09_4B_1",2025-07-09,4,"B",2025-07-09 15:18:20,2025-07-09 15:19:54,2025-07-09 15:17:55,6.17521,318,100.750536842105,31.7569905263158,"2025-07-09_hudsoncarbonfieldfluxes.json",FALSE,2025-07-09,"",1,FALSE,TRUE,"single",NA,14.1339530854602,"HM",12.7914424095436,14.1339530854602,0.128378499854541,0.998798624397091,1.10495381466245,0.755865046440557,0.116095889332715,FALSE,"emission","",NA,NA,-0.674308881432465,"HM",-0.649060584159957,-0.674308881432465,0.0142253597394825,0.997217592926645,1.03889975433524,0.136286346792447,0.0209326846231146,FALSE,"uptake","",FALSE,NA,0.146425802379382,"HM",0.146325309087822,0.146425802379382,0.106442938009783,0.235955948105585,1.00068677997119,1.03279890312258,0.15871461287373,TRUE,"below detection","SE | AICc | Intercept",FALSE,NA,"compost"
"2025-07-09_4C_1",2025-07-09,4,"C",2025-07-09 15:21:37,2025-07-09 15:23:11,2025-07-09 15:21:12,6.09571,318,100.749547368421,32.0588694736842,"2025-07-09_hudsoncarbonfieldfluxes.json",FALSE,2025-07-09,"",1,FALSE,TRUE,"single",NA,14.0933278040504,"HM",13.9608163516078,14.0933278040504,0.219426499604451,0.998681893288621,1.00949166933403,0.755865046440557,0.114185289333298,FALSE,"emission","AICc",NA,NA,-0.555021712996135,"HM",-0.550337309333509,-0.555021712996135,0.0132373302986671,0.996758804440112,1.00851187732174,0.136286346792447,0.0205881936384758,FALSE,"uptake","AICc",TRUE,"convex (accelerating) trace",0.0662494145877257,"LM",0.0662494145877257,0.209481885758638,0.023506774639208,0.0687802775618703,3.16201866933099,1.03279890312258,0.156096533196247,TRUE,"below detection","SE | g-fact. > 2 | Intercept",FALSE,NA,"compost"
"2025-07-09_5A_1",2025-07-09,5,"A",2025-07-09 14:39:56,2025-07-09 14:41:30,2025-07-09 14:39:31,6.03211,318,100.811263157895,33.4897378947368,"2025-07-09_hudsoncarbonfieldfluxes.json",FALSE,2025-07-09,"",1,FALSE,TRUE,"single",NA,15.9297469173989,"HM",15.0855981122243,15.9297469173989,0.15692784688257,0.999202323161885,1.05595726459732,0.755865046440557,0.112514026339983,FALSE,"emission","",NA,NA,-0.750244373108864,"HM",-0.718154670935913,-0.750244373108864,0.0185773905406704,0.99616297225016,1.04468355282175,0.136286346792447,0.0202868563442579,FALSE,"uptake","",FALSE,NA,0.0459463747293675,"LM",0.0459463747293675,0.119475735484078,0.0286158018120782,0.0165105464022823,2.60032997571216,1.03279890312258,0.153805232454193,TRUE,"below detection","SE | AICc | g-fact. > 2 | p-value | Intercept",FALSE,NA,"control"
"2025-07-09_5B_1",2025-07-09,5,"B",2025-07-09 14:43:38,2025-07-09 14:45:12,2025-07-09 14:43:13,6.18316,318,100.810115789474,33.4081305263158,"2025-07-09_hudsoncarbonfieldfluxes.json",FALSE,2025-07-09,"",1,FALSE,TRUE,"single",NA,14.3110741350291,"HM",13.8376013252002,14.3110741350291,0.0826999493122216,0.999720465509592,1.03421639334027,0.755865046440557,0.115092195094749,FALSE,"emission","",NA,NA,-0.809388873073007,"HM",-0.798861209405147,-0.809388873073007,0.0162964783782984,0.99763975222232,1.01317833879517,0.136286346792447,0.0207517134012897,FALSE,"uptake","AICc",FALSE,NA,0.0827023750008461,"HM",0.0824669567490702,0.0827023750008461,0.110005950596313,0.0781415725910651,1.00285469794274,1.03279890312258,0.157321567100668,TRUE,"below detection","SE | AICc | Intercept",FALSE,NA,"control"
"2025-07-09_5C_1",2025-07-09,5,"C",2025-07-09 14:46:53,2025-07-09 14:48:28,2025-07-09 14:46:28,6.31036,318,100.80115625,33.4513135416667,"2025-07-09_hudsoncarbonfieldfluxes.json",FALSE,2025-07-09,"",1,FALSE,TRUE,"single",NA,14.1573143846631,"HM",13.5636435472099,14.1573143846631,0.204413206694369,0.998597124847184,1.04376927448638,0.755865046440557,0.116087106809305,FALSE,"emission","",NA,NA,-0.718929322352071,"HM",-0.710421731510974,-0.718929322352071,0.015487515505818,0.997299928711711,1.0119754090616,0.136286346792447,0.0209311010890739,FALSE,"uptake","AICc",TRUE,"convex (accelerating) trace",0.0673386817246133,"LM",0.0673386817246133,0.146769509560287,0.0284637072169508,0.0461548933237458,2.17957206469399,1.03279890312258,0.158692474526484,TRUE,"below detection","SE | AICc | g-fact. > 2 | Intercept",FALSE,NA,"control"
"2025-07-09_6A_1",2025-07-09,6,"A",2025-07-09 13:19:44,2025-07-09 13:21:18,2025-07-09 13:19:19,5.96851,318,100.803115789474,35.0948031578947,"2025-07-09_hudsoncarbonfieldfluxes.json",FALSE,2025-07-09,"",1,FALSE,TRUE,"single",NA,13.9701206853061,"HM",13.8290344356481,13.9701206853061,0.337099051542057,0.996649289088671,1.01020217646536,0.755865046440557,0.110180393520551,FALSE,"emission","AICc",NA,NA,-0.747512272177626,"HM",-0.7385330544159,-0.747512272177626,0.0178430995622056,0.996699476496801,1.01215817993255,0.136286346792447,0.0198660903712672,FALSE,"uptake","AICc",FALSE,NA,0.111444359323044,"HM",0.111227582463181,0.111444359323044,0.131378289407672,0.0998432712627483,1.00194894876849,1.03279890312258,0.150663049744135,TRUE,"below detection","SE | AICc | Intercept",FALSE,NA,"slurry"
"2025-07-09_6B_1",2025-07-09,6,"B",2025-07-09 13:22:58,2025-07-09 13:24:33,2025-07-09 13:22:33,6.66811,318,100.80490625,36.6167364583333,"2025-07-09_hudsoncarbonfieldfluxes.json",FALSE,2025-07-09,"",1,FALSE,TRUE,"single",NA,25.6972623365292,"HM",23.3054485315476,25.6972623365292,0.232891410630521,0.998826027569254,1.10262895398662,0.755865046440557,0.120053872292315,FALSE,"emission","",NA,NA,-0.732903190066268,"HM",-0.725323168803545,-0.732903190066268,0.0178802640063634,0.996559485245023,1.01045054341119,0.136286346792447,0.0216463292621553,FALSE,"uptake","AICc",TRUE,"convex (accelerating) trace",0.132092946404028,"LM",0.132092946404028,0.52293695505773,0.0366877988097592,0.111845008162591,3.95885601232817,1.03279890312258,0.16410616637505,TRUE,"below detection","SE | g-fact. > 2 | Intercept",FALSE,NA,"slurry"
"2025-07-09_6C_1",2025-07-09,6,"C",2025-07-09 13:26:19,2025-07-09 13:27:53,2025-07-09 13:25:54,6.36601,318,100.805915789474,36.4581073684211,"2025-07-09_hudsoncarbonfieldfluxes.json",FALSE,2025-07-09,"",1,FALSE,TRUE,"single",NA,23.4411243221649,"HM",22.6251321077124,23.4411243221649,0.198839451090985,0.999479334338449,1.03606574364153,0.755865046440557,0.116021130534516,FALSE,"emission","",NA,NA,-0.677717874198176,"HM",-0.670909279540083,-0.677717874198176,0.0205504045076726,0.99466777146283,1.01014830896773,0.136286346792447,0.0209192052281549,FALSE,"uptake","AICc",TRUE,"convex (accelerating) trace",0.199647301792927,"HM",0.199177145173685,0.199647301792927,0.12996327532854,0.279575394496487,1.00236049481898,1.03279890312258,0.158580526620339,FALSE,"emission","SE | AICc | Intercept",FALSE,NA,"slurry"
"2025-07-09_7A_1",2025-07-09,7,"A",2025-07-09 15:25:07,2025-07-09 15:26:41,2025-07-09 15:24:42,6.16726,318,100.749147368421,33.0800873684211,"2025-07-09_hudsoncarbonfieldfluxes.json",FALSE,2025-07-09,"",1,FALSE,TRUE,"single",NA,15.4748830753242,"HM",14.2524344937,15.4748830753242,0.177604247356495,0.998720877405214,1.08577121208061,0.755865046440557,0.115101451787731,FALSE,"emission","",NA,NA,-0.589330690377735,"HM",-0.580933381910856,-0.589330690377735,0.0138393311180856,0.996755808489415,1.01445485614763,0.136286346792447,0.0207533824305375,FALSE,"uptake","AICc",FALSE,NA,0.158172232283647,"HM",0.09766286555039,0.158172232283647,0.166311085789446,0.0985972705227879,1.61957394340469,1.03279890312258,0.157339129992548,FALSE,"emission","SE | AICc | Intercept",FALSE,NA,"control"
"2025-07-09_7B_1",2025-07-09,7,"B",2025-07-09 15:28:23,2025-07-09 15:29:57,2025-07-09 15:27:58,6.32626,318,100.744557894737,32.4466136842105,"2025-07-09_hudsoncarbonfieldfluxes.json",FALSE,2025-07-09,"",1,FALSE,TRUE,"single",NA,13.1757022838919,"HM",13.0297438965434,13.1757022838919,0.143535020524146,0.999370681655181,1.01120193831186,0.755865046440557,0.118736667083423,FALSE,"emission","AICc",NA,NA,-0.608612090427252,"HM",-0.604588501129462,-0.608612090427252,0.018737018607118,0.994569932918199,1.0066550873698,0.136286346792447,0.021408830403409,FALSE,"uptake","AICc",TRUE,"convex (accelerating) trace",0.177646729642984,"LM",0.177646729642984,0.663143409032967,0.0292000063800694,0.276992633465702,3.73293339182593,1.03279890312258,0.162340104987414,FALSE,"emission","SE | g-fact. > 2 | Intercept (LM)",FALSE,NA,"control"
"2025-07-09_7C_1",2025-07-09,7,"C",2025-07-09 15:31:33,2025-07-09 15:33:07,2025-07-09 15:31:08,6.22291,318,100.737989473684,33.1324821052632,"2025-07-09_hudsoncarbonfieldfluxes.json",FALSE,2025-07-09,"",1,FALSE,TRUE,"single",NA,13.6579681576777,"HM",13.4650484160214,13.6579681576777,0.135881873030831,0.999447925840457,1.01432744507823,0.755865046440557,0.116124371020945,FALSE,"emission","AICc",NA,NA,-0.548750313744206,"HM",-0.54407389814617,-0.548750313744206,0.0190295872463635,0.993035096740745,1.00859518461365,0.136286346792447,0.0209378200176636,FALSE,"uptake","AICc",TRUE,"convex (accelerating) trace",0.142857549321806,"HM",0.086552176353119,0.142857549321806,0.160046042601976,0.0850331274383769,1.65053676685113,1.03279890312258,0.158760884429345,TRUE,"below detection","SE | AICc | Intercept",FALSE,NA,"control"
"2025-07-09_8A_1",2025-07-09,8,"A",2025-07-09 14:26:37,2025-07-09 14:28:11,2025-07-09 14:26:12,6.22291,318,100.811421052632,36.5409915789474,"2025-07-09_hudsoncarbonfieldfluxes.json",FALSE,2025-07-09,"",1,FALSE,TRUE,"single",NA,13.4507986904151,"HM",13.4215960726278,13.4507986904151,0.850910099666472,0.977127669035603,1.00217579322379,0.755865046440557,0.113960744484685,FALSE,"emission","SE | AICc",NA,NA,-0.698161080304968,"HM",-0.69306852668492,-0.698161080304968,0.0213675692950484,0.994613796815086,1.00734783563814,0.136286346792447,0.0205477070499603,FALSE,"uptake","AICc",TRUE,"convex (accelerating) trace",-0.0269537436815631,"HM",-0.0193321471869547,-0.0269537436815631,0.171460546539312,-0.007331538789767,1.39424469619968,1.03279890312258,0.155761965868235,TRUE,"below detection","SE | AICc | p-value | MDF | Intercept",FALSE,NA,"compost"
"2025-07-09_8B2_1",2025-07-09,8,"B",2025-07-09 14:32:39,2025-07-09 14:34:14,2025-07-09 14:32:14,5.64256,318,100.804791666667,35.050046875,"2025-07-09_hudsoncarbonfieldfluxes.json",FALSE,2025-07-09,"",1,FALSE,TRUE,"single",NA,12.6716612755006,"HM",12.5900437817904,12.6716612755006,0.26979776864123,0.997462049404358,1.00648270134122,0.755865046440557,0.102861121200833,FALSE,"emission","AICc",NA,NA,-0.63836533306767,"HM",-0.631812742534003,-0.63836533306767,0.0148812464059452,0.996866997597096,1.01037109588418,0.136286346792447,0.0185463880112613,FALSE,"uptake","AICc",TRUE,"convex (accelerating) trace",0.134576861503325,"LM",0.134576861503325,0.427222220655811,0.0235330080069746,0.250214304854602,3.17455925099914,1.03279890312258,0.140590062063472,TRUE,"below detection","SE | g-fact. > 2 | Intercept",FALSE,NA,"compost"
"2025-07-09_8C_1",2025-07-09,8,"C",2025-07-09 14:35:55,2025-07-09 14:37:29,2025-07-09 14:35:30,6.27856,318,100.800968421053,34.0871168421053,"2025-07-09_hudsoncarbonfieldfluxes.json",FALSE,2025-07-09,"",1,FALSE,TRUE,"single",NA,19.1241901040513,"HM",16.942669784666,19.1241901040513,0.254867169076725,0.997820778760244,1.12875894691401,0.755865046440557,0.116554712180942,FALSE,"emission","",NA,NA,-1.01788111809911,"HM",-0.98191273217423,-1.01788111809911,0.0163180724204197,0.998361541150242,1.03663093953903,0.136286346792447,0.0210154127372193,FALSE,"uptake","",FALSE,NA,0.0201986945147694,"HM",0.0144591978863801,0.0201986945147694,0.109703499998998,-0.00660341947128784,1.39694433076372,1.03279890312258,0.159317946788344,TRUE,"below detection","SE | AICc | p-value | MDF | Intercept",FALSE,NA,"compost"
"2025-07-09_9A_1",2025-07-09,9,"A",2025-07-09 13:31:00,2025-07-09 13:32:35,2025-07-09 13:30:35,6.19111,318,100.8049375,33.6536479166667,"2025-07-09_hudsoncarbonfieldfluxes.json",FALSE,2025-07-09,"",1,FALSE,TRUE,"single",NA,16.6753077729591,"HM",12.5013566478312,16.6753077729591,0.413650127181646,0.990097621929214,1.33387985341992,0.755865046440557,0.11372417388161,FALSE,"emission","",NA,NA,-0.673440359805318,"HM",-0.546032275685585,-0.673440359805318,0.0174285550536346,0.99243299478684,1.23333434632552,0.136286346792447,0.0205050521562019,FALSE,"uptake","",FALSE,NA,0.114569121529365,"LM",0.114569121529365,0.312437397183056,0.0269491467108565,0.152342887042667,2.72706461402844,1.03279890312258,0.155391302954646,TRUE,"below detection","SE | g-fact. > 2 | Intercept (HM)",FALSE,NA,"compost"
"2025-07-09_9B_1",2025-07-09,9,"B",2025-07-09 13:34:14,2025-07-09 13:35:48,2025-07-09 13:33:49,6.23086,318,100.807652631579,33.5602431578947,"2025-07-09_hudsoncarbonfieldfluxes.json",FALSE,2025-07-09,"",1,FALSE,TRUE,"single",NA,19.4835216809041,"HM",13.8354416196894,19.4835216809041,0.41935392111169,0.988760071668711,1.40823272696817,0.755865046440557,0.115821769718699,FALSE,"emission","",NA,NA,-0.583151166106631,"HM",-0.578769856707625,-0.583151166106631,0.0179925691488355,0.994500105301935,1.00757003729242,0.136286346792447,0.0208832594499909,FALSE,"uptake","AICc",TRUE,"convex (accelerating) trace",0.25109817956951,"HM",0.215451279000527,0.25109817956951,0.161638897492684,0.267653605663674,1.16545225785778,1.03279890312258,0.158328501484524,FALSE,"emission","SE | AICc | Intercept",FALSE,NA,"compost"
"2025-07-09_9C_1",2025-07-09,9,"C",2025-07-09 13:37:30,2025-07-09 13:39:04,2025-07-09 13:37:05,6.15931,318,100.811831578947,34.6803168421053,"2025-07-09_hudsoncarbonfieldfluxes.json",FALSE,2025-07-09,"",1,FALSE,TRUE,"single",NA,14.8839795244899,"LM",14.8839795244899,14.9584120484117,0.112018437139926,0.994703523703775,1.00500084831475,0.755865046440557,0.11362387969434,FALSE,"emission","MAE | SE | AICc",NA,NA,-0.709327147582885,"HM",-0.703504483854249,-0.709327147582885,0.0170373874497481,0.99672218414487,1.00827665475099,0.136286346792447,0.0204869685995514,FALSE,"uptake","AICc",TRUE,"convex (accelerating) trace",0.185185769122635,"HM",0.185129118571035,0.185185769122635,0.108278994500449,0.326799713203646,1.00030600562481,1.03279890312258,0.155318167826852,FALSE,"emission","SE | AICc",TRUE,"convex (accelerating) trace","compost"
"2025-07-09_10A_1",2025-07-09,10,"A",2025-07-09 15:36:38,2025-07-09 15:38:12,2025-07-09 15:36:13,6.35011,318,100.733663157895,32.9528084210526,"2025-07-09_hudsoncarbonfieldfluxes.json",FALSE,2025-07-09,"",1,FALSE,TRUE,"single",NA,13.9108449909651,"HM",13.7538843576118,13.9108449909651,0.170513116095564,0.99919175052912,1.01141209488696,0.755865046440557,0.118757395674472,FALSE,"emission","AICc",NA,NA,-0.502288010036326,"HM",-0.494693081495636,-0.502288010036326,0.0153738732038129,0.994490340067078,1.01535280929688,0.136286346792447,0.0214125678747493,FALSE,"uptake","AICc",FALSE,NA,0.0889578647413968,"LM",0.0889578647413968,0.309403556988001,0.0292785997603127,0.0805174438140084,3.47809109276,1.03279890312258,0.162339429156495,TRUE,"below detection","SE | g-fact. > 2 | Intercept (HM)",FALSE,NA,"control"
"2025-07-09_10B_1",2025-07-09,10,"B",2025-07-09 15:39:51,2025-07-09 15:41:26,2025-07-09 15:39:26,5.99236,318,100.731854166667,32.8537791666667,"2025-07-09_hudsoncarbonfieldfluxes.json",FALSE,2025-07-09,"",1,FALSE,TRUE,"single",NA,12.9304819864288,"HM",12.7359312459785,12.9304819864288,0.0927342448469799,0.999709792261893,1.01527573733658,0.755865046440557,0.110635235407957,FALSE,"emission","AICc",NA,NA,-0.588199043880389,"HM",-0.583107032342961,-0.588199043880389,0.0157515533848088,0.995841982165513,1.00873255038096,0.136286346792447,0.0199481006977065,FALSE,"uptake","AICc",TRUE,"convex (accelerating) trace",0.0138484090399206,"HM",0.0108584944367501,0.0138484090399206,0.119632858548998,-0.00881415568048638,1.27535259336241,1.03279890312258,0.151253460608466,TRUE,"below detection","SE | AICc | p-value | MDF | Intercept",FALSE,NA,"control"
"2025-07-09_10C_1",2025-07-09,10,"C",2025-07-09 15:43:15,2025-07-09 15:44:50,2025-07-09 15:42:50,5.98044,318,100.73,32.523634375,"2025-07-09_hudsoncarbonfieldfluxes.json",FALSE,2025-07-09,"",1,FALSE,TRUE,"single",NA,11.3157769064858,"HM",11.1732900808729,11.3157769064858,0.142548088123471,0.999102786951967,1.01275245022564,0.755865046440557,0.110804499112786,FALSE,"emission","AICc",NA,NA,-0.44441446113033,"HM",-0.441308339367475,-0.44441446113033,0.0156243527901091,0.992789851921243,1.00703843885503,0.136286346792447,0.0199786198123083,FALSE,"uptake","AICc",TRUE,"convex (accelerating) trace",0.154780272456819,"HM",0.154546667314878,0.154780272456819,0.0994088688680803,0.283007052765125,1.00151155082151,1.03279890312258,0.151482323500849,FALSE,"emission","SE | AICc | Intercept",FALSE,NA,"control"
"2025-07-09_11A_1",2025-07-09,11,"A",2025-07-09 14:15:43,2025-07-09 14:17:18,2025-07-09 14:15:18,6.21894,318,100.825270833333,34.7744239583333,"2025-07-09_hudsoncarbonfieldfluxes.json",FALSE,2025-07-09,"",1,FALSE,TRUE,"single",NA,10.7012709550575,"HM",10.6723651133634,10.7012709550575,0.56217732715633,0.983962813197147,1.00270847571152,0.755865046440557,0.113554403375637,FALSE,"emission","SE | AICc",NA,NA,-0.479053382866055,"HM",-0.47628063915812,-0.479053382866055,0.0201687758271847,0.98964924108885,1.00582165950066,0.136286346792447,0.0204744416627533,FALSE,"uptake","AICc | Intercept",TRUE,"convex (accelerating) trace",-0.00658504123168803,"HM",-0.0065931956432746,-0.00658504123168803,0.038002050699397,-0.0101267020262905,0.998763208005986,1.03279890312258,0.155183853089557,TRUE,"below detection","AICc | p-value | MDF | Intercept",TRUE,"convex (accelerating) trace","slurry"
"2025-07-09_11B_1",2025-07-09,11,"B",2025-07-09 14:18:56,2025-07-09 14:20:30,2025-07-09 14:18:31,6.19906,318,100.806715789474,35.0634557894737,"2025-07-09_hudsoncarbonfieldfluxes.json",FALSE,2025-07-09,"",1,FALSE,TRUE,"single",NA,12.8184745080017,"HM",12.6252223132698,12.8184745080017,0.165923154016145,0.999022170051531,1.01530683499559,0.755865046440557,0.114519503515316,FALSE,"emission","AICc",NA,NA,-0.48069680452733,"HM",-0.475176153552133,-0.48069680452733,0.0140865970737616,0.994981227033576,1.01161811453274,0.136286346792447,0.0206484541706013,FALSE,"uptake","AICc",FALSE,NA,0.0306917262888528,"HM",0.0307074936911009,0.0306917262888528,0.120488770418801,0.000523231311155836,0.999486529170804,1.03279890312258,0.156538464311857,TRUE,"below detection","SE | AICc | p-value | Intercept",FALSE,NA,"slurry"
"2025-07-09_11C_1",2025-07-09,11,"C",2025-07-09 14:22:15,2025-07-09 14:23:49,2025-07-09 14:21:50,5.94069,318,100.806642105263,35.4461305263158,"2025-07-09_hudsoncarbonfieldfluxes.json",FALSE,2025-07-09,"",1,FALSE,TRUE,"single",NA,17.4788463702676,"HM",12.9761483012185,17.4788463702676,0.263222345551014,0.992255971587024,1.34699804321952,0.755865046440557,0.109790256387059,FALSE,"emission","",NA,NA,-0.561749462672223,"HM",-0.530652577490924,-0.561749462672223,0.0164425840953213,0.994577418690216,1.05860121386451,0.136286346792447,0.0197957466440077,FALSE,"uptake","",FALSE,NA,0.0862997052539604,"HM",0.0863165462788245,0.0862997052539604,0.119246090812752,0.0718862286606233,0.999804892276277,1.03279890312258,0.150097093710277,TRUE,"below detection","SE | AICc",FALSE,NA,"slurry"
"2025-07-09_12A_1",2025-07-09,12,"A",2025-07-09 13:41:40,2025-07-09 13:43:15,2025-07-09 13:41:15,6.33819,318,100.8050625,34.199528125,"2025-07-09_hudsoncarbonfieldfluxes.json",FALSE,2025-07-09,"",1,FALSE,TRUE,"single",NA,18.1756302558433,"HM",14.1400384335624,18.1756302558433,0.323853903459883,0.993520309312342,1.28540175765732,0.755865046440557,0.116446482975116,FALSE,"emission","",NA,NA,-0.691237874753875,"HM",-0.679182336738522,-0.691237874753875,0.0159474496955243,0.996817582178856,1.01775007588278,0.136286346792447,0.0209958984560024,FALSE,"uptake","AICc",FALSE,NA,0.0579943548457662,"LM",0.0579943548457662,0.14132510350282,0.0335004100767512,0.0205871842513377,2.43687689739232,1.03279890312258,0.159171495313721,TRUE,"below detection","SE | AICc | g-fact. > 2 | p-value | Intercept (HM)",FALSE,NA,"slurry"
"2025-07-09_12B_1",2025-07-09,12,"B",2025-07-09 13:48:16,2025-07-09 13:49:51,2025-07-09 13:47:51,6.07981,318,100.82315625,34.8545302083333,"2025-07-09_hudsoncarbonfieldfluxes.json",FALSE,2025-07-09,"",1,FALSE,TRUE,"single",NA,17.0447817209078,"LM",17.0447817209078,17.1256969778665,0.12513650694765,0.994905355346537,1.00474721579212,0.755865046440557,0.110765594821906,FALSE,"emission","RMSE | MAE | SE | AICc",NA,NA,-0.624227884906286,"HM",-0.609180300620135,-0.624227884906286,0.0151900153398044,0.996397143344385,1.02470136389971,0.136286346792447,0.019971605169015,FALSE,"uptake","AICc",FALSE,NA,0.165743721103519,"HM",0.164935012048145,0.165743721103519,0.105482215621821,0.286352879323022,1.00490319820717,1.03279890312258,0.15138894249127,FALSE,"emission","SE | AICc | Intercept",FALSE,NA,"slurry"
"2025-07-09_12C_1",2025-07-09,12,"C",2025-07-09 13:45:02,2025-07-09 13:46:37,2025-07-09 13:44:37,5.84131,318,100.815989583333,34.8117354166667,"2025-07-09_hudsoncarbonfieldfluxes.json",FALSE,2025-07-09,"",1,FALSE,TRUE,"single",NA,10.9425074625716,"HM",10.7496514589091,10.9425074625716,0.461489756016501,0.989351901517517,1.01794067504419,0.755865046440557,0.106984245301979,FALSE,"emission","SE | AICc",NA,NA,-0.445664395057923,"HM",-0.44191119005433,-0.445664395057923,0.0157194120653349,0.992716331900611,1.00849312053658,0.136286346792447,0.019289808445588,FALSE,"uptake","AICc",TRUE,"convex (accelerating) trace",-0.06918659686401,"LM",-0.06918659686401,-0.26488069621354,0.0298762009488683,0.0439079650855361,3.82849725553314,1.03279890312258,0.146262767818256,TRUE,"below detection","SE | g-fact. > 2 | Intercept",FALSE,NA,"slurry"
"2025-07-09_13A_1",2025-07-09,13,"A",2025-07-09 15:47:04,2025-07-09 15:48:39,2025-07-09 15:46:39,6.35806,318,100.721708333333,33.3909,"2025-07-09_hudsoncarbonfieldfluxes.json",FALSE,2025-07-09,"",1,FALSE,TRUE,"single",NA,15.1729582538737,"HM",14.9883375601655,15.1729582538737,0.176505407189947,0.999250184659803,1.01231762314981,0.755865046440557,0.116969118511882,FALSE,"emission","AICc",NA,NA,-0.611523157412412,"HM",-0.607488882633729,-0.611523157412412,0.0197593523455848,0.993930029154582,1.00664090305849,0.136286346792447,0.0210901323253223,FALSE,"uptake","AICc",TRUE,"convex (accelerating) trace",0.0683276411079661,"LM",0.0683276411079661,0.210010045526552,0.0297928295616847,0.0429156799219398,3.07357377074837,1.03279890312258,0.159885315559666,TRUE,"below detection","SE | g-fact. > 2 | Intercept (LM)",FALSE,NA,"slurry"
"2025-07-09_13B_1",2025-07-09,13,"B",2025-07-09 15:50:20,2025-07-09 15:51:55,2025-07-09 15:49:55,6.27856,318,100.717864583333,32.7953020833333,"2025-07-09_hudsoncarbonfieldfluxes.json",FALSE,2025-07-09,"",1,FALSE,TRUE,"single",NA,24.2115946530934,"HM",23.1767505477757,24.2115946530934,0.313574217182553,0.99883871050689,1.0446500946362,0.755865046440557,0.115927599079822,FALSE,"emission","",NA,NA,-0.576285062188,"HM",-0.571739015148182,-0.576285062188,0.0210006238780229,0.992219816312567,1.0079512625855,0.136286346792447,0.0209023410268925,FALSE,"uptake","AICc",TRUE,"convex (accelerating) trace",0.617190209327662,"HM",0.389315658362832,0.617190209327662,0.18818786204012,0.5795820324382,1.58532079578586,1.03279890312258,0.158475916812271,FALSE,"emission","SE",FALSE,NA,"slurry"
"2025-07-09_13C_1",2025-07-09,13,"C",2025-07-09 15:53:35,2025-07-09 15:55:09,2025-07-09 15:53:10,6.00031,318,100.7172,32.4502621052632,"2025-07-09_hudsoncarbonfieldfluxes.json",FALSE,2025-07-09,"",1,FALSE,TRUE,"single",NA,16.9345921798877,"HM",16.7232971011041,16.9345921798877,0.179215071669248,0.999390596897178,1.0126347739627,0.755865046440557,0.112232229796838,FALSE,"emission","AICc",NA,NA,-0.557072886104958,"HM",-0.549660456894006,-0.557072886104958,0.0252065159813744,0.988025837718473,1.01348546928924,0.136286346792447,0.0202360469814163,FALSE,"uptake","AICc",TRUE,"closure sigma = 0.21 ppb = 1.5x campaign sigma (disturbed closure?)",0.147751736115503,"HM",0.147831084400416,0.147751736115503,0.182516580788411,0.0913465269975077,0.999463250335781,1.03279890312258,0.153449562855785,TRUE,"below detection","SE | AICc | Intercept",TRUE,"convex (accelerating) trace","slurry"
"2025-07-09_14A_1",2025-07-09,14,"A",2025-07-09 14:04:26,2025-07-09 14:06:00,2025-07-09 14:04:01,5.98044,318,100.827315789474,36.1147284210526,"2025-07-09_hudsoncarbonfieldfluxes.json",FALSE,2025-07-09,"",1,FALSE,TRUE,"single",NA,13.4368085228783,"LM",13.4368085228783,13.4660075962142,0.21141170010438,0.977253815245503,1.00217306611806,0.755865046440557,0.109514520195136,FALSE,"emission","MAE | SE | AICc",NA,NA,-0.399730490346965,"HM",-0.398016160928126,-0.399730490346965,0.0205483182135865,0.984766114417701,1.00430718545408,0.136286346792447,0.0197460299935917,FALSE,"uptake","AICc",TRUE,"convex (accelerating) trace",-0.0362715353148466,"HM",-0.0362733049903226,-0.0362715353148466,0.0815583884094743,0.00380722290034841,0.999951212731334,1.03279890312258,0.149654725988507,TRUE,"below detection","SE | AICc | p-value | Intercept",FALSE,NA,"compost"
"2025-07-09_14B_1",2025-07-09,14,"B",2025-07-09 14:11:22,2025-07-09 14:12:57,2025-07-09 14:10:57,6.31831,318,100.819541666667,35.2537125,"2025-07-09_hudsoncarbonfieldfluxes.json",FALSE,2025-07-09,"",1,FALSE,TRUE,"single",NA,15.3416178095185,"LM",15.3416178095185,15.4156778361605,0.11738388855713,0.994468856630975,1.00482739353578,0.755865046440557,0.11496905598888,FALSE,"emission","RMSE | SE | AICc",NA,NA,-0.491666525916229,"HM",-0.487463107881408,-0.491666525916229,0.0175114097530657,0.992568671117551,1.0086230485279,0.136286346792447,0.020729510788581,FALSE,"uptake","AICc",TRUE,"convex (accelerating) trace",0.0526837730225792,"LM",0.0526837730225792,0.150399227666816,0.0328161385491796,0.0163328297092482,2.85475430171559,1.03279890312258,0.157126398920359,TRUE,"below detection","SE | g-fact. > 2 | p-value | Intercept",FALSE,NA,"compost"
"2025-07-09_14C_1",2025-07-09,14,"C",2025-07-09 14:07:46,2025-07-09 14:09:20,2025-07-09 14:07:21,6.45744,318,100.820557894737,36.0476284210526,"2025-07-09_hudsoncarbonfieldfluxes.json",FALSE,2025-07-09,"",1,FALSE,TRUE,"single",NA,13.336000700013,"LM",13.336000700013,13.3692486244218,0.188182727108618,0.981623300041269,1.00249309558066,0.755865046440557,0.118554783214274,FALSE,"emission","RMSE | MAE | SE | AICc",NA,NA,-0.290072133252635,"HM",-0.288220520786937,-0.290072133252635,0.0163322504504894,0.981688773834757,1.00642429088894,0.136286346792447,0.0213760358084168,FALSE,"uptake","AICc | Intercept",TRUE,"convex (accelerating) trace",0.0426238112422713,"HM",0.0426603176109013,0.0426238112422713,0.178326142946908,-0.00110270230524856,0.999144254645197,1.03279890312258,0.162053786838236,TRUE,"below detection","SE | AICc | p-value | Intercept",FALSE,NA,"compost"
"2025-07-09_15A_1",2025-07-09,15,"A",2025-07-09 13:52:10,2025-07-09 13:53:44,2025-07-09 13:51:45,6.00031,318,100.824210526316,34.4863063157895,"2025-07-09_hudsoncarbonfieldfluxes.json",FALSE,2025-07-09,"",1,FALSE,TRUE,"single",NA,12.6742614696647,"HM",12.4291046322067,12.6742614696647,0.238245693870867,0.997866016215002,1.01972441657807,0.755865046440557,0.111095864890664,FALSE,"emission","AICc",NA,NA,-0.478817464478515,"HM",-0.474873574754892,-0.478817464478515,0.0151898150376007,0.994190781191125,1.0083051362158,0.136286346792447,0.0200311545572794,FALSE,"uptake","AICc",TRUE,"convex (accelerating) trace",0.151167158141679,"LM",0.151167158141679,0.569263041291324,0.024409893722499,0.284363319344763,3.76578516318862,1.03279890312258,0.151849417129257,TRUE,"below detection","SE | g-fact. > 2 | Intercept",FALSE,NA,"control"
"2025-07-09_15B_1",2025-07-09,15,"B",2025-07-09 13:55:45,2025-07-09 13:57:20,2025-07-09 13:55:20,6.33819,318,100.831572916667,34.9905677083333,"2025-07-09_hudsoncarbonfieldfluxes.json",FALSE,2025-07-09,"",1,FALSE,TRUE,"single",NA,10.2821317338413,"HM",10.1115951985674,10.2821317338413,0.509809427823177,0.985376963504773,1.01686544327823,0.755865046440557,0.115991844797454,FALSE,"emission","SE | AICc",NA,NA,-0.507235621052634,"HM",-0.503212852470428,-0.507235621052634,0.0195052387604069,0.991317983301517,1.00799416899321,0.136286346792447,0.0209139248594752,FALSE,"uptake","AICc",TRUE,"convex (accelerating) trace",0.101629648717775,"HM",0.10170684033694,0.101629648717775,0.116229851813793,0.102686522858562,0.999241038076598,1.03279890312258,0.158563778364316,TRUE,"below detection","SE | AICc",TRUE,"convex (accelerating) trace","control"
"2025-07-09_15C_1",2025-07-09,15,"C",2025-07-09 13:58:58,2025-07-09 14:00:32,2025-07-09 13:58:33,6.23881,318,100.833757894737,35.605072631579,"2025-07-09_hudsoncarbonfieldfluxes.json",FALSE,2025-07-09,"",1,FALSE,TRUE,"single",NA,20.342660502833,"HM",20.2045515177466,20.342660502833,0.412662317650334,0.997720039676984,1.00683553826795,0.755865046440557,0.114405759501418,FALSE,"emission","RMSE | AICc",NA,NA,-0.563227620844329,"HM",-0.558443568280649,-0.563227620844329,0.0161378628191917,0.995279619387809,1.00856676096818,0.136286346792447,0.0206279455411883,FALSE,"uptake","AICc",TRUE,"convex (accelerating) trace",0.139333873718851,"HM",0.116362147243391,0.139333873718851,0.143177240210899,0.119031545884552,1.19741580075357,1.03279890312258,0.156365519160312,TRUE,"below detection","SE | AICc",FALSE,NA,"control"
"2025-07-23_1A_1",2025-07-23,1,"A",2025-07-23 13:09:15,2025-07-23 13:10:50,2025-07-23 13:08:50,6.22291,318,101.529052083333,34.12725,"2025-07-23_hudsoncarbonfieldfluxes.json",FALSE,2025-07-23,"",1,FALSE,TRUE,"single",NA,8.41787579316168,"HM",8.28019188958659,8.41787579316168,0.182031286098201,0.997175642111017,1.01662810541242,0.616433630106882,0.0953395280253153,FALSE,"emission","AICc",NA,NA,-0.492046086617418,"HM",-0.489444268253773,-0.492046086617418,0.0202430703172153,0.990135960214751,1.00531586236147,0.136286346792209,0.0210784670804069,FALSE,"uptake","AICc",TRUE,"convex (accelerating) trace",0.138106244649887,"LM",0.138106244649887,0.283026117088264,0.0304744428783805,0.170579883733581,2.04933613107621,1.04309376408799,0.161366267317671,TRUE,"below detection","SE | AICc | g-fact. > 2 | Intercept",FALSE,NA,"slurry"
"2025-07-23_1B_1",2025-07-23,1,"B",2025-07-23 13:12:32,2025-07-23 13:14:07,2025-07-23 13:12:07,6.22132,318,101.531083333333,35.1311677083333,"2025-07-23_hudsoncarbonfieldfluxes.json",FALSE,2025-07-23,"",1,FALSE,TRUE,"single",NA,7.86021500629278,"HM",7.30017608418802,7.86021500629278,0.151271977533735,0.997335953667179,1.07671581009091,0.616433630106882,0.0949719719512498,FALSE,"emission","",NA,NA,-0.56381267834915,"HM",-0.558253970606285,-0.56381267834915,0.0174470290924343,0.994391696170462,1.00995730981873,0.136286346792209,0.0209972046830796,FALSE,"uptake","AICc",TRUE,"convex (accelerating) trace",0.0736684743130476,"HM",0.0659382313872383,0.0736684743130476,0.123555415685583,0.0435716227672838,1.11723461128964,1.04309376408799,0.160751094306447,TRUE,"below detection","SE | AICc | Intercept",FALSE,NA,"slurry"
"2025-07-23_1C_1",2025-07-23,1,"C",2025-07-23 13:15:51,2025-07-23 13:17:25,2025-07-23 13:15:26,6.00031,318,101.514705263158,35.2894726315789,"2025-07-23_hudsoncarbonfieldfluxes.json",FALSE,2025-07-23,"",1,FALSE,TRUE,"single",NA,10.6900059692358,"HM",9.82440803128238,10.6900059692358,0.233858551999554,0.996550472075984,1.08810687984428,0.616433630106882,0.0922906600507996,FALSE,"emission","",NA,NA,-0.655878560776698,"HM",-0.645749169558912,-0.655878560776698,0.0195412801313876,0.994749828835427,1.01568626286381,0.136286346792209,0.0204043976302595,FALSE,"uptake","AICc",FALSE,NA,0.150612907198345,"HM",0.150456285781181,0.150612907198345,0.124151352289678,0.191602060914389,1.00104097623007,1.04309376408799,0.156200887574157,TRUE,"below detection","SE | AICc",FALSE,NA,"slurry"
"2025-07-23_2A_1",2025-07-23,2,"A",2025-07-23 13:19:36,2025-07-23 13:21:11,2025-07-23 13:19:11,6.18316,318,101.510927083333,33.7480739583333,"2025-07-23_hudsoncarbonfieldfluxes.json",FALSE,2025-07-23,"",1,FALSE,TRUE,"single",NA,8.85035908579165,"HM",8.1713523812652,8.85035908579165,0.128396729847501,0.998240147444283,1.08309600086312,0.616433630106882,0.0948108160657575,FALSE,"emission","",NA,NA,-0.71714280299684,"HM",-0.658520994706919,-0.71714280299684,0.0185530401809408,0.995339850411641,1.08902040900915,0.136286346792209,0.0209615749805048,FALSE,"uptake","",FALSE,NA,0.0487059927608413,"LM",0.0487059927608413,0.124770515041177,0.0278757411303839,0.0211523374921416,2.56170766611476,1.04309376408799,0.160429340588728,TRUE,"below detection","SE | AICc | g-fact. > 2 | p-value | Intercept",FALSE,NA,"control"
"2025-07-23_2B_1",2025-07-23,2,"B",2025-07-23 13:22:47,2025-07-23 13:24:22,2025-07-23 13:22:22,6.07186,318,101.50796875,32.090325,"2025-07-23_hudsoncarbonfieldfluxes.json",FALSE,2025-07-23,"",1,FALSE,TRUE,"single",NA,12.2967069349818,"HM",12.107532857382,12.2967069349818,0.220587381625467,0.998072380137365,1.01562449425726,0.616433630106882,0.0935663078109955,FALSE,"emission","AICc",NA,NA,-0.798892248562877,"HM",-0.790226437303967,-0.798892248562877,0.0161348205984523,0.99767125356462,1.01096623809306,0.136286346792209,0.0206864285976495,FALSE,"uptake","AICc",TRUE,"convex (accelerating) trace",0.0801991455135276,"HM",0.0800296576026803,0.0801991455135276,0.124796881255226,0.0552754992747976,1.0021178137696,1.04309376408799,0.158387382209932,TRUE,"below detection","SE | AICc | Intercept",FALSE,NA,"control"
"2025-07-23_2C_1",2025-07-23,2,"C",2025-07-23 13:26:08,2025-07-23 13:27:43,2025-07-23 13:25:43,6.23086,318,101.504104166667,32.8819708333333,"2025-07-23_hudsoncarbonfieldfluxes.json",FALSE,2025-07-23,"",1,FALSE,TRUE,"single",NA,12.0521770922669,"HM",11.7601088478043,12.0521770922669,0.167374202411571,0.998791323557021,1.02483550520174,0.616433630106882,0.095591571183997,FALSE,"emission","",NA,NA,-0.673408163273235,"HM",-0.667397456462578,-0.673408163273235,0.0187319220514437,0.995500226975758,1.0090061877708,0.136286346792209,0.0211341909080065,FALSE,"uptake","AICc",TRUE,"convex (accelerating) trace",0.0820518618841339,"HM",0.0819861985276712,0.0820518618841339,0.120137787450207,0.0631389687340395,1.00080090744103,1.04309376408799,0.161801986839532,TRUE,"below detection","SE | AICc | Intercept",FALSE,NA,"control"
"2025-07-23_3A_1",2025-07-23,3,"A",2025-07-23 15:35:54,2025-07-23 15:37:29,2025-07-23 15:35:29,6.12751,318,101.44203125,34.753803125,"2025-07-23_hudsoncarbonfieldfluxes.json",FALSE,2025-07-23,"",1,FALSE,TRUE,"single",NA,12.1432908098933,"HM",11.4085603323178,12.1432908098933,0.307702516700068,0.995774339097596,1.06440168226083,0.616433630106882,0.0927863666829036,FALSE,"emission","",NA,NA,-0.735631444291992,"HM",-0.72502603032588,-0.735631444291992,0.0197523512898468,0.995703059594101,1.01462763200563,0.136286346792209,0.0205139926339559,FALSE,"uptake","AICc",FALSE,NA,0.0555763178116733,"LM",0.0555763178116733,0.156865129551363,0.0406413064903768,0.0090749043710644,2.82251749896275,1.04309376408799,0.156953158124663,TRUE,"below detection","SE | AICc | g-fact. > 2 | p-value | Intercept",FALSE,NA,"compost"
"2025-07-23_3B_1",2025-07-23,3,"B",2025-07-23 15:42:52,2025-07-23 15:44:27,2025-07-23 15:42:27,5.97646,318,101.439427083333,35.098259375,"2025-07-23_hudsoncarbonfieldfluxes.json",FALSE,2025-07-23,"",1,FALSE,TRUE,"single",NA,12.6819815666008,"HM",11.3801284689097,12.6819815666008,0.183958921134528,0.99785672093701,1.1143970475595,0.616433630106882,0.0906885331412743,FALSE,"emission","",NA,NA,-0.67999798276802,"HM",-0.671692637438888,-0.67999798276802,0.0155445688990945,0.996918924019731,1.01236480030628,0.136286346792209,0.0200501858985621,FALSE,"uptake","AICc",FALSE,NA,0.242128653238905,"HM",0.20205990788222,0.242128653238905,0.131646714339256,0.33504875158262,1.19830131457865,1.04309376408799,0.153530199657032,FALSE,"emission","SE | AICc | Intercept",FALSE,NA,"compost"
"2025-07-23_3C_1",2025-07-23,3,"C",2025-07-23 15:39:36,2025-07-23 15:41:11,2025-07-23 15:39:11,6.35011,318,101.438010416667,34.3780322916667,"2025-07-23_hudsoncarbonfieldfluxes.json",FALSE,2025-07-23,"",1,FALSE,TRUE,"single",NA,11.3386765123448,"HM",11.187247116879,11.3386765123448,0.165249449931721,0.99876868702017,1.01353589438794,0.616433630106882,0.0964765802573967,FALSE,"emission","AICc",NA,NA,-0.782891211647363,"HM",-0.733726874536753,-0.782891211647363,0.0139842043540957,0.997737410968184,1.06700631913156,0.136286346792209,0.0213298561793362,FALSE,"uptake","",FALSE,NA,0.451017468115941,"HM",0.275703893826363,0.451017468115941,0.155661988894682,0.513053427594967,1.63587630866029,1.04309376408799,0.163294165490921,FALSE,"emission","SE | Intercept (HM)",FALSE,NA,"compost"
"2025-07-23_4A_1",2025-07-23,4,"A",2025-07-23 12:57:57,2025-07-23 12:59:32,2025-07-23 12:57:32,6.16726,318,101.5075,33.80455625,"2025-07-23_hudsoncarbonfieldfluxes.json",FALSE,2025-07-23,"",1,FALSE,TRUE,"single",NA,7.5670806111003,"HM",7.08366337589812,7.5670806111003,0.159802089296154,0.99694600356567,1.06824395931164,0.616433630106882,0.0943833273626527,FALSE,"emission","",NA,NA,-0.547747622631645,"HM",-0.541227730406728,-0.547747622631645,0.0148859892467424,0.995677063667897,1.01204648590348,0.136286346792209,0.0208670621719953,FALSE,"uptake","AICc",TRUE,"convex (accelerating) trace",0.106029577214691,"LM",0.106029577214691,0.462996576719883,0.0279747636054763,0.123337357673574,4.36667379878728,1.04309376408799,0.159790173862292,TRUE,"below detection","SE | g-fact. > 2 | Intercept",FALSE,NA,"compost"
"2025-07-23_4B_1",2025-07-23,4,"B",2025-07-23 13:01:50,2025-07-23 13:03:25,2025-07-23 13:01:25,6.17521,318,101.5186875,36.2290677083333,"2025-07-23_hudsoncarbonfieldfluxes.json",FALSE,2025-07-23,"",1,FALSE,TRUE,"single",NA,10.2268655205816,"HM",9.59096542711238,10.2268655205816,0.108615090223226,0.999015055193013,1.06630198996147,0.616433630106882,0.0934772185817699,FALSE,"emission","",NA,NA,-0.776836602827989,"HM",-0.768353205929111,-0.776836602827989,0.0150124877214249,0.997835779268114,1.01104101191147,0.136286346792209,0.0206667319993513,FALSE,"uptake","AICc",TRUE,"convex (accelerating) trace",0.066272320203714,"LM",0.066272320203714,0.179499888785421,0.0304647421706727,0.0378019112658409,2.70851975958678,1.04309376408799,0.158239604321129,TRUE,"below detection","SE | AICc | g-fact. > 2 | Intercept",FALSE,NA,"compost"
"2025-07-23_4C_1",2025-07-23,4,"C",2025-07-23 13:05:18,2025-07-23 13:06:53,2025-07-23 13:04:53,6.09571,318,101.524770833333,34.0790354166667,"2025-07-23_hudsoncarbonfieldfluxes.json",FALSE,2025-07-23,"",1,FALSE,TRUE,"single",NA,11.0555632444269,"HM",10.0977620249473,11.0555632444269,0.217729868021319,0.997008572903636,1.09485282155722,0.616433630106882,0.0929219268377616,FALSE,"emission","",NA,NA,-0.52984691134553,"HM",-0.523900251096527,-0.52984691134553,0.0180508896267518,0.993149851966348,1.01135074899574,0.136286346792209,0.0205439634164925,FALSE,"uptake","AICc",FALSE,NA,0.127842432912342,"HM",0.127466971299145,0.127842432912342,0.130614597883912,0.129994802053015,1.00294556000954,1.04309376408799,0.157272800372732,TRUE,"below detection","SE | AICc | Intercept",FALSE,NA,"compost"
"2025-07-23_5A_1",2025-07-23,5,"A",2025-07-23 13:30:15,2025-07-23 13:31:49,2025-07-23 13:29:50,6.03211,318,101.487042105263,32.1458389473684,"2025-07-23_hudsoncarbonfieldfluxes.json",FALSE,2025-07-23,"",1,FALSE,TRUE,"single",NA,8.75478364028917,"HM",8.62246474807355,8.75478364028917,0.149453831412916,0.998276998850712,1.01534583162491,0.616433630106882,0.0939423845400925,FALSE,"emission","AICc",NA,NA,-0.758799028858659,"HM",-0.723724441144622,-0.758799028858659,0.0150570869980919,0.997459729262294,1.04846400884094,0.136286346792209,0.0207695748132661,FALSE,"uptake","",FALSE,NA,0.0706672657016581,"LM",0.0706672657016581,0.174459415974365,0.0270192698507292,0.0584985230736422,2.46874439306729,1.04309376408799,0.158997766934571,TRUE,"below detection","SE | AICc | g-fact. > 2 | Intercept",FALSE,NA,"control"
"2025-07-23_5B_1",2025-07-23,5,"B",2025-07-23 13:33:35,2025-07-23 13:35:09,2025-07-23 13:33:10,6.18316,318,101.486831578947,33.0897747368421,"2025-07-23_hudsoncarbonfieldfluxes.json",FALSE,2025-07-23,"",1,FALSE,TRUE,"single",NA,8.19606332149945,"HM",7.62628439058209,8.19606332149945,0.137735721220272,0.997905186155334,1.07471252076843,0.616433630106882,0.0958435442087344,FALSE,"emission","",NA,NA,-0.687522831278124,"HM",-0.679788095123475,-0.687522831278124,0.0159183646581145,0.99690330133582,1.01137815770846,0.136286346792209,0.0211898992298022,FALSE,"uptake","AICc",TRUE,"convex (accelerating) trace",0.00300369194425009,"HM",0.00301884634297717,0.00300369194425009,0.0615874773595091,-0.0106359460196757,0.994980069534731,1.04309376408799,0.162266445965169,TRUE,"below detection","SE | AICc | p-value | MDF | Intercept",TRUE,"convex (accelerating) trace","control"
"2025-07-23_5C_1",2025-07-23,5,"C",2025-07-23 13:36:50,2025-07-23 13:38:25,2025-07-23 13:36:25,6.31036,318,101.483385416667,33.138728125,"2025-07-23_hudsoncarbonfieldfluxes.json",FALSE,2025-07-23,"",1,FALSE,TRUE,"single",NA,10.9771102419054,"HM",10.598795507997,10.9771102419054,0.177878323542559,0.998317887923527,1.03569412520724,0.616433630106882,0.0966356357875684,FALSE,"emission","",NA,NA,-0.708263824520261,"HM",-0.701784892423022,-0.708263824520261,0.0200544238692494,0.995329706765216,1.00923207690446,0.136286346792209,0.0213650215176395,FALSE,"uptake","AICc",TRUE,"convex (accelerating) trace",0.087205419470589,"HM",0.086419549730621,0.087205419470589,0.124762744935021,0.0660555236221407,1.00909365696093,1.04309376408799,0.163565773050957,TRUE,"below detection","SE | AICc | Intercept",FALSE,NA,"control"
"2025-07-23_6A_1",2025-07-23,6,"A",2025-07-23 15:25:00,2025-07-23 15:26:35,2025-07-23 15:24:35,5.96851,318,101.450541666667,34.2978333333333,"2025-07-23_hudsoncarbonfieldfluxes.json",FALSE,2025-07-23,"",1,FALSE,TRUE,"single",NA,12.2110121733262,"HM",11.3486564388504,12.2110121733262,0.213022412920199,0.997746032960151,1.07598747385846,0.616433630106882,0.090925733872697,FALSE,"emission","",NA,NA,-0.820226460534987,"HM",-0.808987302628281,-0.820226460534987,0.0171330303899981,0.99746831269731,1.01389287306512,0.136286346792209,0.0201026282371419,FALSE,"uptake","AICc",TRUE,"convex (accelerating) trace",0.148292666865883,"HM",0.148159318279983,0.148292666865883,0.130849647840383,0.169853063542735,1.00090003509363,1.04309376408799,0.153854817327291,TRUE,"below detection","SE | AICc | Intercept",FALSE,NA,"slurry"
"2025-07-23_6B_1",2025-07-23,6,"B",2025-07-23 15:29:03,2025-07-23 15:30:38,2025-07-23 15:28:38,6.43756,318,101.450822916667,35.8553875,"2025-07-23_hudsoncarbonfieldfluxes.json",FALSE,2025-07-23,"",1,FALSE,TRUE,"single",NA,7.10785488500418,"HM",7.03624747997722,7.10785488500418,0.13637897137663,0.997924180543583,1.01017693098924,0.616433630106882,0.0980232430109721,FALSE,"emission","AICc",NA,NA,-0.707469983764211,"HM",-0.700934809385392,-0.707469983764211,0.0170551372581145,0.996631913939242,1.00932351238848,0.136286346792209,0.0216718054275753,FALSE,"uptake","AICc",TRUE,"convex (accelerating) trace",0.0854691718866173,"HM",0.0854941560632489,0.0854691718866173,0.117675904394302,0.0725741233713975,0.999707767433682,1.04309376408799,0.165912756540966,TRUE,"below detection","SE | AICc | Intercept",TRUE,"convex (accelerating) trace","slurry"
"2025-07-23_6C_1",2025-07-23,6,"C",2025-07-23 15:32:16,2025-07-23 15:33:51,2025-07-23 15:31:51,6.36601,318,101.44634375,34.0012645833333,"2025-07-23_hudsoncarbonfieldfluxes.json",FALSE,2025-07-23,"",1,FALSE,TRUE,"single",NA,11.2392241031105,"HM",11.0847760373715,11.2392241031105,0.205328753917588,0.9980641424286,1.01393335013881,0.616433630106882,0.0967291717938114,FALSE,"emission","AICc",NA,NA,-0.75211442493223,"HM",-0.742927178405222,-0.75211442493223,0.0181538269437004,0.996569101234638,1.01236628137192,0.136286346792209,0.0213857012469108,FALSE,"uptake","AICc",FALSE,NA,0.107854832632712,"HM",0.107516959645418,0.107854832632712,0.111146074387566,0.128019767251409,1.00314250875777,1.04309376408799,0.163688442520897,TRUE,"below detection","SE | AICc",FALSE,NA,"slurry"
"2025-07-23_7A_1",2025-07-23,7,"A",2025-07-23 12:46:27,2025-07-23 12:48:01,2025-07-23 12:46:02,6.16726,318,101.518589473684,33.8276063157895,"2025-07-23_hudsoncarbonfieldfluxes.json",FALSE,2025-07-23,"",1,FALSE,TRUE,"single",NA,10.9956060514158,"HM",10.8254239789073,10.9956060514158,0.155118330549532,0.998817708385299,1.01572059189923,0.616433630106882,0.0949063294773406,FALSE,"emission","AICc",NA,NA,-0.56889765899603,"HM",-0.521086012807782,-0.56889765899603,0.0149129227023887,0.995238022536409,1.09175384679896,0.136286346792209,0.0209826918912289,FALSE,"uptake","",FALSE,NA,0.10206736322272,"LM",0.10206736322272,0.410610284511536,0.028269108014388,0.113509924903904,4.02293418333486,1.04309376408799,0.16062727983548,TRUE,"below detection","SE | g-fact. > 2 | Intercept (LM)",FALSE,NA,"control"
"2025-07-23_7B_1",2025-07-23,7,"B",2025-07-23 12:50:16,2025-07-23 12:51:50,2025-07-23 12:49:51,6.32626,318,101.5182,33.9649147368421,"2025-07-23_hudsoncarbonfieldfluxes.json",FALSE,2025-07-23,"",1,FALSE,TRUE,"single",NA,9.81971906671676,"HM",9.53940685893821,9.81971906671676,0.177490864236441,0.997981705277309,1.02938465796916,0.616433630106882,0.097403373312618,FALSE,"emission","",NA,NA,-0.659876242017365,"HM",-0.652488642927311,-0.659876242017365,0.0167299972033715,0.996280747233864,1.01132218801068,0.136286346792209,0.0215347594058305,FALSE,"uptake","AICc",TRUE,"convex (accelerating) trace",0.0269843434086838,"HM",0.0169493679903749,0.0269843434086838,0.14969682851375,-0.00754485313722242,1.59205602380027,1.04309376408799,0.164869729431851,TRUE,"below detection","SE | AICc | p-value | MDF | Intercept",FALSE,NA,"control"
"2025-07-23_7C_1",2025-07-23,7,"C",2025-07-23 12:53:52,2025-07-23 12:55:27,2025-07-23 12:53:27,6.22291,318,101.50553125,32.96903125,"2025-07-23_hudsoncarbonfieldfluxes.json",FALSE,2025-07-23,"",1,FALSE,TRUE,"single",NA,9.82417399854374,"HM",9.72413613301284,9.82417399854374,0.160439142007393,0.998488464201131,1.0102875838185,0.616433630106882,0.0950136024859522,FALSE,"emission","AICc",NA,NA,-0.605632497255246,"HM",-0.599421747151568,-0.605632497255246,0.01530152570877,0.996277780836643,1.01036123586305,0.136286346792209,0.0210064087128607,FALSE,"uptake","AICc",TRUE,"convex (accelerating) trace",0.0787305929918662,"HM",0.0786635431638847,0.0787305929918662,0.117008674059047,0.061312169624462,1.0008523621653,1.04309376408799,0.160829235319516,TRUE,"below detection","SE | AICc | Intercept",FALSE,NA,"control"
"2025-07-23_8A_1",2025-07-23,8,"A",2025-07-23 13:41:31,2025-07-23 13:43:06,2025-07-23 13:41:06,6.22291,318,101.492760416667,34.7164,"2025-07-23_hudsoncarbonfieldfluxes.json",FALSE,2025-07-23,"",1,FALSE,TRUE,"single",NA,13.3131652827374,"HM",12.4808816176986,13.3131652827374,0.17845077077428,0.998598886413663,1.06668468546794,0.616433630106882,0.0945057831224535,FALSE,"emission","",NA,NA,-0.770045752971552,"HM",-0.7601069866108,-0.770045752971552,0.0158376564943832,0.997536716718194,1.0130754834988,0.136286346792209,0.0208941357243322,FALSE,"uptake","AICc",FALSE,NA,-0.00617829616245351,"HM",-0.00619657439757469,-0.00617829616245351,0.0558237420479067,-0.0102219694142713,0.99705026778532,1.04309376408799,0.159946005683759,TRUE,"below detection","SE | AICc | p-value | MDF | Intercept",TRUE,"convex (accelerating) trace","compost"
"2025-07-23_8B2_1",2025-07-23,8,"B",2025-07-23 13:51:39,2025-07-23 13:53:14,2025-07-23 13:51:14,6.33421,318,101.491614583333,31.6693583333333,"2025-07-23_hudsoncarbonfieldfluxes.json",FALSE,2025-07-23,"",2,FALSE,TRUE,"repeat: last kept",NA,10.9071270512408,"HM",9.9997851825161,10.9071270512408,0.171513042448882,0.997936424059837,1.09073613604332,0.616433630106882,0.0976520313445443,FALSE,"emission","",NA,NA,-0.709727994388309,"HM",-0.701553215249784,-0.709727994388309,0.0185154453633452,0.995998969031144,1.01165240064592,0.136286346792209,0.0215897348210523,FALSE,"uptake","AICc",FALSE,NA,0.0552471468085142,"LM",0.0552471468085142,0.134986213449147,0.0380254001597206,0.0115587460383252,2.44331556011403,1.04309376408799,0.165294199846738,TRUE,"below detection","SE | AICc | g-fact. > 2 | p-value | Intercept",FALSE,NA,"compost"
"2025-07-23_8C_1",2025-07-23,8,"C",2025-07-23 13:48:25,2025-07-23 13:49:59,2025-07-23 13:48:00,6.27856,318,101.488705263158,33.0492663157895,"2025-07-23_hudsoncarbonfieldfluxes.json",FALSE,2025-07-23,"",1,FALSE,TRUE,"single",NA,12.228152884862,"HM",11.9145636629977,12.228152884862,0.226498020448256,0.997897812226952,1.02631982427004,0.616433630106882,0.0971091323045471,FALSE,"emission","AICc",NA,NA,-1.00332117176753,"HM",-0.991577377210543,-1.00332117176753,0.0228833960947392,0.996980758679954,1.01184354829678,0.136286346792209,0.0214697061217333,FALSE,"uptake","AICc",FALSE,NA,0.163446146853386,"HM",0.163420562668542,0.163446146853386,0.100353182585689,0.304640983749642,1.00015655425747,1.04309376408799,0.164377636375863,TRUE,"below detection","SE | AICc | Intercept",TRUE,"convex (accelerating) trace","compost"
"2025-07-23_9A_1",2025-07-23,9,"A",2025-07-23 14:41:15,2025-07-23 14:42:50,2025-07-23 14:40:50,6.19111,318,101.489541666667,33.464265625,"2025-07-23_hudsoncarbonfieldfluxes.json",FALSE,2025-07-23,"",1,FALSE,TRUE,"single",NA,7.58133942825763,"HM",7.46309319704102,7.58133942825763,0.133005105749905,0.998148622652971,1.01584413166159,0.616433630106882,0.0952088205766889,FALSE,"emission","AICc",NA,NA,-0.607797113891167,"HM",-0.601870402760128,-0.607797113891167,0.0177181203682151,0.995011728827375,1.00984715497532,0.136286346792209,0.0210495691750983,FALSE,"uptake","AICc",TRUE,"convex (accelerating) trace",0.0604022735515783,"HM",0.0604275160608854,0.0604022735515783,0.108746988670718,0.0394967876725424,0.999582267964122,1.04309376408799,0.161143275432062,TRUE,"below detection","SE | AICc | Intercept",FALSE,NA,"compost"
"2025-07-23_9B_1",2025-07-23,9,"B",2025-07-23 14:44:29,2025-07-23 14:46:03,2025-07-23 14:44:04,6.23086,318,101.489526315789,33.0460147368421,"2025-07-23_hudsoncarbonfieldfluxes.json",FALSE,2025-07-23,"",1,FALSE,TRUE,"single",NA,8.76034328949491,"HM",8.6401884980399,8.76034328949491,0.183447572063621,0.997438447305808,1.01390650116977,0.616433630106882,0.0969384294094026,FALSE,"emission","AICc",NA,NA,-0.726812369403294,"HM",-0.716611064528355,-0.726812369403294,0.0163059436163715,0.997046509055561,1.0142354833464,0.136286346792209,0.021431965685732,FALSE,"uptake","AICc",FALSE,NA,0.0852387377139605,"HM",0.0851912428931652,0.0852387377139605,0.111955763246196,0.0800472168883719,1.00055750825064,1.04309376408799,0.164115265497325,TRUE,"below detection","SE | AICc | Intercept",FALSE,NA,"compost"
"2025-07-23_9C2_1",2025-07-23,9,"C",2025-07-23 14:49:40,2025-07-23 14:51:14,2025-07-23 14:49:15,6.1609,318,101.491810526316,35.3358105263158,"2025-07-23_hudsoncarbonfieldfluxes.json",FALSE,2025-07-23,"",1,FALSE,TRUE,"single",NA,11.5371772131776,"HM",10.1621980406337,11.5371772131776,0.174754197181232,0.99743942546229,1.13530332385238,0.616433630106882,0.0946193876398931,FALSE,"emission","",NA,NA,-0.791576912598289,"HM",-0.784508357209318,-0.791576912598289,0.0179620188558378,0.997070668759806,1.00901017219767,0.136286346792209,0.0209192523693443,FALSE,"uptake","AICc",TRUE,"convex (accelerating) trace",0.0905069971355123,"LM",0.0905069971355123,0.298299735679383,0.0253355318507611,0.111208402191124,3.29587485078918,1.04309376408799,0.160169960430081,TRUE,"below detection","SE | AICc | g-fact. > 2 | Intercept",FALSE,NA,"compost"
"2025-07-23_10a_1",2025-07-23,10,"A",2025-07-23 12:33:16,2025-07-23 12:34:50,2025-07-23 12:32:51,6.35011,318,101.509663157895,31.2245715789474,"2025-07-23_hudsoncarbonfieldfluxes.json",FALSE,2025-07-23,"",1,FALSE,TRUE,"single",NA,10.7048212190366,"HM",9.72987588195143,10.7048212190366,0.18312874296013,0.997560937363966,1.10020121005795,0.616433630106882,0.0989124756605823,FALSE,"emission","",NA,NA,-0.504264781117543,"HM",-0.496041257673035,-0.504264781117543,0.0151029671267578,0.994680308338963,1.01657830536735,0.136286346792209,0.0218684044827611,FALSE,"uptake","AICc",FALSE,NA,0.229027037396778,"HM",0.152054647352381,0.229027037396778,0.163865794172405,0.202622607283148,1.50621530735602,1.04309376408799,0.16745745188008,FALSE,"emission","SE | AICc | Intercept",FALSE,NA,"control"
"2025-07-23_10B_1",2025-07-23,10,"B",2025-07-23 12:38:24,2025-07-23 12:39:58,2025-07-23 12:37:59,5.99236,318,101.523421052632,31.2322936842105,"2025-07-23_hudsoncarbonfieldfluxes.json",FALSE,2025-07-23,"",1,FALSE,TRUE,"single",NA,10.3447503247093,"HM",9.68539255188883,10.3447503247093,0.136135451270721,0.998640836184804,1.06807754763558,0.616433630106882,0.0934713004381572,FALSE,"emission","",NA,NA,-0.531318170453821,"HM",-0.527494755697169,-0.531318170453821,0.0161060662388226,0.994725465320796,1.00724825169418,0.136286346792209,0.0206654235662397,FALSE,"uptake","AICc",TRUE,"convex (accelerating) trace",0.076831735579363,"HM",0.0768331989837441,0.076831735579363,0.106123182588334,0.071959169126042,0.99998095348885,1.04309376408799,0.158217399430697,TRUE,"below detection","SE | AICc | Intercept",FALSE,NA,"control"
"2025-07-23_10C_1",2025-07-23,10,"C",2025-07-23 12:42:26,2025-07-23 12:44:01,2025-07-23 12:42:01,5.98044,318,101.524041666667,33.06319375,"2025-07-23_hudsoncarbonfieldfluxes.json",FALSE,2025-07-23,"",1,FALSE,TRUE,"single",NA,9.5257434635878,"HM",9.39853275645684,9.5257434635878,0.135426591097027,0.998824374588064,1.01353516665073,0.616433630106882,0.0913225437836738,FALSE,"emission","AICc",NA,NA,-0.479959890677766,"HM",-0.476097774557248,-0.479959890677766,0.0181751558688834,0.991599469695961,1.00811202304844,0.136286346792209,0.0201903583195006,FALSE,"uptake","AICc",TRUE,"convex (accelerating) trace",0.227003755717865,"LM",0.227003755717865,0.869499410205323,0.0337227858637753,0.318080477625866,3.83033050468994,1.04309376408799,0.154578866112322,FALSE,"emission","SE | g-fact. > 2 | Intercept",FALSE,NA,"control"
"2025-07-23_11A_1",2025-07-23,11,"A",2025-07-23 13:56:04,2025-07-23 13:57:38,2025-07-23 13:55:39,6.21894,318,101.488747368421,31.8362157894737,"2025-07-23_hudsoncarbonfieldfluxes.json",FALSE,2025-07-23,"",1,FALSE,TRUE,"single",NA,10.8521075197936,"HM",9.83327236028511,10.8521075197936,0.161534469408545,0.997959895483907,1.10361099765968,0.616433630106882,0.0970923072425442,FALSE,"emission","",NA,NA,-0.540043335161712,"HM",-0.521748819670254,-0.540043335161712,0.0212159683436979,0.990698050909162,1.03506383685357,0.136286346792209,0.0214659862951,FALSE,"uptake","AICc | Intercept (HM)",FALSE,NA,0.121438993693606,"HM",0.121301774913289,0.121438993693606,0.118425459473908,0.142871368113342,1.00113121823993,1.04309376408799,0.164334398386949,TRUE,"below detection","SE | AICc | Intercept",FALSE,NA,"slurry"
"2025-07-23_11B_1",2025-07-23,11,"B",2025-07-23 14:03:48,2025-07-23 14:05:22,2025-07-23 14:03:23,6.19906,318,101.490957894737,32.9140452631579,"2025-07-23_hudsoncarbonfieldfluxes.json",FALSE,2025-07-23,"",1,FALSE,TRUE,"single",NA,11.5193883907667,"HM",9.07648548212767,11.5193883907667,0.457215905640728,0.985822028844561,1.2691463467274,0.616433630106882,0.0954565999084877,FALSE,"emission","SE",NA,NA,-0.484746986369103,"HM",-0.425136001731741,-0.484746986369103,0.0238888550485148,0.983658621071936,1.14021627054529,0.136286346792209,0.0211043503198838,FALSE,"uptake","",FALSE,NA,-0.141892956061815,"LM",-0.141892956061815,-0.898616242979085,0.0315278404859117,0.170014894855052,6.33305745344828,1.04309376408799,0.161656184846672,TRUE,"below detection","SE | g-fact. > 2 | Intercept",FALSE,NA,"slurry"
"2025-07-23_11C_1",2025-07-23,11,"C",2025-07-23 13:59:48,2025-07-23 14:01:23,2025-07-23 13:59:23,5.94069,318,101.482447916667,32.832746875,"2025-07-23_hudsoncarbonfieldfluxes.json",FALSE,2025-07-23,"",1,FALSE,TRUE,"single",NA,8.8486065003675,"HM",8.23406327734875,8.8486065003675,0.0971046489119148,0.998896592312077,1.07463426042757,0.616433630106882,0.0912087188871359,FALSE,"emission","",NA,NA,-0.490575438293277,"HM",-0.458874621334207,-0.490575438293277,0.0155745680421943,0.993484500085465,1.06908383136748,0.136286346792209,0.0201651929512184,FALSE,"uptake","",FALSE,NA,0.0797218801350646,"LM",0.0797218801350646,0.196103282234596,0.0247936239956837,0.0895056010054106,2.45984266681065,1.04309376408799,0.154398235656098,TRUE,"below detection","SE | AICc | g-fact. > 2 | Intercept",FALSE,NA,"slurry"
"2025-07-23_12A_1",2025-07-23,12,"A",2025-07-23 14:29:39,2025-07-23 14:31:14,2025-07-23 14:29:14,6.33819,318,101.499916666667,33.6549927083333,"2025-07-23_hudsoncarbonfieldfluxes.json",FALSE,2025-07-23,"",1,FALSE,TRUE,"single",NA,8.54692377691772,"HM",8.4057473073732,8.54692377691772,0.156253958220502,0.997971376704597,1.0167952312129,0.616433630106882,0.0973430802992464,FALSE,"emission","AICc",NA,NA,-0.667140130123728,"HM",-0.660702252152139,-0.667140130123728,0.018417962449672,0.995558575242538,1.00974399277529,0.136286346792209,0.0215214293178402,FALSE,"uptake","AICc",TRUE,"convex (accelerating) trace",0.0934253449642692,"HM",0.0934188428340889,0.0934253449642692,0.106350380670259,0.104815807363196,1.00006960191309,1.04309376408799,0.164769289337404,TRUE,"below detection","SE | AICc | Intercept",TRUE,"convex (accelerating) trace","slurry"
"2025-07-23_12B_1",2025-07-23,12,"B",2025-07-23 14:33:27,2025-07-23 14:35:01,2025-07-23 14:33:02,6.07981,318,101.504652631579,34.383327368421,"2025-07-23_hudsoncarbonfieldfluxes.json",FALSE,2025-07-23,"",1,FALSE,TRUE,"single",NA,8.77283023502051,"HM",8.63775928480135,8.77283023502051,0.106872392587033,0.999110642151946,1.01563726723166,0.616433630106882,0.0936626271276772,FALSE,"emission","AICc",NA,NA,-0.65315236738625,"HM",-0.633357661440854,-0.65315236738625,0.0151145784212207,0.996722218124753,1.03125359832289,0.136286346792209,0.0207077236846709,FALSE,"uptake","AICc",FALSE,NA,0.136450728839125,"HM",0.095231872114978,0.136450728839125,0.149911155464942,0.0949730434650016,1.4328262776813,1.04309376408799,0.158544955249029,TRUE,"below detection","SE | AICc | Intercept",FALSE,NA,"slurry"
"2025-07-23_12C_1",2025-07-23,12,"C",2025-07-23 14:36:51,2025-07-23 14:38:25,2025-07-23 14:36:26,5.84131,318,101.494326315789,34.576552631579,"2025-07-23_hudsoncarbonfieldfluxes.json",FALSE,2025-07-23,"",1,FALSE,TRUE,"single",NA,9.34433481503862,"HM",8.98897563761966,9.34433481503862,0.158926288477869,0.998151990167282,1.03953277789871,0.616433630106882,0.0896534168951186,FALSE,"emission","",NA,NA,-0.627008018029065,"HM",-0.622447651601088,-0.627008018029065,0.0191697103730719,0.994624512708135,1.00732650595797,0.136286346792209,0.0198213336672693,FALSE,"uptake","AICc",TRUE,"convex (accelerating) trace",0.175084667955171,"HM",0.174348738528313,0.175084667955171,0.13587649792945,0.212226769036729,1.00422101950992,1.04309376408799,0.151750607175566,FALSE,"emission","SE | AICc",FALSE,NA,"slurry"
"2025-07-23_13A_1",2025-07-23,13,"A",2025-07-23 12:22:55,2025-07-23 12:24:30,2025-07-23 12:22:30,6.35806,318,101.504177083333,29.4215614583333,"2025-07-23_hudsoncarbonfieldfluxes.json",FALSE,2025-07-23,"",1,FALSE,TRUE,"single",NA,11.5195136901629,"HM",10.6348405083373,11.5195136901629,0.117143959966401,0.998909951269927,1.08318631399616,0.616433630106882,0.0988666445455363,FALSE,"emission","",NA,NA,-0.67376950648068,"HM",-0.665198848433002,-0.67376950648068,0.0172818004253919,0.996108320417547,1.01288435490811,0.136286346792209,0.0218582717532441,FALSE,"uptake","AICc",FALSE,NA,0.183838935531982,"HM",0.183779249403166,0.183838935531982,0.165239009637184,0.164396053533393,1.0003247707726,1.04309376408799,0.167260934997618,FALSE,"emission","SE | AICc",FALSE,NA,"slurry"
"2025-07-23_13B_1",2025-07-23,13,"B",2025-07-23 12:26:06,2025-07-23 12:27:40,2025-07-23 12:25:41,6.27856,318,101.515989473684,28.8840421052632,"2025-07-23_hudsoncarbonfieldfluxes.json",FALSE,2025-07-23,"",1,FALSE,TRUE,"single",NA,10.2369093468695,"HM",9.34732645143395,10.2369093468695,0.117983037260959,0.998604842743589,1.09516976860256,0.616433630106882,0.0989853388634945,FALSE,"emission","",NA,NA,-0.529542449456882,"HM",-0.521319765333204,-0.529542449456882,0.0153461893569459,0.995033345618257,1.01577282249873,0.136286346792209,0.0218845136942893,FALSE,"uptake","AICc",FALSE,NA,0.19530232123298,"HM",0.194774659878727,0.19530232123298,0.118410102391015,0.309678336951805,1.00270908625681,1.04309376408799,0.167545585220351,FALSE,"emission","SE | AICc | Intercept",FALSE,NA,"slurry"
"2025-07-23_13C_1",2025-07-23,13,"C",2025-07-23 12:29:20,2025-07-23 12:30:55,2025-07-23 12:28:55,6.00031,318,101.5039375,31.6970041666667,"2025-07-23_hudsoncarbonfieldfluxes.json",FALSE,2025-07-23,"",1,FALSE,TRUE,"single",NA,11.4440547869264,"HM",10.6926031713676,11.4440547869264,0.103560449109633,0.999172010174282,1.07027770539274,0.616433630106882,0.0920385550774439,FALSE,"emission","",NA,NA,-0.629971367085991,"HM",-0.621069728648272,-0.629971367085991,0.0193333632813014,0.994390636425687,1.0143327520681,0.136286346792209,0.0203486601361503,FALSE,"uptake","AICc",FALSE,NA,0.247089955178704,"HM",0.246662185577756,0.247089955178704,0.162778598963438,0.272268646423595,1.00173423259,1.04309376408799,0.155801593178295,FALSE,"emission","SE | AICc | Intercept",FALSE,NA,"slurry"
"2025-07-23_14A_1",2025-07-23,14,"A",2025-07-23 14:07:44,2025-07-23 14:09:18,2025-07-23 14:07:19,5.98044,318,101.492547368421,34.9772831578947,"2025-07-23_hudsoncarbonfieldfluxes.json",FALSE,2025-07-23,"",1,FALSE,TRUE,"single",NA,12.2588169107317,"HM",11.5697803395202,12.2588169107317,0.23248583937353,0.997579912846261,1.05955485333268,0.616433630106882,0.091614032891379,FALSE,"emission","",NA,NA,-0.483019433241324,"HM",-0.480616204372031,-0.483019433241324,0.0205894637121968,0.989510593523555,1.00500030762057,0.136286346792209,0.0202548031902517,FALSE,"uptake","AICc",TRUE,"convex (accelerating) trace",0.0712598687051189,"HM",0.0711530873554497,0.0712598687051189,0.115741179816624,0.0509006978148674,1.00150072686426,1.04309376408799,0.155028998612124,TRUE,"below detection","SE | AICc | Intercept",FALSE,NA,"compost"
"2025-07-23_14B_1",2025-07-23,14,"B",2025-07-23 14:14:39,2025-07-23 14:16:14,2025-07-23 14:14:14,6.31831,318,101.485520833333,33.716903125,"2025-07-23_hudsoncarbonfieldfluxes.json",FALSE,2025-07-23,"",1,FALSE,TRUE,"single",NA,10.6462286276086,"HM",10.3207017398437,10.6462286276086,0.175912136947869,0.998275796217981,1.03154115834083,0.616433630106882,0.0962686911427152,FALSE,"emission","",NA,NA,-0.478402623565217,"HM",-0.470962897634408,-0.478402623565217,0.016155833745049,0.993160173732275,1.01579684083009,0.136286346792209,0.02128389430024,FALSE,"uptake","AICc",FALSE,NA,0.0579457931133778,"HM",0.0294475637475681,0.0579457931133778,0.18599496647941,-0.00254943011014586,1.96776187022138,1.04309376408799,0.162926499105336,TRUE,"below detection","SE | AICc | p-value | Intercept",FALSE,NA,"compost"
"2025-07-23_14C_1",2025-07-23,14,"C",2025-07-23 14:11:04,2025-07-23 14:12:39,2025-07-23 14:10:39,6.45744,318,101.491739583333,34.2184291666667,"2025-07-23_hudsoncarbonfieldfluxes.json",FALSE,2025-07-23,"",1,FALSE,TRUE,"single",NA,10.3668022069004,"HM",10.0415656391312,10.3668022069004,0.22201724907043,0.997145292506527,1.03238902970487,0.616433630106882,0.0983982042337448,FALSE,"emission","",NA,NA,-0.280496488503151,"HM",-0.27775489758013,-0.280496488503151,0.0170332849308388,0.978398585690282,1.00987054034657,0.136286346792209,0.0217547050176441,FALSE,"uptake","AICc | Intercept",FALSE,NA,0.142990862761571,"HM",0.143029411309874,0.142990862761571,0.154552269144985,0.117369264631915,0.99973048516421,1.04309376408799,0.16653937381075,TRUE,"below detection","SE | AICc | Intercept",TRUE,"convex (accelerating) trace","compost"
"2025-07-23_15A_1",2025-07-23,15,"A",2025-07-23 14:18:31,2025-07-23 14:20:05,2025-07-23 14:18:06,6.00031,318,101.490642105263,35.4149252631579,"2025-07-23_hudsoncarbonfieldfluxes.json",FALSE,2025-07-23,"",1,FALSE,TRUE,"single",NA,10.6289270160866,"HM",9.42865171261837,10.6289270160866,0.135227703215375,0.99796020955501,1.12730084216197,0.616433630106882,0.0921789985693457,FALSE,"emission","",NA,NA,-0.527898293575136,"HM",-0.521893074947411,-0.527898293575136,0.0149098685807578,0.995382838324337,1.01150660722664,0.136286346792209,0.0203797105680333,FALSE,"uptake","AICc",TRUE,"convex (accelerating) trace",0.196631821632201,"HM",0.114921156528822,0.196631821632201,0.156645856883269,0.161528876183819,1.7110149912465,1.04309376408799,0.15602030691311,FALSE,"emission","SE | AICc | Intercept",FALSE,NA,"control"
"2025-07-23_15B_1",2025-07-23,15,"B",2025-07-23 14:22:10,2025-07-23 14:23:45,2025-07-23 14:21:45,6.33819,318,101.497958333333,35.485846875,"2025-07-23_hudsoncarbonfieldfluxes.json",FALSE,2025-07-23,"",1,FALSE,TRUE,"single",NA,9.76974781072125,"HM",9.64254003722214,9.76974781072125,0.205500317569368,0.997392822524831,1.01319235108261,0.616433630106882,0.0960020684737604,FALSE,"emission","AICc",NA,NA,-0.561162639696898,"HM",-0.55667568072557,-0.561162639696898,0.0186122240423147,0.993573412341141,1.00806027481833,0.136286346792209,0.0212249471115256,FALSE,"uptake","AICc",TRUE,"convex (accelerating) trace",0.29173157589572,"HM",0.152325409295843,0.29173157589572,0.191347729633465,0.208189282513492,1.91518655518021,1.04309376408799,0.162491544104326,FALSE,"emission","SE | AICc | Intercept",FALSE,NA,"control"
"2025-07-23_15C_1",2025-07-23,15,"C",2025-07-23 14:25:28,2025-07-23 14:27:03,2025-07-23 14:25:03,6.23881,318,101.492958333333,34.5631510416667,"2025-07-23_hudsoncarbonfieldfluxes.json",FALSE,2025-07-23,"",1,FALSE,TRUE,"single",NA,16.5806571189482,"HM",15.3313952934764,16.5806571189482,0.262006790245088,0.998013970104487,1.08148389638113,0.616433630106882,0.0945568038086435,FALSE,"emission","",NA,NA,-0.699636636974899,"HM",-0.67779431216863,-0.699636636974899,0.0178344875934611,0.995989335129648,1.03222559471823,0.136286346792209,0.0209054158080136,FALSE,"uptake","AICc",FALSE,NA,0.309795799438062,"HM",0.161453775522254,0.309795799438062,0.170325039162122,0.274525441916994,1.91878943949107,1.04309376408799,0.160012941632096,FALSE,"emission","SE | AICc | Intercept",FALSE,NA,"control"
"2025-08-22_1A2_1",2025-08-22,1,"A",2025-08-22 14:29:05,2025-08-22 14:30:39,2025-08-22 14:28:40,6.22132,318,100.851210526316,31.5667136842105,"2025-08-22_hudsoncarbonfieldfluxes.json",FALSE,2025-08-22,"",2,FALSE,TRUE,"repeat: last kept",NA,11.1872378323852,"HM",10.6913190189566,11.1872378323852,0.101715016336138,0.999357423780975,1.04638518526566,0.565064160931334,0.087818210225002,FALSE,"emission","",NA,NA,-0.511854504895519,"HM",-0.488478765987393,-0.511854504895519,0.0159766627740806,0.993977482537226,1.04785415566811,0.136286346792209,0.0211806443956196,FALSE,"uptake","",FALSE,NA,0.090097944543571,"LM",0.090097944543571,0.186846315482721,0.0316846714029304,0.0700983153276801,2.07381329762038,1.03551414649329,0.160973823549367,TRUE,"below detection","SE | AICc | g-fact. > 2 | Intercept",FALSE,NA,"slurry"
"2025-08-22_1B_1",2025-08-22,1,"B",2025-08-22 14:32:16,2025-08-22 14:33:50,2025-08-22 14:31:51,6.22132,318,100.858757894737,30.8372705263158,"2025-08-22_hudsoncarbonfieldfluxes.json",FALSE,2025-08-22,"",1,FALSE,TRUE,"single",NA,12.8006204399501,"HM",12.3801457266599,12.8006204399501,0.198905707316899,0.998470531022036,1.03396363197767,0.565064160931334,0.0883051742818215,FALSE,"emission","",NA,NA,-0.394719275967762,"HM",-0.391925723423426,-0.394719275967762,0.0171036223701168,0.989127518260773,1.00712776012744,0.136286346792209,0.0212980939826075,FALSE,"uptake","AICc",TRUE,"convex (accelerating) trace",0.0663614342348835,"LM",0.0663614342348835,0.168389692471348,0.0289083141674085,0.0434488101208483,2.53746312768558,1.03551414649329,0.161869217705269,TRUE,"below detection","SE | AICc | g-fact. > 2 | Intercept",FALSE,NA,"slurry"
"2025-08-22_1C_1",2025-08-22,1,"C",2025-08-22 14:35:36,2025-08-22 14:37:10,2025-08-22 14:35:11,6.00031,318,100.860210526316,31.2588189473684,"2025-08-22_hudsoncarbonfieldfluxes.json",FALSE,2025-08-22,"",1,FALSE,TRUE,"single",NA,13.0699352624666,"HM",12.894728894699,13.0699352624666,0.127963207467074,0.99947583051925,1.01358744097672,0.565064160931334,0.0849233817539419,FALSE,"emission","AICc",NA,NA,-0.453347758896458,"HM",-0.445096114315566,-0.453347758896458,0.015392502076165,0.993130324198022,1.01853901733917,0.136286346792209,0.0204824482894276,FALSE,"uptake","AICc",FALSE,NA,0.0850975610808639,"LM",0.0850975610808639,0.266200552810549,0.03392432985917,0.0533005222686569,3.12818075429438,1.03551414649329,0.155664647913748,TRUE,"below detection","SE | AICc | g-fact. > 2 | Intercept",FALSE,NA,"slurry"
"2025-08-22_2A_1",2025-08-22,2,"A",2025-08-22 14:47:09,2025-08-22 14:48:43,2025-08-22 14:46:44,6.18316,318,100.858378947368,31.2280947368421,"2025-08-22_hudsoncarbonfieldfluxes.json",FALSE,2025-08-22,"",1,FALSE,TRUE,"single",NA,10.8853024830373,"HM",10.5256124986129,10.8853024830373,0.132813207775027,0.999026169513908,1.03417283169714,0.565064160931334,0.0878121829147915,FALSE,"emission","",NA,NA,-0.436665955298814,"HM",-0.432216996030601,-0.436665955298814,0.0147380713414,0.993373201486489,1.01029334641875,0.136286346792209,0.0211791906844371,FALSE,"uptake","AICc",TRUE,"convex (accelerating) trace",0.243511783808137,"HM",0.243398965097223,0.243511783808137,0.14088170092339,0.33148116923609,1.00046351351933,1.03551414649329,0.160985916751054,FALSE,"emission","SE | AICc | Intercept",TRUE,"convex (accelerating) trace","control"
"2025-08-22_2B_1",2025-08-22,2,"B",2025-08-22 14:40:30,2025-08-22 14:42:04,2025-08-22 14:40:05,6.07186,318,100.858063157895,31.07674,"2025-08-22_hudsoncarbonfieldfluxes.json",FALSE,2025-08-22,"",1,FALSE,TRUE,"single",NA,11.5037911812926,"HM",11.3648877779858,11.5037911812926,0.141710990908699,0.99915405633941,1.01222215353291,0.565064160931334,0.0862505396022682,FALSE,"emission","AICc",NA,NA,-0.543545682930678,"HM",-0.537764581399232,-0.543545682930678,0.0144616688253524,0.995902176124777,1.01075024598385,0.136286346792209,0.0208025420190793,FALSE,"uptake","AICc",TRUE,"convex (accelerating) trace",0.106947588109952,"LM",0.106947588109952,0.273983254211545,0.0260988514518648,0.143834639043042,2.56184603181388,1.03551414649329,0.158079077700252,TRUE,"below detection","SE | AICc | g-fact. > 2 | Intercept",FALSE,NA,"control"
"2025-08-22_2C_1",2025-08-22,2,"C",2025-08-22 14:43:47,2025-08-22 14:45:21,2025-08-22 14:43:22,6.23086,318,100.862294736842,30.3118863157895,"2025-08-22_hudsoncarbonfieldfluxes.json",FALSE,2025-08-22,"",1,FALSE,TRUE,"single",NA,14.3677536704871,"HM",13.5079610573866,14.3677536704871,0.0908776871342948,0.999492060814665,1.06365080632434,0.565064160931334,0.0888369028446246,FALSE,"emission","",NA,NA,-0.450274884589039,"HM",-0.445574349877322,-0.450274884589039,0.0165303787804868,0.992145557828605,1.01054938353837,0.136286346792209,0.0214263402036916,FALSE,"uptake","AICc",FALSE,NA,0.199267954735729,"HM",0.198687688844132,0.199267954735729,0.125281811377534,0.293957400060829,1.00292049243198,1.03551414649329,0.162854121312893,FALSE,"emission","SE | AICc | Intercept",FALSE,NA,"control"
"2025-08-22_3A_1",2025-08-22,3,"A",2025-08-22 14:52:31,2025-08-22 14:54:05,2025-08-22 14:52:06,6.12751,318,100.854926315789,30.8157915789474,"2025-08-22_hudsoncarbonfieldfluxes.json",FALSE,2025-08-22,"",1,FALSE,TRUE,"single",NA,14.3045029030986,"HM",13.2637355875806,14.3045029030986,0.088801770255348,0.999363520202008,1.07846713383615,0.565064160931334,0.0868003663531179,FALSE,"emission","",NA,NA,-0.59523666136211,"HM",-0.578683308110747,-0.59523666136211,0.0141724578246896,0.996549831559134,1.02860520256823,0.136286346792209,0.0209351532947943,FALSE,"uptake","AICc",FALSE,NA,1.60741664758184,"HM",1.24277341843854,1.60741664758184,0.165104278683744,0.929344587218938,1.2934108693775,1.03551414649329,0.159075950537875,FALSE,"emission","SE",TRUE,"closure sigma = 1.64 ppb = 1.6x campaign sigma (disturbed closure?)","compost"
"2025-08-22_3B_1",2025-08-22,3,"B",2025-08-22 14:59:00,2025-08-22 15:00:34,2025-08-22 14:58:35,5.97646,318,100.855989473684,31.61592,"2025-08-22_hudsoncarbonfieldfluxes.json",FALSE,2025-08-22,"",1,FALSE,TRUE,"single",NA,15.4129896555219,"HM",14.8643435007188,15.4129896555219,0.255540160524319,0.998251561992481,1.03691021771507,0.565064160931334,0.0844308473327793,FALSE,"emission","",NA,NA,-0.524020660669005,"HM",-0.51989031002623,-0.524020660669005,0.0172455741049243,0.993743991550681,1.0079446578694,0.136286346792209,0.0203636552008357,FALSE,"uptake","AICc",TRUE,"convex (accelerating) trace",1.89053083827619,"HM",1.87323615656319,1.89053083827619,0.152568116540696,0.962789351944616,1.00923251542653,1.03551414649329,0.154755171646273,FALSE,"emission","SE | AICc",FALSE,NA,"compost"
"2025-08-22_3C_1",2025-08-22,3,"C",2025-08-22 14:55:46,2025-08-22 14:57:20,2025-08-22 14:55:21,6.35011,318,100.854673684211,31.0891357894737,"2025-08-22_hudsoncarbonfieldfluxes.json",FALSE,2025-08-22,"",1,FALSE,TRUE,"single",NA,11.1289229305898,"HM",10.9734688400423,11.1289229305898,0.23696587630432,0.997348773088352,1.01416635822397,0.565064160931334,0.0902146031357418,FALSE,"emission","AICc",NA,NA,-0.423545604779748,"HM",-0.420910964657297,-0.423545604779748,0.0165930167235629,0.991120493970591,1.00625937631394,0.136286346792209,0.0217586241329032,FALSE,"uptake","AICc",TRUE,"convex (accelerating) trace",0.718160049527466,"HM",0.643621441265283,0.718160049527466,0.12780975501542,0.83347328737476,1.11581125718194,1.03551414649329,0.16535853682406,FALSE,"emission","SE | AICc",FALSE,NA,"compost"
"2025-08-22_4A_1",2025-08-22,4,"A",2025-08-22 15:23:09,2025-08-22 15:24:43,2025-08-22 15:22:44,6.16726,318,100.854673684211,31.8677463157895,"2025-08-22_hudsoncarbonfieldfluxes.json",FALSE,2025-08-22,"",1,FALSE,TRUE,"single",NA,10.0147157481546,"HM",9.70954476962847,10.0147157481546,0.152715578762172,0.998534444054351,1.03142999860104,0.565064160931334,0.0872761448439171,FALSE,"emission","",NA,NA,-0.446634276483506,"HM",-0.44166749244905,-0.446634276483506,0.0187473266441201,0.989705106157914,1.01124552773154,0.136286346792209,0.0210499050643747,FALSE,"uptake","AICc",FALSE,NA,0.129121238079433,"LM",0.129121238079433,0.793995267934561,0.0309897573219409,0.148244987890837,6.14922285244901,1.03551414649329,0.159955741321894,TRUE,"below detection","SE | g-fact. > 2 | Intercept",FALSE,NA,"compost"
"2025-08-22_4B_1",2025-08-22,4,"B",2025-08-22 15:26:21,2025-08-22 15:27:55,2025-08-22 15:25:56,6.17521,318,100.848421052632,30.9874873684211,"2025-08-22_hudsoncarbonfieldfluxes.json",FALSE,2025-08-22,"",1,FALSE,TRUE,"single",NA,9.79147635161714,"HM",9.64713445153038,9.79147635161714,0.122675150233433,0.999086288712142,1.01496215283533,0.565064160931334,0.0877696539035488,FALSE,"emission","AICc",NA,NA,-0.485565737765903,"HM",-0.482039412229028,-0.485565737765903,0.0166360853143718,0.993220346801929,1.00731542991593,0.136286346792209,0.0211689332234694,FALSE,"uptake","AICc",TRUE,"convex (accelerating) trace",0.0407876230776146,"HM",0.0407928398732068,0.0407876230776146,0.125342513232164,0.00730567459357934,0.999872114919961,1.03551414649329,0.16088601179323,TRUE,"below detection","SE | AICc | p-value | Intercept",FALSE,NA,"compost"
"2025-08-22_4C_1",2025-08-22,4,"C",2025-08-22 15:29:42,2025-08-22 15:31:16,2025-08-22 15:29:17,6.09571,318,100.846789473684,30.5747189473684,"2025-08-22_hudsoncarbonfieldfluxes.json",FALSE,2025-08-22,"",1,FALSE,TRUE,"single",NA,11.0358530127998,"HM",10.2054223480337,11.0358530127998,0.0950142655798878,0.999116625031112,1.08137151373516,0.565064160931334,0.0868910829909622,FALSE,"emission","",NA,NA,-0.386236143686336,"HM",-0.383103882611862,-0.386236143686336,0.0209795699890268,0.98290805297523,1.00817600973689,0.136286346792209,0.0209570330033653,FALSE,"uptake","AICc",TRUE,"convex (accelerating) trace",0.0553644085822353,"HM",0.0552734804352949,0.0553644085822353,0.117888154552689,0.0257437723140768,1.00164505918977,1.03551414649329,0.159303678480596,TRUE,"below detection","SE | AICc | p-value | Intercept",FALSE,NA,"compost"
"2025-08-22_5A_1",2025-08-22,5,"A",2025-08-22 15:12:33,2025-08-22 15:14:07,2025-08-22 15:12:08,6.03211,318,100.858568421053,31.351287368421,"2025-08-22_hudsoncarbonfieldfluxes.json",FALSE,2025-08-22,"",1,FALSE,TRUE,"single",NA,12.3912484487816,"HM",11.3630587112355,12.3912484487816,0.124683538702972,0.998854698333541,1.09048529658036,0.565064160931334,0.0855753042179659,FALSE,"emission","",NA,NA,-0.600766261079916,"HM",-0.592491317386163,-0.600766261079916,0.0166681497012976,0.995503627048901,1.01396635435986,0.136286346792209,0.0206396837631253,FALSE,"uptake","AICc",FALSE,NA,0.250268896479943,"HM",0.194220594528794,0.250268896479943,0.165121522193144,0.247834817870142,1.28858063217822,1.03551414649329,0.156882344917578,FALSE,"emission","SE | AICc | Intercept",FALSE,NA,"control"
"2025-08-22_5B_1",2025-08-22,5,"B",2025-08-22 15:15:50,2025-08-22 15:17:24,2025-08-22 15:15:25,6.18316,318,100.855578947368,31.1756052631579,"2025-08-22_hudsoncarbonfieldfluxes.json",FALSE,2025-08-22,"",1,FALSE,TRUE,"single",NA,10.5902391749589,"HM",10.1541903731227,10.5902391749589,0.132521103895465,0.998930075634372,1.04294274440534,0.565064160931334,0.0877327362585795,FALSE,"emission","",NA,NA,-0.600141614669572,"HM",-0.594297795772718,-0.600141614669572,0.0150316647556082,0.996376337484272,1.00983314920301,0.136286346792209,0.0211600291532542,FALSE,"uptake","AICc",TRUE,"convex (accelerating) trace",0.112655081309475,"HM",0.112515981472943,0.112655081309475,0.112482665885604,0.137095773441073,1.00123626737029,1.03551414649329,0.160843858114693,TRUE,"below detection","SE | AICc | Intercept",FALSE,NA,"control"
"2025-08-22_5C_1",2025-08-22,5,"C",2025-08-22 15:19:05,2025-08-22 15:20:39,2025-08-22 15:18:40,6.31036,318,100.851063157895,31.1410968421053,"2025-08-22_hudsoncarbonfieldfluxes.json",FALSE,2025-08-22,"",1,FALSE,TRUE,"single",NA,14.1417827491057,"HM",12.9870305266954,14.1417827491057,0.184453521654531,0.998447367672481,1.08891580103986,0.565064160931334,0.0893764669238964,FALSE,"emission","",NA,NA,-0.627872412837846,"HM",-0.601823361236317,-0.627872412837846,0.0176538164275144,0.995109744853793,1.04328355009021,0.136286346792209,0.0215564762524954,FALSE,"uptake","",FALSE,NA,-0.00652769881096739,"HM",-0.00654686661850213,-0.00652769881096739,0.0718400196578161,-0.0104527149766618,0.997072216580589,1.03551414649329,0.16382867562506,TRUE,"below detection","SE | AICc | p-value | MDF | Intercept",TRUE,"convex (accelerating) trace","control"
"2025-08-22_6A_1",2025-08-22,6,"A",2025-08-22 15:02:23,2025-08-22 15:03:57,2025-08-22 15:01:58,5.96851,318,100.853652631579,31.3485105263158,"2025-08-22_hudsoncarbonfieldfluxes.json",FALSE,2025-08-22,"",1,FALSE,TRUE,"single",NA,12.0941288478823,"HM",11.9360006748723,12.0941288478823,0.112836175497761,0.999528263925727,1.01324800302189,0.565064160931334,0.08419761238395,FALSE,"emission","AICc",NA,NA,-0.672274236848525,"HM",-0.664612375329847,-0.672274236848525,0.0186181650389032,0.995538541193712,1.01152831605773,0.136286346792209,0.0203074018736598,FALSE,"uptake","AICc",FALSE,NA,0.194011760013089,"LM",0.194011760013089,0.758820214466647,0.0333147385742304,0.259342905262814,3.91120731246113,1.03551414649329,0.154352169779826,FALSE,"emission","SE | g-fact. > 2 | Intercept (LM)",FALSE,NA,"slurry"
"2025-08-22_6B_1",2025-08-22,6,"B",2025-08-22 15:05:33,2025-08-22 15:07:07,2025-08-22 15:05:08,6.43756,318,100.859568421053,31.5099610526316,"2025-08-22_hudsoncarbonfieldfluxes.json",FALSE,2025-08-22,"",1,FALSE,TRUE,"single",NA,13.1874180711353,"HM",12.2079146902589,13.1874180711353,0.121779075019366,0.999061429158838,1.08023511023206,0.565064160931334,0.0911490488099794,FALSE,"emission","",NA,NA,-0.606712632992135,"HM",-0.569897661373516,-0.606712632992135,0.0163819475670274,0.995286538113748,1.06459926775255,0.136286346792209,0.021984000640604,FALSE,"uptake","",FALSE,NA,0.335041313264361,"HM",0.332637367583567,0.335041313264361,0.11315979518199,0.594353564201294,1.00722692612155,1.03551414649329,0.167114637523782,FALSE,"emission","SE | AICc | Intercept",FALSE,NA,"slurry"
"2025-08-22_6C_1",2025-08-22,6,"C",2025-08-22 15:08:51,2025-08-22 15:10:25,2025-08-22 15:08:26,6.36601,318,100.859715789474,31.225432631579,"2025-08-22_hudsoncarbonfieldfluxes.json",FALSE,2025-08-22,"",1,FALSE,TRUE,"single",NA,10.061761307568,"HM",9.90056298232195,10.061761307568,0.0917974288033201,0.999498299246918,1.01628173322405,0.565064160931334,0.0902278639573704,FALSE,"emission","AICc",NA,NA,-0.414885923365002,"HM",-0.412727302772955,-0.414885923365002,0.0189061871274346,0.988001626003507,1.00523013761761,0.136286346792209,0.021761822475782,FALSE,"uptake","AICc",TRUE,"convex (accelerating) trace",0.258407745774513,"HM",0.25761925645485,0.258407745774513,0.135722047500295,0.375459903026252,1.00306067694828,1.03551414649329,0.16540652555086,FALSE,"emission","SE | AICc | Intercept",FALSE,NA,"slurry"
"2025-08-22_7A_1",2025-08-22,7,"A",2025-08-22 15:33:22,2025-08-22 15:34:56,2025-08-22 15:32:57,6.16726,318,100.845831578947,30.7205621052632,"2025-08-22_hudsoncarbonfieldfluxes.json",FALSE,2025-08-22,"",1,FALSE,TRUE,"single",NA,11.8201811688471,"HM",11.6273000961262,11.8201811688471,0.132248050077698,0.999245476125746,1.01658863804376,0.565064160931334,0.0876360110515468,FALSE,"emission","AICc",NA,NA,-0.429549199009829,"HM",-0.420660060154579,-0.429549199009829,0.0179471767771525,0.989633022358413,1.02113140679908,0.136286346792209,0.0211367002535989,FALSE,"uptake","AICc",FALSE,NA,0.124867167109362,"HM",0.124343619098203,0.124867167109362,0.133864924325664,0.119818680319558,1.00421049358991,1.03551414649329,0.16065145687605,TRUE,"below detection","SE | AICc",FALSE,NA,"control"
"2025-08-22_7B_1",2025-08-22,7,"B",2025-08-22 15:36:35,2025-08-22 15:38:09,2025-08-22 15:36:10,6.32626,318,100.838957894737,31.8606263157895,"2025-08-22_hudsoncarbonfieldfluxes.json",FALSE,2025-08-22,"",1,FALSE,TRUE,"single",NA,12.3570253958967,"HM",11.5652109185956,12.3570253958967,0.119254635432294,0.999124671245514,1.06846519988908,0.565064160931334,0.0893041973429956,FALSE,"emission","",NA,NA,-0.534067719273125,"HM",-0.527077054254211,-0.534067719273125,0.0154431719802137,0.995086570147155,1.01326307977646,0.136286346792209,0.0215390457413319,FALSE,"uptake","AICc",FALSE,NA,0.0887733257439015,"HM",0.0884837501900429,0.0887733257439015,0.111551594294844,0.0876150088950006,1.00327264105824,1.03551414649329,0.163738467693659,TRUE,"below detection","SE | AICc | Intercept",FALSE,NA,"control"
"2025-08-22_7C_1",2025-08-22,7,"C",2025-08-22 15:39:48,2025-08-22 15:41:22,2025-08-22 15:39:23,6.22291,318,100.836305263158,30.3638284210526,"2025-08-22_hudsoncarbonfieldfluxes.json",FALSE,2025-08-22,"",1,FALSE,TRUE,"single",NA,11.6516531409611,"HM",11.0035857895986,11.6516531409611,0.192148870982801,0.998120746959561,1.05889601478594,0.565064160931334,0.0886440255327833,FALSE,"emission","",NA,NA,-0.410817771086529,"HM",-0.408395520787196,-0.410817771086529,0.0189181093869265,0.987745532560726,1.00593113826191,0.136286346792209,0.0213798206294071,FALSE,"uptake","AICc",TRUE,"convex (accelerating) trace",0.140489344066692,"HM",0.140183536949362,0.140489344066692,0.123834715765684,0.171267180392353,1.00218147668396,1.03551414649329,0.162522161693029,TRUE,"below detection","SE | AICc | Intercept",FALSE,NA,"control"
"2025-08-22_8A_1",2025-08-22,8,"A",2025-08-22 15:44:38,2025-08-22 15:46:12,2025-08-22 15:44:13,6.22291,318,100.841294736842,31.4954515789474,"2025-08-22_hudsoncarbonfieldfluxes.json",FALSE,2025-08-22,"",1,FALSE,TRUE,"single",NA,12.0518538257392,"HM",11.6483094792061,12.0518538257392,0.134458891801809,0.999170040075668,1.03464402686532,0.565064160931334,0.0882052684887597,FALSE,"emission","",NA,NA,-0.59858129772525,"HM",-0.592994420195894,-0.59858129772525,0.015153240078124,0.996312420015296,1.00942146728381,0.136286346792209,0.021273997965728,FALSE,"uptake","AICc",TRUE,"convex (accelerating) trace",0.0854734328396815,"LM",0.0854734328396815,0.350965117072322,0.0319973950197654,0.0612733095134954,4.10613105630858,1.03551414649329,0.161685468913134,TRUE,"below detection","SE | g-fact. > 2 | Intercept",FALSE,NA,"compost"
"2025-08-22_8B_1",2025-08-22,8,"B",2025-08-22 15:47:52,2025-08-22 15:49:26,2025-08-22 15:47:27,6.33421,318,100.843768421053,30.7789536842105,"2025-08-22_hudsoncarbonfieldfluxes.json",FALSE,2025-08-22,"",1,FALSE,TRUE,"single",NA,12.5411616582601,"HM",11.7089186414117,12.5411616582601,0.154823878754174,0.998741562523315,1.07107770088221,0.565064160931334,0.0900879042229138,FALSE,"emission","",NA,NA,-0.553672404524319,"HM",-0.549007400160669,-0.553672404524319,0.0176992321187352,0.994091001800234,1.00849716117175,0.136286346792209,0.0217280659535569,FALSE,"uptake","AICc",TRUE,"convex (accelerating) trace",0.0989763449566739,"HM",0.0931071288301514,0.0989763449566739,0.127022473118189,0.0814668941298866,1.06303723678591,1.03551414649329,0.165151909361902,TRUE,"below detection","SE | AICc | Intercept",FALSE,NA,"compost"
"2025-08-22_8C_1",2025-08-22,8,"C",2025-08-22 15:51:07,2025-08-22 15:52:41,2025-08-22 15:50:42,6.27856,318,100.838252631579,30.850972631579,"2025-08-22_hudsoncarbonfieldfluxes.json",FALSE,2025-08-22,"",1,FALSE,TRUE,"single",NA,12.2989259890464,"HM",12.0123032101162,12.2989259890464,0.115998731296033,0.999433389263027,1.02386076790742,0.565064160931334,0.0891492059917705,FALSE,"emission","",NA,NA,-0.707953517065303,"HM",-0.702260119916,-0.707953517065303,0.0167425603197118,0.996825405732239,1.00810724828,0.136286346792209,0.0215016637827805,FALSE,"uptake","AICc",TRUE,"convex (accelerating) trace",0.166161126576692,"HM",0.165827692130034,0.166161126576692,0.118389521684081,0.24344685667089,1.00201072837941,1.03551414649329,0.163458127752315,FALSE,"emission","SE | AICc",FALSE,NA,"compost"
"2025-08-22_9A_1",2025-08-22,9,"A",2025-08-22 15:54:43,2025-08-22 15:56:17,2025-08-22 15:54:18,6.19111,318,100.840136842105,30.6799105263158,"2025-08-22_hudsoncarbonfieldfluxes.json",FALSE,2025-08-22,"",1,FALSE,TRUE,"single",NA,10.9545333837357,"HM",10.8455454439394,10.9545333837357,0.173515663485533,0.998644973166537,1.01004909714865,0.565064160931334,0.0881462319988939,FALSE,"emission","AICc",NA,NA,-0.521982528908716,"HM",-0.517588287594423,-0.521982528908716,0.0176147298466973,0.993403581608789,1.00848983916293,0.136286346792209,0.0212597591091741,FALSE,"uptake","AICc",TRUE,"convex (accelerating) trace",0.30360224379283,"HM",0.303049006042393,0.30360224379283,0.112349149984981,0.550237060535987,1.00182557190225,1.03551414649329,0.161555009191131,FALSE,"emission","SE | AICc | Intercept",FALSE,NA,"compost"
"2025-08-22_9B_1",2025-08-22,9,"B",2025-08-22 15:57:54,2025-08-22 15:59:28,2025-08-22 15:57:29,6.23086,318,100.841747368421,31.2932105263158,"2025-08-22_hudsoncarbonfieldfluxes.json",FALSE,2025-08-22,"",1,FALSE,TRUE,"single",NA,15.0342712185753,"HM",14.0392912623236,15.0342712185753,0.104186235804185,0.999381229880923,1.07087109581677,0.565064160931334,0.0882750030931593,FALSE,"emission","",NA,NA,-0.604794672390004,"HM",-0.600742784996566,-0.604794672390004,0.0174940315323735,0.995223800447783,1.00674479576723,0.136286346792209,0.0212908170725405,FALSE,"uptake","AICc",TRUE,"convex (accelerating) trace",1.25820606992342,"HM",1.23780474975758,1.25820606992342,0.12254563246323,0.946354486432851,1.01648185642351,1.03551414649329,0.161823173706934,FALSE,"emission","SE | AICc",FALSE,NA,"compost"
"2025-08-22_9C_1",2025-08-22,9,"C",2025-08-22 16:01:16,2025-08-22 16:02:50,2025-08-22 16:00:51,6.15931,318,100.844526315789,31.31492,"2025-08-22_hudsoncarbonfieldfluxes.json",FALSE,2025-08-22,"",1,FALSE,TRUE,"single",NA,12.2579497223186,"HM",12.1322346669066,12.2579497223186,0.184026018310015,0.998752200783039,1.01036206922002,0.565064160931334,0.0873477443541019,FALSE,"emission","AICc",NA,NA,-0.598317599826224,"HM",-0.593623843473371,-0.598317599826224,0.0178177835524841,0.99489925032993,1.00790695388074,0.136286346792209,0.021067173962935,FALSE,"uptake","AICc",TRUE,"convex (accelerating) trace",0.527235913141668,"HM",0.526088578119162,0.527235913141668,0.121135118937506,0.761400015683499,1.00218087803124,1.03551414649329,0.160102233975711,FALSE,"emission","SE | AICc | Intercept",TRUE,"convex (accelerating) trace","compost"
"2025-08-22_10A_1",2025-08-22,10,"A",2025-08-22 16:25:18,2025-08-22 16:26:52,2025-08-22 16:24:53,6.35011,318,100.825831578947,29.8842957894737,"2025-08-22_hudsoncarbonfieldfluxes.json",FALSE,2025-08-22,"",1,FALSE,TRUE,"single",NA,9.12133369037374,"HM",8.99233141878475,9.12133369037374,0.0989213235786862,0.999342155892679,1.01434580928807,0.565064160931334,0.0908279868065655,FALSE,"emission","AICc",NA,NA,-0.343643462465726,"HM",-0.332083707610485,-0.343643462465726,0.0162368982724216,0.986633303291995,1.03480976208806,0.136286346792209,0.0219065645358846,FALSE,"uptake","AICc",FALSE,NA,0.340946436105455,"HM",0.302802553404062,0.340946436105455,0.122974697085691,0.547169292460934,1.12596948827738,1.03551414649329,0.166494379393194,FALSE,"emission","SE | AICc | Intercept",FALSE,NA,"control"
"2025-08-22_10B_1",2025-08-22,10,"B",2025-08-22 16:28:31,2025-08-22 16:30:05,2025-08-22 16:28:06,5.99236,318,100.822863157895,28.3643810526316,"2025-08-22_hudsoncarbonfieldfluxes.json",FALSE,2025-08-22,"",1,FALSE,TRUE,"single",NA,9.10549970149464,"HM",8.95887516336701,9.10549970149464,0.10178193586952,0.999249448237852,1.01636640040785,0.565064160931334,0.0862334681287468,FALSE,"emission","AICc",NA,NA,-0.391148986533415,"HM",-0.38740261743187,-0.391148986533415,0.0162889389871588,0.989903950321412,1.00967047958112,0.136286346792209,0.0207984245950389,FALSE,"uptake","AICc",TRUE,"convex (accelerating) trace",-0.0675593584736815,"LM",-0.0675593584736815,-0.18883671228541,0.0312784946359661,0.0375291658633934,2.7951229341376,1.03551414649329,0.158076603737139,TRUE,"below detection","SE | AICc | g-fact. > 2 | Intercept",FALSE,NA,"control"
"2025-08-22_10C_1",2025-08-22,10,"C",2025-08-22 16:31:59,2025-08-22 16:33:33,2025-08-22 16:31:34,5.98044,318,100.819726315789,28.8642157894737,"2025-08-22_hudsoncarbonfieldfluxes.json",FALSE,2025-08-22,"",1,FALSE,TRUE,"single",NA,8.30097207586657,"HM",7.8672446838191,8.30097207586657,0.0761770338690358,0.999289305316323,1.0551307871407,0.565064160931334,0.0857945600803359,FALSE,"emission","",NA,NA,-0.34455557707119,"HM",-0.338347271525984,-0.34455557707119,0.0129037974286222,0.991686441911108,1.01834891564872,0.136286346792209,0.0206925655110067,FALSE,"uptake","AICc",FALSE,NA,0.203820137562935,"HM",0.203553541146067,0.203820137562935,0.122718508658481,0.312842359572385,1.00130971151554,1.03551414649329,0.157281593253755,FALSE,"emission","SE | AICc | Intercept",FALSE,NA,"control"
"2025-08-22_11A_1",2025-08-22,11,"A",2025-08-22 16:15:00,2025-08-22 16:16:34,2025-08-22 16:14:35,6.21894,318,100.830621052632,30.4675684210526,"2025-08-22_hudsoncarbonfieldfluxes.json",FALSE,2025-08-22,"",1,FALSE,TRUE,"single",NA,11.2818962273197,"HM",11.109213324683,11.2818962273197,0.083424013488526,0.999689812902386,1.01554411618445,0.565064160931334,0.0885042383897696,FALSE,"emission","AICc",NA,NA,-0.480462072299778,"HM",-0.472903029898758,-0.480462072299778,0.0161665823170254,0.993290596793482,1.01598433912051,0.136286346792209,0.0213461057340606,FALSE,"uptake","AICc",FALSE,NA,0.252916128990188,"HM",0.250651687352745,0.252916128990188,0.135616696468329,0.364651729825894,1.00903421661094,1.03551414649329,0.162224149872109,FALSE,"emission","SE | AICc | Intercept",FALSE,NA,"slurry"
"2025-08-22_11B_1",2025-08-22,11,"B",2025-08-22 16:18:11,2025-08-22 16:19:45,2025-08-22 16:17:46,6.19906,318,100.830863157895,30.4909021052632,"2025-08-22_hudsoncarbonfieldfluxes.json",FALSE,2025-08-22,"",1,FALSE,TRUE,"single",NA,10.6724278570028,"HM",10.1582339822711,10.6724278570028,0.066072782909064,0.999597707145913,1.0506184318681,0.565064160931334,0.0881405093422147,FALSE,"emission","",NA,NA,-0.441804813466502,"HM",-0.404666085173714,-0.441804813466502,0.016040694921165,0.991355298129415,1.0917762314498,0.136286346792209,0.0212583788765799,FALSE,"uptake","",FALSE,NA,0.246887520203007,"HM",0.246081234750595,0.246887520203007,0.114566529087601,0.436099645022618,1.00327650116527,1.03551414649329,0.16158732892263,FALSE,"emission","SE | AICc | Intercept",FALSE,NA,"slurry"
"2025-08-22_11C_1",2025-08-22,11,"C",2025-08-22 16:21:28,2025-08-22 16:23:02,2025-08-22 16:21:03,5.94069,318,100.830621052632,29.4624368421053,"2025-08-22_hudsoncarbonfieldfluxes.json",FALSE,2025-08-22,"",1,FALSE,TRUE,"single",NA,8.8946929731704,"HM",8.57269739934409,8.8946929731704,0.0929035529062999,0.999248914989669,1.03756059018845,0.565064160931334,0.0850115666379366,FALSE,"emission","",NA,NA,-0.339141747818097,"HM",-0.334268250301908,-0.339141747818097,0.0150524995724513,0.988412637581854,1.01457960040114,0.136286346792209,0.0205037173709106,FALSE,"uptake","AICc",FALSE,NA,0.0870567027800846,"HM",0.0871308095465406,0.0870567027800846,0.103909751344384,0.0972084593419049,0.999149476897533,1.03551414649329,0.155836511072221,TRUE,"below detection","SE | AICc | Intercept",TRUE,"convex (accelerating) trace","slurry"
"2025-08-22_12A_1",2025-08-22,12,"A",2025-08-22 16:04:49,2025-08-22 16:06:23,2025-08-22 16:04:24,6.33819,318,100.840905263158,30.3752547368421,"2025-08-22_hudsoncarbonfieldfluxes.json",FALSE,2025-08-22,"",1,FALSE,TRUE,"single",NA,12.1125647959918,"HM",11.2793476318436,12.1125647959918,0.135217629272023,0.998886078315462,1.07387104213332,0.565064160931334,0.0902154901833048,FALSE,"emission","",NA,NA,-0.511927544275566,"HM",-0.503078565138727,-0.511927544275566,0.0168936443281959,0.99351394297547,1.01758965646727,0.136286346792209,0.0217588380775844,FALSE,"uptake","AICc",FALSE,NA,0.157083771704329,"HM",0.156838355304804,0.157083771704329,0.1297857255856,0.191458248683968,1.00156477284557,1.03551414649329,0.16540757422556,TRUE,"below detection","SE | AICc | Intercept",FALSE,NA,"slurry"
"2025-08-22_12B_1",2025-08-22,12,"B",2025-08-22 16:08:21,2025-08-22 16:09:55,2025-08-22 16:07:56,6.07981,318,100.834284210526,29.7888568421053,"2025-08-22_hudsoncarbonfieldfluxes.json",FALSE,2025-08-22,"",1,FALSE,TRUE,"single",NA,13.7721670049452,"HM",13.6580111492513,13.7721670049452,0.251964501511575,0.998152204443237,1.00835816096843,0.565064160931334,0.0865052705769507,FALSE,"emission","AICc",NA,NA,-0.581325070997828,"HM",-0.577322539739818,-0.581325070997828,0.0178932732370128,0.994563645769531,1.00693292047772,0.136286346792209,0.020863979916498,FALSE,"uptake","AICc",TRUE,"convex (accelerating) trace",0.157360505295459,"HM",0.15678357181419,0.157360505295459,0.12105970172777,0.215206222206383,1.00367980825155,1.03551414649329,0.158582377901124,TRUE,"below detection","SE | AICc | Intercept",FALSE,NA,"slurry"
"2025-08-22_12C_1",2025-08-22,12,"C",2025-08-22 16:11:36,2025-08-22 16:13:10,2025-08-22 16:11:11,5.84131,318,100.832484210526,30.2998589473684,"2025-08-22_hudsoncarbonfieldfluxes.json",FALSE,2025-08-22,"",1,FALSE,TRUE,"single",NA,10.0344533165505,"HM",9.89230914039335,10.0344533165505,0.117040639139932,0.999232309397385,1.01436916033859,0.565064160931334,0.0831363644370374,FALSE,"emission","AICc",NA,NA,-0.43095072780034,"HM",-0.427269156426183,-0.43095072780034,0.0150466381282594,0.992937028802636,1.00861651565245,0.136286346792209,0.0200514422575216,FALSE,"uptake","AICc",TRUE,"convex (accelerating) trace",0.176024469063306,"LM",0.176024469063306,0.777369844345668,0.0238341433112057,0.362901950053123,4.41626012839212,1.03551414649329,0.152413059847432,FALSE,"emission","SE | g-fact. > 2 | Intercept (LM)",FALSE,NA,"slurry"
"2025-08-22_13A_1",2025-08-22,13,"A",2025-08-22 16:35:44,2025-08-22 16:37:18,2025-08-22 16:35:19,6.35806,318,100.810115789474,29.8342473684211,"2025-08-22_hudsoncarbonfieldfluxes.json",FALSE,2025-08-22,"",1,FALSE,TRUE,"single",NA,10.3599895893472,"HM",10.1876525239893,10.3599895893472,0.0869778195763324,0.99956669720216,1.01691626848797,0.565064160931334,0.0907123254989148,FALSE,"emission","",NA,NA,-0.555150482385053,"HM",-0.52635961037903,-0.555150482385053,0.0177742086918062,0.993602366598767,1.05469810266272,0.136286346792209,0.0218786684876572,FALSE,"uptake","",FALSE,NA,0.794089311861195,"HM",0.480046194925937,0.794089311861195,0.188753231919924,0.68608570317772,1.65419353440289,1.03551414649329,0.166280639612493,FALSE,"emission","SE | Intercept",FALSE,NA,"slurry"
"2025-08-22_13B_1",2025-08-22,13,"B",2025-08-22 16:39:23,2025-08-22 16:40:57,2025-08-22 16:38:58,6.27856,318,100.810831578947,29.3305115789474,"2025-08-22_hudsoncarbonfieldfluxes.json",FALSE,2025-08-22,"",1,FALSE,TRUE,"single",NA,13.4279355986919,"HM",13.2650371898746,13.4279355986919,0.14259468969439,0.999390442144838,1.01228028285828,0.565064160931334,0.0897410304342135,FALSE,"emission","AICc",NA,NA,-0.456755726967761,"HM",-0.437522563137774,-0.456755726967761,0.0157165226753838,0.992749904078796,1.04395925022027,0.136286346792209,0.0216444043718668,FALSE,"uptake","AICc",FALSE,NA,0.252250051075522,"HM",0.222234948438972,0.252250051075522,0.109705765246598,0.451994488363188,1.13506022723871,1.03551414649329,0.164497368126976,FALSE,"emission","SE | AICc | Intercept",FALSE,NA,"slurry"
"2025-08-22_13C_1",2025-08-22,13,"C",2025-08-22 16:42:41,2025-08-22 16:44:15,2025-08-22 16:42:16,6.00031,318,100.809736842105,28.4286315789474,"2025-08-22_hudsoncarbonfieldfluxes.json",FALSE,2025-08-22,"",1,FALSE,TRUE,"single",NA,10.9473433842881,"HM",10.2063353680629,10.9473433842881,0.101703671397006,0.999132881133773,1.07260275010597,0.565064160931334,0.0863779450605514,FALSE,"emission","",NA,NA,-0.359947744249382,"HM",-0.355590099401934,-0.359947744249382,0.0144574781821454,0.99054047953364,1.01225468553477,0.136286346792209,0.0208332706082756,FALSE,"uptake","AICc",FALSE,NA,7.12575667433033,"LM",7.12575667433033,7.2273428738266,0.0321103107436029,0.99809482209018,1.01425619820309,1.03551414649329,0.158366872117053,FALSE,"emission","RMSE | SE | AICc",FALSE,NA,"slurry"
"2025-08-22_14A_1",2025-08-22,14,"A",2025-08-22 16:46:17,2025-08-22 16:47:51,2025-08-22 16:45:52,5.98044,318,100.805863157895,28.294572631579,"2025-08-22_hudsoncarbonfieldfluxes.json",FALSE,2025-08-22,"",1,FALSE,TRUE,"single",NA,11.497277885575,"HM",11.3435854137768,11.497277885575,0.0921773447325625,0.999664312852484,1.01354884423152,0.565064160931334,0.0858523787672369,FALSE,"emission","AICc",NA,NA,-0.352704598962627,"HM",-0.347221924261586,-0.352704598962627,0.0163835215002094,0.987289863446674,1.01579011668892,0.136286346792209,0.0207065106488492,FALSE,"uptake","AICc",FALSE,NA,0.241629194086389,"HM",0.144237955829527,0.241629194086389,0.167441868892415,0.204398493566085,1.67521227472169,1.03551414649329,0.157349529086,FALSE,"emission","SE | AICc | Intercept",FALSE,NA,"compost"
"2025-08-22_14B_1",2025-08-22,14,"B",2025-08-22 16:49:33,2025-08-22 16:51:07,2025-08-22 16:49:08,6.31831,318,100.805063157895,28.5118947368421,"2025-08-22_hudsoncarbonfieldfluxes.json",FALSE,2025-08-22,"",1,FALSE,TRUE,"single",NA,9.74100013129255,"HM",9.49899656104697,9.74100013129255,0.0809671274130028,0.999541876186163,1.02547675101157,0.565064160931334,0.0905942393600583,FALSE,"emission","",NA,NA,-0.410919596956401,"HM",-0.406157912580082,-0.410919596956401,0.0193332629966609,0.987101251892344,1.01172372673001,0.136286346792209,0.0218501876007345,FALSE,"uptake","AICc",FALSE,NA,0.0393904306467887,"HM",0.0394153849135473,0.0393904306467887,0.194406032069157,-0.00351327505076249,0.999366890192412,1.03551414649329,0.166073733902349,TRUE,"below detection","SE | AICc | p-value | Intercept",FALSE,NA,"compost"
"2025-08-22_14C_1",2025-08-22,14,"C",2025-08-22 16:52:54,2025-08-22 16:54:28,2025-08-22 16:52:29,6.45744,318,100.804863157895,28.2025631578947,"2025-08-22_hudsoncarbonfieldfluxes.json",FALSE,2025-08-22,"",1,FALSE,TRUE,"single",NA,9.93846634572599,"HM",9.82087992022833,9.93846634572599,0.120223122711724,0.999197579120077,1.01197310490025,0.565064160931334,0.0929519518068346,FALSE,"emission","AICc",NA,NA,-0.2164185590004,"HM",-0.215302741487072,-0.2164185590004,0.0170541826925058,0.964605246069426,1.00518255134896,0.136286346792209,0.0224188380981011,FALSE,"uptake","AICc",TRUE,"convex (accelerating) trace",0.12120576623946,"HM",0.121196874668971,0.12120576623946,0.12229886038647,0.135312191649822,1.00007336468463,1.03551414649329,0.170394573452162,TRUE,"below detection","SE | AICc",FALSE,NA,"compost"
"2025-08-22_15A_1",2025-08-22,15,"A",2025-08-22 16:56:45,2025-08-22 16:58:19,2025-08-22 16:56:20,6.00031,318,100.7978,28.8895410526316,"2025-08-22_hudsoncarbonfieldfluxes.json",FALSE,2025-08-22,"",1,FALSE,TRUE,"single",NA,9.4724393702573,"HM",9.14911915162549,9.4724393702573,0.107177923641565,0.999145951702004,1.03533894501465,0.565064160931334,0.086123492168459,FALSE,"emission","",NA,NA,-0.399348945162877,"HM",-0.393098609024136,-0.399348945162877,0.0142920920318936,0.992452245612763,1.01590017363393,0.136286346792209,0.0207718997808693,FALSE,"uptake","AICc",FALSE,NA,0.179595963567259,"HM",0.179109182415099,0.179595963567259,0.122632180429424,0.259753736830318,1.00271779004067,1.03551414649329,0.157864705655699,FALSE,"emission","SE | AICc | Intercept",FALSE,NA,"control"
"2025-08-22_15B_1",2025-08-22,15,"B",2025-08-22 17:00:04,2025-08-22 17:01:38,2025-08-22 16:59:39,6.33819,318,100.795621052632,28.9758252631579,"2025-08-22_hudsoncarbonfieldfluxes.json",FALSE,2025-08-22,"",1,FALSE,TRUE,"single",NA,10.7959624669643,"HM",10.6171677714254,10.7959624669643,0.114347336589271,0.999318794083129,1.0168401497827,0.565064160931334,0.0908658478812658,FALSE,"emission","AICc",NA,NA,-0.49946121286865,"HM",-0.495610534699767,-0.49946121286865,0.0164160343716752,0.993762886643357,1.00776956480801,0.136286346792209,0.0219156961494487,FALSE,"uptake","AICc",TRUE,"convex (accelerating) trace",0.127344318992149,"LM",0.127344318992149,0.673673024431337,0.03071406446562,0.146930709479418,5.29016943796975,1.03551414649329,0.166569721457678,TRUE,"below detection","SE | g-fact. > 2 | Intercept",FALSE,NA,"control"
"2025-08-22_15C_1",2025-08-22,15,"C",2025-08-22 17:03:21,2025-08-22 17:04:55,2025-08-22 17:02:56,6.23881,318,100.792136842105,28.8697357894737,"2025-08-22_hudsoncarbonfieldfluxes.json",FALSE,2025-08-22,"",1,FALSE,TRUE,"single",NA,11.6615119161081,"HM",11.4844957563885,11.6615119161081,0.0956872148492588,0.999612343356299,1.01541348993239,0.565064160931334,0.0892633839122721,FALSE,"emission","AICc",NA,NA,-0.423694314327361,"HM",-0.420840439777423,-0.423694314327361,0.0175102532365861,0.990125801899154,1.00678136956479,0.136286346792209,0.0215292020567419,FALSE,"uptake","AICc",TRUE,"convex (accelerating) trace",-0.0300284219695534,"HM",-0.0186013570206096,-0.0300284219695534,0.157944797114001,-0.00715716395216415,1.61431351144344,1.03551414649329,0.163625815194637,TRUE,"below detection","SE | AICc | p-value | MDF | Intercept",FALSE,NA,"control"
"2025-09-10_1A_1",2025-09-10,1,"A",2025-09-10 11:59:45,2025-09-10 12:01:20,2025-09-10 11:59:20,6.22291,318,101.541572916667,25.6245552083333,"2025-09-10_hudsoncarbonfieldfluxes.json",FALSE,2025-09-10,"",1,FALSE,TRUE,"single",NA,6.85988929081767,"HM",5.46927614724239,6.85988929081767,0.101439190274737,0.994822708990502,1.25425908404285,0.484340709369664,0.0773447650492037,FALSE,"emission","",NA,NA,-0.569413502381078,"HM",-0.423592780879859,-0.569413502381078,0.0194093297811095,0.9853784791801,1.34424741894404,0.136286346792209,0.0217636784770294,FALSE,"uptake","",FALSE,NA,0.0588313744549029,"LM",0.0588313744549029,0.164071316924972,0.0268038860028599,0.0386318966901649,2.78884045197245,1.04248571730995,0.166469620042865,TRUE,"below detection","SE | g-fact. > 2 | Intercept",FALSE,NA,"slurry"
"2025-09-10_1B_1",2025-09-10,1,"B",2025-09-10 12:03:23,2025-09-10 12:04:57,2025-09-10 12:02:58,6.22132,318,101.536421052632,24.9381052631579,"2025-09-10_hudsoncarbonfieldfluxes.json",FALSE,2025-09-10,"",1,FALSE,TRUE,"single",NA,8.33187628754863,"HM",8.21561005450507,8.33187628754863,0.0656503016089575,0.999675114857114,1.01415186848843,0.484340709369664,0.0783079902481349,FALSE,"emission","AICc",NA,NA,-0.468063040599617,"HM",-0.46461787027672,-0.468063040599617,0.0163577865028188,0.992948149627985,1.00741506201827,0.136286346792209,0.0220347158706678,FALSE,"uptake","AICc",TRUE,"convex (accelerating) trace",0.0572233044204509,"HM",0.0570896599484745,0.0572233044204509,0.119288333776304,0.0273869057086807,1.00234095757615,1.04248571730995,0.168567536311986,TRUE,"below detection","SE | AICc | p-value | Intercept",FALSE,NA,"slurry"
"2025-09-10_1C_1",2025-09-10,1,"C",2025-09-10 12:06:59,2025-09-10 12:08:33,2025-09-10 12:06:34,6.22132,318,101.536105263158,25.7379884210526,"2025-09-10_hudsoncarbonfieldfluxes.json",FALSE,2025-09-10,"",1,FALSE,TRUE,"single",NA,9.40597805406084,"HM",8.56234429723959,9.40597805406084,0.0694315860817751,0.999051305727269,1.09852836180545,0.484340709369664,0.078093227238442,FALSE,"emission","",NA,NA,-0.522249477644102,"HM",-0.515308328306932,-0.522249477644102,0.0146039193684222,0.995403443584881,1.01346989550892,0.136286346792209,0.0219742847207543,FALSE,"uptake","AICc",FALSE,NA,0.128606794170871,"HM",0.127687034276399,0.128606794170871,0.113211619927655,0.171220871823467,1.00720323641069,1.04248571730995,0.168124686012943,TRUE,"below detection","SE | AICc | Intercept",FALSE,NA,"slurry"
"2025-09-10_2A_1",2025-09-10,2,"A",2025-09-10 12:13:32,2025-09-10 12:15:07,2025-09-10 12:13:07,6.18316,318,101.51475,26.6362604166667,"2025-09-10_hudsoncarbonfieldfluxes.json",FALSE,2025-09-10,"",1,FALSE,TRUE,"single",NA,7.36269754831672,"HM",6.46862868722724,7.36269754831672,0.102782963236498,0.997616586156559,1.13821613580246,0.484340709369664,0.0766371341526165,FALSE,"emission","",NA,NA,-0.470199643511561,"HM",-0.461668331061729,-0.470199643511561,0.0159441387970959,0.993076297821797,1.01847931052626,0.136286346792209,0.0215645615580765,FALSE,"uptake","AICc",FALSE,NA,0.0185933324841309,"HM",0.0186077067851798,0.0185933324841309,0.106249500393146,-0.00582104341311895,0.999227508192445,1.04248571730995,0.164978347454771,TRUE,"below detection","SE | AICc | p-value | MDF | Intercept",FALSE,NA,"control"
"2025-09-10_2B_1",2025-09-10,2,"B",2025-09-10 12:16:50,2025-09-10 12:18:25,2025-09-10 12:16:25,6.07186,318,101.5220625,27.2185989583333,"2025-09-10_hudsoncarbonfieldfluxes.json",FALSE,2025-09-10,"",1,FALSE,TRUE,"single",NA,8.13381683835265,"HM",8.01054585402326,8.13381683835265,0.0613731197319761,0.999669998836617,1.01538858731674,0.484340709369664,0.0749297221577922,FALSE,"emission","AICc",NA,NA,-0.583552026317126,"HM",-0.576761069848538,-0.583552026317126,0.0150343784189045,0.996103104582442,1.01177429757936,0.136286346792209,0.0210841209534726,FALSE,"uptake","AICc",FALSE,NA,0.0891837461545479,"HM",0.0890673618335765,0.0891837461545479,0.126516491500954,0.0675518351362568,1.00130669999173,1.04248571730995,0.161317398191557,TRUE,"below detection","SE | AICc | Intercept",FALSE,NA,"control"
"2025-09-10_2C_1",2025-09-10,2,"C",2025-09-10 12:20:11,2025-09-10 12:21:46,2025-09-10 12:19:46,6.23086,318,101.506947916667,27.15548125,"2025-09-10_hudsoncarbonfieldfluxes.json",FALSE,2025-09-10,"",1,FALSE,TRUE,"single",NA,10.3752861463116,"HM",9.19333150198138,10.3752861463116,0.0787014833353817,0.998609468546321,1.1285665206433,0.484340709369664,0.0769232745450395,FALSE,"emission","",NA,NA,-0.528375095647815,"HM",-0.517051252912864,-0.528375095647815,0.0171442429950409,0.993632291972951,1.02190081287137,0.136286346792209,0.021645077252914,FALSE,"uptake","AICc",FALSE,NA,0.114954783489038,"HM",0.114171070111156,0.114954783489038,0.103312325917434,0.163725505548157,1.00686437796474,1.04248571730995,0.16560927489771,TRUE,"below detection","SE | AICc | Intercept",FALSE,NA,"control"
"2025-09-10_3A_1",2025-09-10,3,"A",2025-09-10 12:24:56,2025-09-10 12:26:30,2025-09-10 12:24:31,6.12751,318,101.504673684211,25.7781136842105,"2025-09-10_hudsoncarbonfieldfluxes.json",FALSE,2025-09-10,"",1,FALSE,TRUE,"single",NA,9.98091166751191,"HM",9.40505711959239,9.98091166751191,0.0867894442418358,0.999292607457226,1.06122818188099,0.484340709369664,0.0767972189833505,FALSE,"emission","",NA,NA,-0.583639413609584,"HM",-0.578848544518843,-0.583639413609584,0.0168203116840571,0.995244295903322,1.008276550293,0.136286346792209,0.021609607073218,FALSE,"uptake","AICc",TRUE,"convex (accelerating) trace",0.119444269373656,"HM",0.11898301873991,0.119444269373656,0.136376951427774,0.106106928088251,1.00387660893656,1.04248571730995,0.165308131862308,TRUE,"below detection","SE | AICc | Intercept",FALSE,NA,"compost"
"2025-09-10_3B_1",2025-09-10,3,"B",2025-09-10 12:28:21,2025-09-10 12:29:56,2025-09-10 12:27:56,5.97646,318,101.50259375,27.9365802083333,"2025-09-10_hudsoncarbonfieldfluxes.json",FALSE,2025-09-10,"",1,FALSE,TRUE,"single",NA,10.4301651929706,"HM",9.29388184607578,10.4301651929706,0.103395552700683,0.998452234445085,1.12226143668639,0.484340709369664,0.073534417117973,FALSE,"emission","",NA,NA,-0.517093597805186,"HM",-0.512133221337211,-0.517093597805186,0.0165077667692352,0.994028103490982,1.00968571508605,0.136286346792209,0.0206915026522252,FALSE,"uptake","AICc",TRUE,"convex (accelerating) trace",0.021305924667056,"HM",0.0213152802399714,0.021305924667056,0.115430212482413,-0.00489796652750929,0.999561086093633,1.04248571730995,0.158313260711667,TRUE,"below detection","SE | AICc | p-value | MDF | Intercept",FALSE,NA,"compost"
"2025-09-10_3C_1",2025-09-10,3,"C",2025-09-10 12:31:39,2025-09-10 12:33:13,2025-09-10 12:31:14,6.35011,318,101.499642105263,28.3573568421053,"2025-09-10_hudsoncarbonfieldfluxes.json",FALSE,2025-09-10,"",1,FALSE,TRUE,"single",NA,8.15193913292548,"HM",8.06948059443586,8.15193913292548,0.19032843104185,0.996867667057435,1.01021856828635,0.484340709369664,0.0788132499537046,FALSE,"emission","AICc",NA,NA,-0.428746359311372,"HM",-0.425661298236401,-0.428746359311372,0.0175495260886429,0.99031707519823,1.00724768985988,0.136286346792209,0.022176888515092,FALSE,"uptake","AICc",TRUE,"convex (accelerating) trace",0.0377858714101508,"HM",0.0237209820502789,0.0377858714101508,0.164090105408457,-0.00480933704828357,1.59293031502912,1.04248571730995,0.169696099157941,TRUE,"below detection","SE | AICc | p-value",FALSE,NA,"compost"
"2025-09-10_4A_1",2025-09-10,4,"A",2025-09-10 13:00:00,2025-09-10 13:01:34,2025-09-10 12:59:35,6.16726,318,101.492831578947,27.8079957894737,"2025-09-10_hudsoncarbonfieldfluxes.json",FALSE,2025-09-10,"",1,FALSE,TRUE,"single",NA,6.70560153912956,"HM",6.63103399149148,6.70560153912956,0.0886412501964711,0.999035633608015,1.01124523682638,0.484340709369664,0.0767118629851629,FALSE,"emission","AICc",NA,NA,-0.421177832103559,"HM",-0.418393268327376,-0.421177832103559,0.017370978599459,0.990169900719563,1.00665537423036,0.136286346792209,0.0215855891516501,FALSE,"uptake","AICc",TRUE,"convex (accelerating) trace",0.0323310171767554,"HM",0.0216506606690147,0.0323310171767554,0.129742731644822,-0.00308180771352284,1.49330395367684,1.04248571730995,0.165142565851898,TRUE,"below detection","SE | AICc | p-value | Intercept",FALSE,NA,"compost"
"2025-09-10_4B_1",2025-09-10,4,"B",2025-09-10 13:03:30,2025-09-10 13:05:04,2025-09-10 13:03:05,6.17521,318,101.489705263158,28.3887357894737,"2025-09-10_hudsoncarbonfieldfluxes.json",FALSE,2025-09-10,"",1,FALSE,TRUE,"single",NA,8.45778146068279,"HM",7.81663941377609,8.45778146068279,0.118593368984552,0.998366270133457,1.08202272267757,0.484340709369664,0.0767699846157668,FALSE,"emission","",NA,NA,-0.547343209709974,"HM",-0.542081439782798,-0.547343209709974,0.0155726027167664,0.995322626629835,1.0097066041023,0.136286346792209,0.0216019437230321,FALSE,"uptake","AICc",TRUE,"convex (accelerating) trace",0.159457395474587,"HM",0.135022854761504,0.159457395474587,0.143346477921683,0.15315624163322,1.18096596132738,1.04248571730995,0.165279902692786,TRUE,"below detection","SE | AICc | Intercept",FALSE,NA,"compost"
"2025-09-10_4C_1",2025-09-10,4,"C",2025-09-10 13:07:06,2025-09-10 13:08:40,2025-09-10 13:06:41,6.09571,318,101.485978947368,27.4449757894737,"2025-09-10_hudsoncarbonfieldfluxes.json",FALSE,2025-09-10,"",1,FALSE,TRUE,"single",NA,6.98450472382663,"HM",5.56169919538621,6.98450472382663,0.139890043799324,0.99363013254369,1.25582209293533,0.484340709369664,0.0759079604720376,FALSE,"emission","",NA,NA,-0.354122079349184,"HM",-0.224167127312645,-0.354122079349184,0.0204048883710178,0.96065929042517,1.57972350181074,0.136286346792209,0.0213593828167882,FALSE,"uptake","",FALSE,NA,0.287689864799397,"HM",0.150728952189809,0.287689864799397,0.188689421269265,0.208651939644394,1.90865696748901,1.04248571730995,0.163410119721479,FALSE,"emission","SE | AICc | Intercept",FALSE,NA,"compost"
"2025-09-10_5A_1",2025-09-10,5,"A",2025-09-10 12:48:30,2025-09-10 12:50:04,2025-09-10 12:48:05,6.03211,318,101.498978947368,29.4221684210526,"2025-09-10_hudsoncarbonfieldfluxes.json",FALSE,2025-09-10,"",1,FALSE,TRUE,"single",NA,9.75578139485764,"HM",9.14285206438575,9.75578139485764,0.10984963520043,0.998931675133937,1.0670391827578,0.484340709369664,0.0743980499664371,FALSE,"emission","",NA,NA,-0.572622130177217,"HM",-0.5667774987768,-0.572622130177217,0.0138955285562298,0.996604685994727,1.01031203852134,0.136286346792209,0.0209345162243036,FALSE,"uptake","AICc",TRUE,"convex (accelerating) trace",0.0512527752164578,"LM",0.0512527752164578,0.127171743586775,0.031852858231565,0.0166236155464374,2.48126551293439,1.04248571730995,0.160172864848157,TRUE,"below detection","SE | AICc | g-fact. > 2 | p-value | Intercept (LM)",FALSE,NA,"control"
"2025-09-10_5B_1",2025-09-10,5,"B",2025-09-10 12:52:05,2025-09-10 12:53:40,2025-09-10 12:51:40,6.18316,318,101.494916666667,28.1122479166667,"2025-09-10_hudsoncarbonfieldfluxes.json",FALSE,2025-09-10,"",1,FALSE,TRUE,"single",NA,8.62803594265921,"HM",7.77265182229638,8.62803594265921,0.114186809945676,0.99814086074321,1.11005048726216,0.484340709369664,0.076026001078284,FALSE,"emission","",NA,NA,-0.608530077068126,"HM",-0.563468300070612,-0.608530077068126,0.0146335119092922,0.996007309000782,1.07997215991009,0.136286346792209,0.0213925977059917,FALSE,"uptake","",FALSE,NA,0.0535490654280166,"LM",0.0535490654280166,0.128972489827534,0.0305008460530419,0.0214491755261673,2.40849189050564,1.04248571730995,0.163686498123803,TRUE,"below detection","SE | AICc | g-fact. > 2 | p-value | Intercept",FALSE,NA,"control"
"2025-09-10_5C_1",2025-09-10,5,"C",2025-09-10 12:55:20,2025-09-10 12:56:54,2025-09-10 12:54:55,6.31036,318,101.493084210526,27.5872105263158,"2025-09-10_hudsoncarbonfieldfluxes.json",FALSE,2025-09-10,"",1,FALSE,TRUE,"single",NA,9.96525501032689,"HM",9.52196048200603,9.96525501032689,0.130579145589116,0.998815897083782,1.04655496409154,0.484340709369664,0.0785149021775664,FALSE,"emission","",NA,NA,-0.609223368279486,"HM",-0.60158185116777,-0.609223368279486,0.0150806607677252,0.996432056597889,1.01270237308004,0.136286346792209,0.0220929378421528,FALSE,"uptake","AICc",FALSE,NA,0.0683555926806143,"LM",0.0683555926806143,0.180218220351725,0.0273312022848387,0.0529448946483522,2.63648098545175,1.04248571730995,0.169028352439399,TRUE,"below detection","SE | AICc | g-fact. > 2 | Intercept",FALSE,NA,"control"
"2025-09-10_6A_1",2025-09-10,6,"A",2025-09-10 12:37:02,2025-09-10 12:38:36,2025-09-10 12:36:37,5.96851,318,101.4908,27.3008694736842,"2025-09-10_hudsoncarbonfieldfluxes.json",FALSE,2025-09-10,"",1,FALSE,TRUE,"single",NA,7.41282002985583,"HM",7.33652889930804,7.41282002985583,0.113853622087141,0.998688370694177,1.01039880461113,0.484340709369664,0.0744713794149656,FALSE,"emission","AICc",NA,NA,-0.606412373145776,"HM",-0.604248098796531,-0.606412373145776,0.0273903619404078,0.988274801169268,1.00358176443344,0.136286346792209,0.0209551500518116,FALSE,"uptake","AICc",TRUE,"convex (accelerating) trace",0.097575898816733,"HM",0.0976720933629975,0.097575898816733,0.125687691196921,0.0826971362556829,0.999015127628043,1.04248571730995,0.160336265576094,TRUE,"below detection","SE | AICc | Intercept",TRUE,"convex (accelerating) trace","slurry"
"2025-09-10_6B_1",2025-09-10,6,"B",2025-09-10 12:40:18,2025-09-10 12:41:52,2025-09-10 12:39:53,6.43756,318,101.497957894737,28.463672631579,"2025-09-10_hudsoncarbonfieldfluxes.json",FALSE,2025-09-10,"",1,FALSE,TRUE,"single",NA,8.0150988760261,"HM",7.91822995611956,8.0150988760261,0.132451322278302,0.998433365705664,1.01223365833568,0.484340709369664,0.0799923899141228,FALSE,"emission","AICc",NA,NA,-0.474425611205742,"HM",-0.469350781151505,-0.474425611205742,0.0162162250944727,0.993185315017361,1.01081244616614,0.136286346792209,0.0225086811446467,FALSE,"uptake","AICc",FALSE,NA,0.0898546168200612,"HM",0.0634217437248288,0.0898546168200612,0.154267151014849,0.0359261085624547,1.41677934952275,1.04248571730995,0.17221447080937,TRUE,"below detection","SE | AICc | Intercept",FALSE,NA,"slurry"
"2025-09-10_6C_1",2025-09-10,6,"C",2025-09-10 12:43:34,2025-09-10 12:45:09,2025-09-10 12:43:09,6.36601,318,101.503395833333,27.9586395833333,"2025-09-10_hudsoncarbonfieldfluxes.json",FALSE,2025-09-10,"",1,FALSE,TRUE,"single",NA,9.27527208230543,"HM",8.51433699338687,9.27527208230543,0.104328793869194,0.998706968942228,1.08937103259004,0.484340709369664,0.0781738217932983,FALSE,"emission","",NA,NA,-0.516224617904875,"HM",-0.511948237892038,-0.516224617904875,0.0159740598004766,0.994414846037634,1.00835314919814,0.136286346792209,0.0219969628422506,FALSE,"uptake","AICc",TRUE,"convex (accelerating) trace",0.234577705477794,"HM",0.215246775624092,0.234577705477794,0.113401141156182,0.402262530968494,1.08980822034455,1.04248571730995,0.168318967301441,FALSE,"emission","SE | AICc | Intercept",FALSE,NA,"slurry"
"2025-09-10_7A_1",2025-09-10,7,"A",2025-09-10 13:11:19,2025-09-10 13:12:53,2025-09-10 13:10:54,6.16726,318,101.479989473684,28.4865052631579,"2025-09-10_hudsoncarbonfieldfluxes.json",FALSE,2025-09-10,"",1,FALSE,TRUE,"single",NA,10.1356325567053,"HM",9.84547537400663,10.1356325567053,0.118098888604269,0.999126203673569,1.02947111964392,0.484340709369664,0.0763884409148736,FALSE,"emission","",NA,NA,-0.433552595908165,"HM",-0.428298370280839,-0.433552595908165,0.0157413733707743,0.992274240484868,1.01226767597523,0.136286346792209,0.0214945829413956,FALSE,"uptake","AICc",FALSE,NA,0.0399146197908153,"LM",0.0399146197908153,0.0826401314777485,0.0304214236485046,0.00761698178481252,2.07042261484261,1.04248571730995,0.16445425365703,TRUE,"below detection","SE | AICc | g-fact. > 2 | p-value | Intercept",FALSE,NA,"control"
"2025-09-10_7B_1",2025-09-10,7,"B",2025-09-10 13:15:09,2025-09-10 13:16:43,2025-09-10 13:14:44,6.32626,318,101.474652631579,27.7550778947368,"2025-09-10_hudsoncarbonfieldfluxes.json",FALSE,2025-09-10,"",1,FALSE,TRUE,"single",NA,9.47432251542344,"HM",9.04286971041984,9.47432251542344,0.112889876646218,0.99899000226559,1.04771193424433,0.484340709369664,0.0787879989893095,FALSE,"emission","",NA,NA,-0.484711405932182,"HM",-0.477397879828869,-0.484711405932182,0.0168048055378084,0.992902777627262,1.01531956133935,0.136286346792209,0.0221697832653705,FALSE,"uptake","AICc",FALSE,NA,0.174777882031224,"HM",0.17226903791068,0.174777882031224,0.124020431300654,0.243670239603839,1.01456352314364,1.04248571730995,0.16962085251625,FALSE,"emission","SE | AICc",FALSE,NA,"control"
"2025-09-10_7C_1",2025-09-10,7,"C",2025-09-10 13:19:09,2025-09-10 13:20:43,2025-09-10 13:18:44,6.22291,318,101.474484210526,28.7623084210526,"2025-09-10_hudsoncarbonfieldfluxes.json",FALSE,2025-09-10,"",1,FALSE,TRUE,"single",NA,8.41132738059894,"HM",8.29012342352187,8.41132738059894,0.100290010850118,0.999193172814701,1.01462028378651,0.484340709369664,0.0770470439047273,FALSE,"emission","AICc",NA,NA,-0.338536552741325,"HM",-0.335794814376306,-0.338536552741325,0.0157419457231554,0.987448205110236,1.00816492169515,0.136286346792209,0.0216799041290166,FALSE,"uptake","AICc",TRUE,"convex (accelerating) trace",0.161709290985254,"HM",0.112008158202891,0.161709290985254,0.144428664087425,0.140652904352718,1.44372779250896,1.04248571730995,0.165878119227545,TRUE,"below detection","SE | AICc | Intercept",FALSE,NA,"control"
"2025-09-11_8A_4_1",2025-09-11,8,"A",2025-09-11 11:22:21,2025-09-11 11:23:56,2025-09-11 11:21:56,6.22291,318,101.276833333333,24.55760625,"2025-09-11_hudsoncarbonfieldfluxes.json",FALSE,2025-09-10,"",2,FALSE,TRUE,"repeat: last kept",NA,6.76204636128013,"HM",6.5031348925498,6.76204636128013,0.0696652544665009,0.999246415128241,1.03981333203267,0.493251739736882,0.0791405924221985,FALSE,"emission","",NA,NA,-0.585734312239979,"HM",-0.578235274068056,-0.585734312239979,0.0150233465844463,0.996131373739352,1.01296883553846,0.125802781654823,0.0201846356869094,FALSE,"uptake","AICc",FALSE,NA,0.106778208917183,"HM",0.106803842302204,0.106778208917183,0.0949539535854599,0.169422291901062,0.999759995666186,0.755812628614881,0.121283858389665,TRUE,"below detection","SE | AICc | Intercept",TRUE,"convex (accelerating) trace","compost"
"2025-09-11_8B_3_1",2025-09-11,8,"B",2025-09-11 11:17:16,2025-09-11 11:18:51,2025-09-11 11:16:51,6.99406,318,101.269822916667,25.1794197916667,"2025-09-11_hudsoncarbonfieldfluxes.json",FALSE,2025-09-10,"",2,FALSE,TRUE,"repeat: last kept",NA,7.2207368064544,"HM",6.77203571673114,7.2207368064544,0.0747623362065036,0.999051975404354,1.0662579331374,0.493251739736882,0.0887154138860481,FALSE,"emission","",NA,NA,-0.732683008503813,"HM",-0.723931612562632,-0.732683008503813,0.0182426978853336,0.996342890573096,1.01208870532702,0.125802781654823,0.0226266730422021,FALSE,"uptake","AICc",FALSE,NA,0.148913755692739,"HM",0.148374354754703,0.148913755692739,0.104166020811679,0.2485659667866,1.00363540545081,0.755812628614881,0.13598191846721,FALSE,"emission","SE | AICc | Intercept",FALSE,NA,"compost"
"2025-09-11_8C_2_1",2025-09-11,8,"C",2025-09-11 11:13:25,2025-09-11 11:14:59,2025-09-11 11:13:00,6.27856,318,101.271557894737,24.4780452631579,"2025-09-11_hudsoncarbonfieldfluxes.json",FALSE,2025-09-10,"",1,FALSE,TRUE,"single",NA,7.42375427224876,"HM",6.68666380195739,7.42375427224876,0.0774700721540055,0.998557563645635,1.11023291915403,0.493251739736882,0.0806509187677584,FALSE,"emission","",NA,NA,-0.79086012303565,"HM",-0.745836592281434,-0.79086012303565,0.017253787807712,0.996861643282067,1.0603664813716,0.125802781654823,0.020569841131049,FALSE,"uptake","",FALSE,NA,0.0400501232198201,"HM",0.0400768596603089,0.0400501232198201,0.0892528767352374,0.0224593453747663,0.999332870870735,0.755812628614881,0.123619814742064,TRUE,"below detection","SE | AICc | p-value | Intercept",FALSE,NA,"compost"
"2025-09-11_9A_1",2025-09-11,9,"A",2025-09-11 11:26:16,2025-09-11 11:27:50,2025-09-11 11:25:51,6.19111,318,101.269863157895,26.8372947368421,"2025-09-11_hudsoncarbonfieldfluxes.json",FALSE,2025-09-10,"",1,FALSE,TRUE,"single",NA,8.73373957365973,"HM",7.93242444843153,8.73373957365973,0.0851755083084954,0.998769436703047,1.10101768134541,0.493251739736882,0.0785966468327262,FALSE,"emission","",NA,NA,-0.626049555712983,"HM",-0.607609173888615,-0.626049555712983,0.0166985380204079,0.995677175702192,1.03034908394544,0.125802781654823,0.0200459035493177,FALSE,"uptake","AICc",FALSE,NA,0.149696836846874,"LM",0.149696836846874,0.46094078541284,0.0283714720122928,0.222108685096618,3.07916182547223,0.755812628614881,0.120451457036512,FALSE,"emission","SE | g-fact. > 2 | Intercept",FALSE,NA,"compost"
"2025-09-11_9B_1",2025-09-11,9,"B",2025-09-11 11:29:31,2025-09-11 11:31:05,2025-09-11 11:29:06,6.23086,318,101.273905263158,26.837532631579,"2025-09-11_hudsoncarbonfieldfluxes.json",FALSE,2025-09-10,"",1,FALSE,TRUE,"single",NA,9.51844696628279,"HM",8.75080735765802,9.51844696628279,0.0927363604798381,0.998922726128893,1.08772214691173,0.493251739736882,0.0790512415056143,FALSE,"emission","",NA,NA,-0.567071839531576,"HM",-0.560131681593172,-0.567071839531576,0.0150462592418464,0.995886242897983,1.01239022566741,0.125802781654823,0.0201618469302885,FALSE,"uptake","AICc",FALSE,NA,-0.0534050304195086,"LM",-0.0534050304195086,-0.112484830379979,0.0207517907550721,0.0564425612715375,2.10625908264419,0.755812628614881,0.121157222083894,TRUE,"below detection","SE | AICc | g-fact. > 2 | Intercept",FALSE,NA,"compost"
"2025-09-11_9C_1",2025-09-11,9,"C",2025-09-11 11:32:46,2025-09-11 11:34:20,2025-09-11 11:32:21,6.15931,318,101.277705263158,26.0960063157895,"2025-09-11_hudsoncarbonfieldfluxes.json",FALSE,2025-09-10,"",1,FALSE,TRUE,"single",NA,8.36041340550791,"HM",8.14232032030107,8.36041340550791,0.144081995275828,0.998170700076561,1.02678512716616,0.493251739736882,0.078595438151169,FALSE,"emission","",NA,NA,-0.572518161758458,"HM",-0.566784270463302,-0.572518161758458,0.0226587288558925,0.990858009837874,1.01011653215159,0.125802781654823,0.0200455952777197,FALSE,"uptake","AICc",FALSE,NA,0.117810759773545,"HM",0.117770940429923,0.117810759773545,0.0813419968448507,0.255868067869812,1.0003381083948,0.755812628614881,0.120448249973255,TRUE,"below detection","SE | AICc | Intercept",TRUE,"convex (accelerating) trace","compost"
"2025-09-11_10A_1",2025-09-11,10,"A",2025-09-11 11:59:20,2025-09-11 12:00:54,2025-09-11 11:58:55,6.35011,318,101.255852631579,27.8054715789474,"2025-09-11_hudsoncarbonfieldfluxes.json",FALSE,2025-09-10,"",1,FALSE,TRUE,"single",NA,7.62906604443573,"HM",7.505925700508,7.62906604443573,0.0880542099225351,0.99919824287953,1.01640575044853,0.493251739736882,0.0803958907741658,FALSE,"emission","AICc",NA,NA,-0.353642526754271,"HM",-0.351813184062094,-0.353642526754271,0.0178408728643051,0.985303827821009,1.00519975593596,0.125802781654823,0.0205047967968701,FALSE,"uptake","AICc",TRUE,"convex (accelerating) trace",0.0546826163902794,"HM",0.0545796118596531,0.0546826163902794,0.090318599108937,0.0487124433092174,1.00188723457563,0.755812628614881,0.123209267019881,TRUE,"below detection","SE | AICc | Intercept",FALSE,NA,"control"
"2025-09-11_10B_1",2025-09-11,10,"B",2025-09-11 12:02:35,2025-09-11 12:04:09,2025-09-11 12:02:10,5.99236,318,101.251768421053,28.2613831578947,"2025-09-11_hudsoncarbonfieldfluxes.json",FALSE,2025-09-10,"",1,FALSE,TRUE,"single",NA,7.41432063255387,"HM",7.3141886275753,7.41432063255387,0.0991823132498583,0.998992076494277,1.01369010427227,0.493251739736882,0.0756627330195186,FALSE,"emission","AICc",NA,NA,-0.469574631767246,"HM",-0.4656128988275,-0.469574631767246,0.0168430316879638,0.992548204032151,1.00850864086825,0.125802781654823,0.0192976152228865,FALSE,"uptake","AICc",TRUE,"convex (accelerating) trace",0.0247118819471493,"HM",0.0247245424011833,0.0247118819471493,0.0718607673871485,0.00891578550992234,0.999487939803756,0.755812628614881,0.115958589563205,TRUE,"below detection","SE | AICc | p-value | MDF | Intercept",FALSE,NA,"control"
"2025-09-11_10C_1",2025-09-11,10,"C",2025-09-11 12:05:52,2025-09-11 12:07:26,2025-09-11 12:05:27,5.98044,318,101.254757894737,28.2909368421053,"2025-09-11_hudsoncarbonfieldfluxes.json",FALSE,2025-09-10,"",1,FALSE,TRUE,"single",NA,6.17913927401212,"HM",5.98279577228587,6.17913927401212,0.0787935845245775,0.998950740422428,1.03281801839798,0.493251739736882,0.0755293271406548,FALSE,"emission","",NA,NA,-0.346852725583369,"HM",-0.342835499934423,-0.346852725583369,0.0147060293088517,0.989480168870975,1.01171764782152,0.125802781654823,0.0192635903441113,FALSE,"uptake","AICc",FALSE,NA,0.0600769199085629,"HM",0.0601181159687026,0.0600769199085629,0.0948738951194966,0.0532069783801364,0.999314747984432,0.755812628614881,0.115761378407118,TRUE,"below detection","SE | AICc | Intercept",TRUE,"convex (accelerating) trace","control"
"2025-09-11_11A_1",2025-09-11,11,"A",2025-09-11 11:48:06,2025-09-11 11:49:40,2025-09-11 11:47:41,6.21894,318,101.263189473684,27.4161894736842,"2025-09-11_hudsoncarbonfieldfluxes.json",FALSE,2025-09-10,"",1,FALSE,TRUE,"single",NA,8.28945847585863,"HM",8.05833038858819,8.28945847585863,0.135371958419993,0.998343595625764,1.02868188273811,0.493251739736882,0.078855538955263,FALSE,"emission","",NA,NA,-0.457404486285789,"HM",-0.452921332521732,-0.457404486285789,0.0145676089363096,0.994097590618743,1.00989830560441,0.125802781654823,0.0201119334211658,FALSE,"uptake","AICc",TRUE,"convex (accelerating) trace",-0.00354509974944101,"HM",-0.00354865771069087,-0.00354509974944101,0.0625546192899896,-0.0104505277040277,0.998997378293449,0.755812628614881,0.120845491150852,TRUE,"below detection","SE | AICc | p-value | MDF | Intercept",FALSE,NA,"slurry"
"2025-09-11_11B_1",2025-09-11,11,"B",2025-09-11 11:51:21,2025-09-11 11:52:56,2025-09-11 11:50:56,6.19906,318,101.262770833333,26.8721635416667,"2025-09-11_hudsoncarbonfieldfluxes.json",FALSE,2025-09-10,"",1,FALSE,TRUE,"single",NA,6.27081660194886,"HM",6.17465363646931,6.27081660194886,0.0751578415698146,0.999150275091671,1.01557382343061,0.493251739736882,0.0779285321714206,FALSE,"emission","AICc",NA,NA,-0.38181739103067,"HM",-0.378245124814506,-0.38181739103067,0.0160494285214911,0.989602008944125,1.00944431529135,0.125802781654823,0.0198755023604614,FALSE,"uptake","AICc",FALSE,NA,0.0916659731235777,"HM",0.0912742981893117,0.0916659731235777,0.0992792639036693,0.116178774663439,1.00429118538336,0.755812628614881,0.119448183481996,TRUE,"below detection","SE | AICc | Intercept",FALSE,NA,"slurry"
"2025-09-11_11C_1",2025-09-11,11,"C",2025-09-11 11:54:50,2025-09-11 11:56:24,2025-09-11 11:54:25,5.94069,318,101.258557894737,27.6298242105263,"2025-09-11_hudsoncarbonfieldfluxes.json",FALSE,2025-09-10,"",1,FALSE,TRUE,"single",NA,6.34360509043476,"HM",5.89953420142207,6.34360509043476,0.0650141264180322,0.998993182802018,1.0752721950329,0.493251739736882,0.0752181496238816,FALSE,"emission","",NA,NA,-0.363884727456475,"HM",-0.33343666817661,-0.363884727456475,0.0137200176131346,0.990738125203922,1.0913158695064,0.125802781654823,0.0191842251963687,FALSE,"uptake","",FALSE,NA,0.0926449263951949,"HM",0.0922285188090292,0.0926449263951949,0.0927208272801417,0.136186176643895,1.00451495471838,0.755812628614881,0.115277673087948,TRUE,"below detection","SE | AICc | Intercept",FALSE,NA,"slurry"
"2025-09-11_12A_1",2025-09-11,12,"A",2025-09-11 11:37:01,2025-09-11 11:38:35,2025-09-11 11:36:36,6.33819,318,101.270189473684,25.2930884210526,"2025-09-11_hudsoncarbonfieldfluxes.json",FALSE,2025-09-10,"",1,FALSE,TRUE,"single",NA,6.06585941307394,"HM",5.96157695327208,6.06585941307394,0.0958337512984625,0.99849230842448,1.0174924287012,0.493251739736882,0.0810255055981947,FALSE,"emission","AICc",NA,NA,-0.385962883397821,"HM",-0.379173604390885,-0.385962883397821,0.0137382736434153,0.992501325459128,1.01790546316599,0.125802781654823,0.0206653786861021,FALSE,"uptake","AICc",FALSE,NA,0.0287952991346968,"HM",0.0288247860609529,0.0287952991346968,0.0894796832910825,0.00255538417730405,0.998977028790648,0.755812628614881,0.12417067972701,TRUE,"below detection","SE | AICc | p-value | MDF | Intercept",TRUE,"convex (accelerating) trace","slurry"
"2025-09-11_12B_1",2025-09-11,12,"B",2025-09-11 11:40:14,2025-09-11 11:41:49,2025-09-11 11:39:49,6.07981,318,101.26775,26.2465385416667,"2025-09-11_hudsoncarbonfieldfluxes.json",FALSE,2025-09-10,"",1,FALSE,TRUE,"single",NA,9.08960061993896,"HM",7.98659785824828,9.08960061993896,0.109887365937326,0.997885763996502,1.13810671092592,0.493251739736882,0.0765100163752064,FALSE,"emission","",NA,NA,-0.556932398828048,"HM",-0.504622477345249,-0.556932398828048,0.016885368529582,0.993565783582272,1.10366149712156,0.125802781654823,0.0195137129969201,FALSE,"uptake","",FALSE,NA,0.0985091119996593,"HM",0.098558667071764,0.0985091119996593,0.0960606013768449,0.138998581373053,0.999497202289996,0.755812628614881,0.117247236520819,TRUE,"below detection","SE | AICc | Intercept",TRUE,"convex (accelerating) trace","slurry"
"2025-09-11_12C_1",2025-09-11,12,"C",2025-09-11 11:43:32,2025-09-11 11:45:06,2025-09-11 11:43:07,5.84131,318,101.269673684211,26.0288852631579,"2025-09-11_hudsoncarbonfieldfluxes.json",FALSE,2025-09-10,"",1,FALSE,TRUE,"single",NA,6.12219664514998,"HM",6.02660725802564,6.12219664514998,0.082117695636023,0.998933562783775,1.01586122722649,0.493251739736882,0.0744568620987484,FALSE,"emission","AICc",NA,NA,-0.343064753885138,"HM",-0.340873026885078,-0.343064753885138,0.0142760039352088,0.989993523499236,1.00642974605556,0.125802781654823,0.0189900604715733,FALSE,"uptake","AICc",TRUE,"convex (accelerating) trace",0.0514841658317901,"HM",0.0514550211710371,0.0514841658317901,0.0842262792688578,0.0500987941692915,1.00056641043167,0.755812628614881,0.114119233847346,TRUE,"below detection","SE | AICc | Intercept",FALSE,NA,"slurry"
"2025-09-11_13A_1",2025-09-11,13,"A",2025-09-11 12:17:24,2025-09-11 12:18:58,2025-09-11 12:16:59,6.35806,318,101.245263157895,27.5238968421053,"2025-09-11_hudsoncarbonfieldfluxes.json",FALSE,2025-09-10,"",1,FALSE,TRUE,"single",NA,9.34430379809191,"HM",8.63916083948602,9.34430379809191,0.0996337506362403,0.998872484462647,1.08162169586923,0.493251739736882,0.0805613071366554,FALSE,"emission","",NA,NA,-0.0745556601650888,"HM",-0.0745064404378754,-0.0745556601650888,0.0166982662741437,0.76275375303523,1.00066061037038,0.125802781654823,0.0205469858797581,FALSE,"uptake","AICc | Intercept",TRUE,"convex (accelerating) trace",0.00251795620544327,"HM",0.00253621415650229,0.00251795620544327,0.0629263207225027,-0.0106483395270733,0.992801100406994,0.755812628614881,0.123467339089134,TRUE,"below detection","SE | AICc | p-value | MDF | Intercept",FALSE,NA,"slurry"
"2025-09-11_13B_1",2025-09-11,13,"B",2025-09-11 12:14:03,2025-09-11 12:15:37,2025-09-11 12:13:38,6.27856,318,101.243189473684,28.0430410526316,"2025-09-11_hudsoncarbonfieldfluxes.json",FALSE,2025-09-10,"",1,FALSE,TRUE,"single",NA,8.50504541905848,"HM",8.26900457467471,8.50504541905848,0.0982090552490821,0.999143949954727,1.02854525502461,0.493251739736882,0.0794764777848651,FALSE,"emission","",NA,NA,-0.442163307642965,"HM",-0.417119089098937,-0.442163307642965,0.016649430361907,0.991188435192836,1.06004093123172,0.125802781654823,0.0202703025169202,FALSE,"uptake","",FALSE,NA,-0.0376417428926166,"HM",-0.0376694403152961,-0.0376417428926166,0.0431067589264128,-0.00240625809633266,0.999264724337614,0.755812628614881,0.121796483467862,TRUE,"below detection","AICc | p-value | Intercept",TRUE,"convex (accelerating) trace","slurry"
"2025-09-11_13C_1_1",2025-09-11,13,"C",2025-09-11 12:20:50,2025-09-11 12:22:24,2025-09-11 12:20:25,6.00031,318,101.244621052632,28.2497915789474,"2025-09-11_hudsoncarbonfieldfluxes.json",FALSE,2025-09-10,"",2,FALSE,TRUE,"repeat: last kept",NA,6.8862761544566,"HM",6.70984430096106,6.8862761544566,0.0921941330263417,0.998879207773701,1.02629447802094,0.493251739736882,0.0759399704679561,FALSE,"emission","",NA,NA,-0.374061123682301,"HM",-0.369407615937679,-0.374061123682301,0.0141287577603919,0.991662868834984,1.01259721658096,0.125802781654823,0.0193683240301396,FALSE,"uptake","AICc",FALSE,NA,0.416498687919093,"HM",0.353084487092334,0.416498687919093,0.0998888208402698,0.727691970539257,1.17960064274978,0.755812628614881,0.116395072172149,FALSE,"emission","SE | AICc",FALSE,NA,"slurry"
"2025-09-11_14A_1",2025-09-11,14,"A",2025-09-11 12:26:08,2025-09-11 12:27:43,2025-09-11 12:25:43,5.98044,318,101.242291666667,27.7515802083333,"2025-09-11_hudsoncarbonfieldfluxes.json",FALSE,2025-09-10,"",1,FALSE,TRUE,"single",NA,7.56772274128647,"HM",7.34345777175015,7.56772274128647,0.108960954158317,0.998679561940441,1.03053942386638,0.493251739736882,0.0748038187318054,FALSE,"emission","",NA,NA,-0.259062285326127,"HM",-0.257785217976137,-0.259062285326127,0.014910803593569,0.980685412994125,1.00495399759542,0.125802781654823,0.0190785510049781,FALSE,"uptake","AICc",TRUE,"convex (accelerating) trace",0.10545131235054,"HM",0.0881940942550135,0.10545131235054,0.118020730429171,0.0998045024179106,1.19567317110403,0.755812628614881,0.114625357775076,TRUE,"below detection","SE | AICc | Intercept",FALSE,NA,"compost"
"2025-09-11_14B_1",2025-09-11,14,"B",2025-09-11 12:29:29,2025-09-11 12:31:03,2025-09-11 12:29:04,6.31831,318,101.244684210526,29.5419305263158,"2025-09-11_hudsoncarbonfieldfluxes.json",FALSE,2025-09-10,"",1,FALSE,TRUE,"single",NA,12.6922258311107,"HM",12.3261061978642,12.6922258311107,0.130546610896757,0.999304159894747,1.02970278102179,0.493251739736882,0.0791158975201097,FALSE,"emission","",NA,NA,-0.472638248733041,"HM",-0.465623562036354,-0.472638248733041,0.0145304629435108,0.994462201056653,1.01506514547075,0.125802781654823,0.0201783373059303,FALSE,"uptake","AICc",FALSE,NA,0.394859880618881,"HM",0.361081466166861,0.394859880618881,0.0851848799998045,0.775145788406589,1.09354790432919,0.755812628614881,0.121238589986148,FALSE,"emission","SE | AICc",FALSE,NA,"compost"
"2025-09-11_14C_1",2025-09-11,14,"C",2025-09-11 12:33:00,2025-09-11 12:34:34,2025-09-11 12:32:35,6.45744,318,101.241336842105,27.6569168421053,"2025-09-11_hudsoncarbonfieldfluxes.json",FALSE,2025-09-10,"",1,FALSE,TRUE,"single",NA,5.7236677935777,"HM",5.65914581854981,5.7236677935777,0.107209852035324,0.997989319418953,1.01140136287289,0.493251739736882,0.0818968732432312,FALSE,"emission","AICc",NA,NA,-0.158060060958745,"HM",-0.157440208311353,-0.158060060958745,0.0163186445494128,0.94063578646285,1.00393706699223,0.125802781654823,0.0208876191056657,FALSE,"uptake","AICc | Intercept",TRUE,"convex (accelerating) trace",0.0218529610874989,"HM",0.021872247089509,0.0218529610874989,0.102227638735777,-0.00394483293941228,0.999118243227085,0.755812628614881,0.12550752729607,TRUE,"below detection","SE | AICc | p-value | MDF | Intercept",FALSE,NA,"compost"
"2025-09-11_15A_1",2025-09-11,15,"A",2025-09-11 12:37:16,2025-09-11 12:38:50,2025-09-11 12:36:51,6.00031,318,101.239768421053,28.227452631579,"2025-09-11_hudsoncarbonfieldfluxes.json",FALSE,2025-09-10,"",1,FALSE,TRUE,"single",NA,7.34172997571856,"HM",7.27365161956479,7.34172997571856,0.098602267459996,0.999039591549159,1.00935958438959,0.493251739736882,0.0757804224404516,FALSE,"emission","AICc",NA,NA,-0.433376248220758,"HM",-0.430505620288598,-0.433376248220758,0.0177154223329314,0.990342365111219,1.00666803822499,0.125802781654823,0.0193276316533052,FALSE,"uptake","AICc",TRUE,"convex (accelerating) trace",0.117062849557183,"HM",0.115827819827773,0.117062849557183,0.117125777512559,0.13584545314118,1.01066263468696,0.755812628614881,0.116137885510449,FALSE,"emission","SE | AICc | Intercept",FALSE,NA,"control"
"2025-09-11_15B_1",2025-09-11,15,"B",2025-09-11 12:40:39,2025-09-11 12:42:13,2025-09-11 12:40:14,6.33819,318,101.239884210526,28.8227494736842,"2025-09-11_hudsoncarbonfieldfluxes.json",FALSE,2025-09-10,"",1,FALSE,TRUE,"single",NA,9.942748500378,"HM",9.7164824419909,9.942748500378,0.120309946211268,0.999093770287324,1.02328682830828,0.493251739736882,0.0798427045750689,FALSE,"emission","",NA,NA,-0.521619315854895,"HM",-0.518394234669138,-0.521619315854895,0.0193720978047236,0.992068540190352,1.00622129061257,0.125802781654823,0.0203637078619247,FALSE,"uptake","AICc",TRUE,"convex (accelerating) trace",0.127891826657264,"HM",0.127887471945198,0.127891826657264,0.102741982736708,0.200379237715323,1.00003405112322,0.755812628614881,0.122367251010777,FALSE,"emission","SE | AICc | Intercept",TRUE,"convex (accelerating) trace","control"
"2025-09-11_15C_1",2025-09-11,15,"C",2025-09-11 12:43:51,2025-09-11 12:45:25,2025-09-11 12:43:26,6.23881,318,101.239347368421,29.9503957894737,"2025-09-11_hudsoncarbonfieldfluxes.json",FALSE,2025-09-10,"",1,FALSE,TRUE,"single",NA,12.234956815987,"HM",11.1785118891505,12.234956815987,0.16878968584561,0.998265151878246,1.09450675879871,0.493251739736882,0.0779438915857527,FALSE,"emission","",NA,NA,-0.474054293912403,"HM",-0.436249777028198,-0.474054293912403,0.0156263498305805,0.992859063179421,1.08665796265097,0.125802781654823,0.0198794197456258,FALSE,"uptake","",FALSE,NA,0.0993972077650622,"HM",0.0990596529254,0.0993972077650622,0.116436566731448,0.101072447902604,1.0034075915844,0.755812628614881,0.119443405436644,TRUE,"below detection","SE | AICc | Intercept",FALSE,NA,"control"
"2025-09-30_1A_1",2025-09-30,1,"A",2025-09-30 10:23:03,2025-09-30 10:24:37,2025-09-30 10:22:38,6.22291,318,101.268063157895,19.0769778947368,"2025-09-30_hudsoncarbonfieldfluxes.json",FALSE,2025-09-30,"",1,FALSE,TRUE,"single",NA,7.12706035599641,"HM",6.72298711305271,7.12706035599641,0.0644704619623912,0.99926643873121,1.06010323032736,0.46861536166293,0.0774457597130093,FALSE,"emission","",NA,NA,-0.41120005185358,"HM",-0.404126048275763,-0.41120005185358,0.0172297423459265,0.989598419462586,1.01750444844622,0.125802781654823,0.0207908079767039,FALSE,"uptake","AICc",FALSE,NA,0.108754813867797,"HM",0.0942984353833997,0.108754813867797,0.105107099080804,0.135965442035806,1.15330454238843,0.717563341209357,0.118621321506501,TRUE,"below detection","SE | AICc | Intercept",FALSE,NA,"slurry"
"2025-09-30_1B_1",2025-09-30,1,"B",2025-09-30 10:26:16,2025-09-30 10:27:51,2025-09-30 10:25:51,6.22291,318,101.267375,19.7540510416667,"2025-09-30_hudsoncarbonfieldfluxes.json",FALSE,2025-09-30,"",1,FALSE,TRUE,"single",NA,7.70457005800188,"HM",7.08428495956028,7.70457005800188,0.0714744991963769,0.998975790305266,1.08755789779525,0.46861536166293,0.0764135518929591,FALSE,"emission","",NA,NA,-0.338141073266719,"HM",-0.333497085316162,-0.338141073266719,0.0154487139462675,0.987608615572393,1.01392512305214,0.125802781654823,0.0205137052062199,FALSE,"uptake","AICc",FALSE,NA,0.127231331906125,"HM",0.1013071428804,0.127231331906125,0.105490236899453,0.170355948067824,1.25589695147489,0.717563341209357,0.117040240650914,FALSE,"emission","SE | AICc | Intercept",FALSE,NA,"slurry"
"2025-09-30_1C_1",2025-09-30,1,"C",2025-09-30 10:29:41,2025-09-30 10:31:15,2025-09-30 10:29:16,6.00031,318,101.271652631579,20.0793526315789,"2025-09-30_hudsoncarbonfieldfluxes.json",FALSE,2025-09-30,"",1,FALSE,TRUE,"single",NA,6.61554680116033,"HM",6.19354153346488,6.61554680116033,0.0654967044672772,0.999102749256694,1.06813634257803,0.46861536166293,0.0743139449038674,FALSE,"emission","",NA,NA,-0.331571004736466,"HM",-0.299176821417261,-0.331571004736466,0.0155738548687955,0.985691735147921,1.10827771739049,0.125802781654823,0.0199500523232407,FALSE,"uptake","",FALSE,NA,0.111865341977971,"HM",0.110764162548175,0.111865341977971,0.0809753108903047,0.236700135425406,1.00994165806397,0.717563341209357,0.113822460563025,TRUE,"below detection","SE | AICc",FALSE,NA,"slurry"
"2025-09-30_2A_1",2025-09-30,2,"A",2025-09-30 10:34:16,2025-09-30 10:35:50,2025-09-30 10:33:51,6.18316,318,101.286189473684,20.8326736842105,"2025-09-30_hudsoncarbonfieldfluxes.json",FALSE,2025-09-30,"",1,FALSE,TRUE,"single",NA,5.94350728077575,"HM",5.88913626604602,5.94350728077575,0.117511700577794,0.997799157127778,1.00923242599143,0.46861536166293,0.076423068815699,FALSE,"emission","AICc",NA,NA,-0.391980636000439,"HM",-0.389938759348059,-0.391980636000439,0.0189496540998146,0.986535042714766,1.00523640341831,0.125802781654823,0.0205162600848078,FALSE,"uptake","AICc",TRUE,"convex (accelerating) trace",-0.0437115633501457,"HM",-0.043689238842992,-0.0437115633501457,0.101142459679784,0.0211182185788946,1.00051098411748,0.717563341209357,0.117050522053527,TRUE,"below detection","SE | AICc | p-value | Intercept",FALSE,NA,"control"
"2025-09-30_2B_1",2025-09-30,2,"B",2025-09-30 10:37:30,2025-09-30 10:39:05,2025-09-30 10:37:05,6.07186,318,101.291916666667,20.8869416666667,"2025-09-30_hudsoncarbonfieldfluxes.json",FALSE,2025-09-30,"",1,FALSE,TRUE,"single",NA,7.31817070259817,"HM",6.99239875257395,7.31817070259817,0.0709823413371776,0.999282598069149,1.04658944112767,0.46861536166293,0.0742977634644304,FALSE,"emission","",NA,NA,-0.529541105418499,"HM",-0.525052240743984,-0.529541105418499,0.0182017510138621,0.993075867358598,1.00854936771273,0.125802781654823,0.0199457083126536,FALSE,"uptake","AICc",TRUE,"convex (accelerating) trace",0.198308946956828,"HM",0.119038535567902,0.198308946956828,0.169687669742926,0.139843271092655,1.66592226635473,0.717563341209357,0.113795138147939,FALSE,"emission","SE | AICc | Intercept",FALSE,NA,"control"
"2025-09-30_2C_1",2025-09-30,2,"C",2025-09-30 10:41:04,2025-09-30 10:42:38,2025-09-30 10:40:39,6.23086,318,101.302568421053,20.3936663157895,"2025-09-30_hudsoncarbonfieldfluxes.json",FALSE,2025-09-30,"",1,FALSE,TRUE,"single",NA,7.76097536526238,"HM",7.66369204975237,7.76097536526238,0.0617680914352175,0.999680002080369,1.01269405332031,0.46861536166293,0.0771597363634099,FALSE,"emission","AICc",NA,NA,-0.354857513840728,"HM",-0.350883052060995,-0.354857513840728,0.0165021538489207,0.987367032413061,1.01132702692931,0.125802781654823,0.0207140231848649,FALSE,"uptake","AICc",FALSE,NA,0.14704571693035,"LM",0.14704571693035,0.381655378446387,0.0218787572564927,0.319683451144484,2.59548789596614,0.717563341209357,0.118190738763344,FALSE,"emission","SE | g-fact. > 2 | Intercept",FALSE,NA,"control"
"2025-09-30_3A_1",2025-09-30,3,"A",2025-09-30 10:45:16,2025-09-30 10:46:51,2025-09-30 10:44:51,6.12751,318,101.297635416667,20.9769677083333,"2025-09-30_hudsoncarbonfieldfluxes.json",FALSE,2025-09-30,"",1,FALSE,TRUE,"single",NA,9.18784839557067,"HM",9.03464614655834,9.18784839557067,0.0494728368389784,0.999814555721211,1.0169571941753,0.46861536166293,0.0748272078263862,FALSE,"emission","",NA,NA,-0.459239299358486,"HM",-0.455524799444717,-0.459239299358486,0.0184692707990146,0.990511147767137,1.00815433082523,0.125802781654823,0.020087841027273,FALSE,"uptake","AICc",TRUE,"convex (accelerating) trace",0.155722769463623,"HM",0.15500262027398,0.155722769463623,0.087478221814486,0.341258950739385,1.00464604526278,0.717563341209357,0.114611250258813,FALSE,"emission","SE | AICc | Intercept",FALSE,NA,"compost"
"2025-09-30_3B_1",2025-09-30,3,"B",2025-09-30 10:48:48,2025-09-30 10:50:22,2025-09-30 10:48:23,5.97646,318,101.307547368421,21.353267368421,"2025-09-30_hudsoncarbonfieldfluxes.json",FALSE,2025-09-30,"",1,FALSE,TRUE,"single",NA,7.5929443132472,"HM",7.12706021919758,7.5929443132472,0.0673058684977382,0.999242053434039,1.06536833978121,0.46861536166293,0.0737421509739515,FALSE,"emission","",NA,NA,-0.366564010165123,"HM",-0.361112819530103,-0.366564010165123,0.0166695354161892,0.987824586123661,1.01509553341837,0.125802781654823,0.0197965505970883,FALSE,"uptake","AICc",FALSE,NA,0.0975837512846958,"LM",0.0975837512846958,0.301833680602819,0.0218512155866215,0.167726292350319,3.09307314618633,0.717563341209357,0.112941211005502,TRUE,"below detection","SE | g-fact. > 2 | Intercept",FALSE,NA,"compost"
"2025-09-30_3C_1",2025-09-30,3,"C",2025-09-30 10:52:15,2025-09-30 10:53:49,2025-09-30 10:51:50,6.35011,318,101.305978947368,21.8562778947368,"2025-09-30_hudsoncarbonfieldfluxes.json",FALSE,2025-09-30,"",1,FALSE,TRUE,"single",NA,7.23793786299415,"HM",7.12824052782774,7.23793786299415,0.0577660987411909,0.999629714486188,1.01538911807734,0.46861536166293,0.0782312152608603,FALSE,"emission","AICc",NA,NA,-0.466049658187944,"HM",-0.460421968385344,-0.466049658187944,0.016756773910702,0.992437920944195,1.01222289592813,0.125802781654823,0.0210016685264631,FALSE,"uptake","AICc",FALSE,NA,0.117507170181434,"HM",0.115724174510142,0.117507170181434,0.0913177982041425,0.210565814441638,1.01540728787947,0.717563341209357,0.119821545859931,TRUE,"below detection","SE | AICc | Intercept",FALSE,NA,"compost"
"2025-09-30_4A_1",2025-09-30,4,"A",2025-09-30 11:18:27,2025-09-30 11:20:02,2025-09-30 11:18:02,6.16726,318,101.2938125,22.7415989583333,"2025-09-30_hudsoncarbonfieldfluxes.json",FALSE,2025-09-30,"",1,FALSE,TRUE,"single",NA,7.11859882963742,"HM",6.99562685455534,7.11859882963742,0.083039684752818,0.999158847110638,1.01757840685885,0.46861536166293,0.0747807186123285,FALSE,"emission","",NA,NA,-0.356294434321116,"HM",-0.354669570331641,-0.356294434321116,0.0190152677639694,0.983395359641237,1.00458134592138,0.125802781654823,0.0200753607013514,FALSE,"uptake","AICc",TRUE,"convex (accelerating) trace",0.0243190060692843,"HM",0.0135949792959869,0.0243190060692843,0.147880859879376,-0.00869761803248825,1.78882258956165,0.717563341209357,0.114536154053957,TRUE,"below detection","SE | AICc | p-value | MDF | Intercept",FALSE,NA,"compost"
"2025-09-30_4B_1",2025-09-30,4,"B",2025-09-30 11:21:43,2025-09-30 11:23:18,2025-09-30 11:21:18,6.17521,318,101.291395833333,22.9179666666667,"2025-09-30_hudsoncarbonfieldfluxes.json",FALSE,2025-09-30,"",1,FALSE,TRUE,"single",NA,7.0334042052771,"HM",6.64855389426685,7.0334042052771,0.058697340861529,0.999354263005476,1.05788481482298,0.46861536166293,0.0749645707696339,FALSE,"emission","",NA,NA,-0.42847776864957,"HM",-0.425038976566161,-0.42847776864957,0.0153082498237619,0.992507872019406,1.00809053351105,0.125802781654823,0.0201247169851919,FALSE,"uptake","AICc",TRUE,"convex (accelerating) trace",0.187782315549128,"HM",0.109134363697933,0.187782315549128,0.138590248040313,0.176778805487361,1.7206524983174,0.717563341209357,0.114820695689358,FALSE,"emission","SE | AICc | Intercept",FALSE,NA,"compost"
"2025-09-30_4C_1",2025-09-30,4,"C",2025-09-30 11:25:07,2025-09-30 11:26:42,2025-09-30 11:24:42,6.09571,318,101.293166666667,22.8695958333333,"2025-09-30_hudsoncarbonfieldfluxes.json",FALSE,2025-09-30,"",1,FALSE,TRUE,"single",NA,8.36376371225788,"HM",8.0559763179829,8.36376371225788,0.0698119243885932,0.999478751200157,1.038206094721,0.46861536166293,0.0739609196288011,FALSE,"emission","",NA,NA,-0.314401046088843,"HM",-0.311099579698815,-0.314401046088843,0.0160736510691173,0.984617653953986,1.01061224959938,0.125802781654823,0.0198552804373166,FALSE,"uptake","AICc",FALSE,NA,0.096217977776703,"HM",0.0961599653914535,0.096217977776703,0.0925732544534679,0.145423223675262,1.00060329041315,0.717563341209357,0.11329169817111,TRUE,"below detection","SE | AICc | Intercept",FALSE,NA,"compost"
"2025-09-30_5A_1",2025-09-30,5,"A",2025-09-30 11:08:00,2025-09-30 11:09:34,2025-09-30 11:07:35,6.03211,318,101.284410526316,22.1988052631579,"2025-09-30_hudsoncarbonfieldfluxes.json",FALSE,2025-09-30,"",1,FALSE,TRUE,"single",NA,7.29640962791489,"HM",6.75082127338201,7.29640962791489,0.0641245955429277,0.999106663829349,1.08081807122995,0.46861536166293,0.074279307418629,FALSE,"emission","",NA,NA,-0.4800442310619,"HM",-0.472460363101318,-0.4800442310619,0.0147436808965898,0.994435168581622,1.01605186075462,0.125802781654823,0.0199407536694854,FALSE,"uptake","AICc",FALSE,NA,-0.07710739729713,"LM",-0.07710739729713,-0.254397321417551,0.0231555788286565,0.0969241012094824,3.29925960848144,0.717563341209357,0.113771510166901,TRUE,"below detection","SE | g-fact. > 2 | Intercept",FALSE,NA,"control"
"2025-09-30_5B_1",2025-09-30,5,"B",2025-09-30 11:11:15,2025-09-30 11:12:49,2025-09-30 11:10:50,6.18316,318,101.286242105263,22.5931936842105,"2025-09-30_hudsoncarbonfieldfluxes.json",FALSE,2025-09-30,"",1,FALSE,TRUE,"single",NA,6.67770372569632,"HM",6.57337655278492,6.67770372569632,0.0710727581020787,0.999327673683333,1.01587116941706,0.46861536166293,0.0758266397963927,FALSE,"emission","AICc",NA,NA,-0.488178258860642,"HM",-0.484617659133124,-0.488178258860642,0.01903291970871,0.991195381926987,1.00734723479513,0.125802781654823,0.0203561449118392,FALSE,"uptake","AICc",TRUE,"convex (accelerating) trace",0.122699174180418,"LM",0.122699174180418,0.26215860277283,0.0189871059968287,0.302466268498917,2.13659630982806,0.717563341209357,0.116126361510173,FALSE,"emission","SE | g-fact. > 2 | Intercept (HM)",FALSE,NA,"control"
"2025-09-30_5C_1",2025-09-30,5,"C",2025-09-30 11:14:32,2025-09-30 11:16:06,2025-09-30 11:14:07,6.31036,318,101.286494736842,22.8907652631579,"2025-09-30_hudsoncarbonfieldfluxes.json",FALSE,2025-09-30,"",1,FALSE,TRUE,"single",NA,8.96282045879768,"HM",7.9936258986597,8.96282045879768,0.0877588557293787,0.998485594910891,1.12124592424327,0.46861536166293,0.0772559836729217,FALSE,"emission","",NA,NA,-0.511518815265434,"HM",-0.465260328548944,-0.511518815265434,0.0160012990701342,0.993313433194642,1.09942495389788,0.125802781654823,0.0207398613887608,FALSE,"uptake","",FALSE,NA,0.240207774610437,"HM",0.202633738092375,0.240207774610437,0.105246677964047,0.442476815360915,1.18542833425366,0.717563341209357,0.118331145525455,FALSE,"emission","SE | AICc | Intercept",FALSE,NA,"control"
"2025-09-30_6A_1",2025-09-30,6,"A",2025-09-30 10:56:30,2025-09-30 10:58:04,2025-09-30 10:56:05,5.96851,318,101.292757894737,22.0324747368421,"2025-09-30_hudsoncarbonfieldfluxes.json",FALSE,2025-09-30,"",1,FALSE,TRUE,"single",NA,5.96835680145734,"HM",5.82926214088566,5.96835680145734,0.0649117573808184,0.999263104779234,1.02386145230905,0.46861536166293,0.0734514007661147,FALSE,"emission","",NA,NA,-0.512986884865266,"HM",-0.508412697879253,-0.512986884865266,0.0154388043596829,0.994771296035192,1.00899699595445,0.125802781654823,0.0197184968500178,FALSE,"uptake","AICc",TRUE,"convex (accelerating) trace",0.0687961849545667,"LM",0.0687961849545667,0.195115748282715,0.022648319836536,0.0804770429106868,2.83614198100622,0.717563341209357,0.112497159346422,TRUE,"below detection","SE | g-fact. > 2 | Intercept",FALSE,NA,"slurry"
"2025-09-30_6B_1",2025-09-30,6,"B",2025-09-30 10:59:45,2025-09-30 11:01:20,2025-09-30 10:59:20,6.43756,318,101.287041666667,22.0257635416667,"2025-09-30_hudsoncarbonfieldfluxes.json",FALSE,2025-09-30,"",1,FALSE,TRUE,"single",NA,7.43915440589439,"HM",7.02755806172925,7.43915440589439,0.0874171330603583,0.998926576787475,1.05856889982975,0.46861536166293,0.078456830295784,FALSE,"emission","",NA,NA,-0.414928387538535,"HM",-0.398059707741534,-0.414928387538535,0.0146124341420401,0.992353208629037,1.0423772601671,0.125802781654823,0.0210622363210737,FALSE,"uptake","AICc",FALSE,NA,0.0683803167012176,"HM",0.0683587476905685,0.0683803167012176,0.100371302839773,0.0631989849030647,1.0003155267084,0.717563341209357,0.120170851898633,TRUE,"below detection","SE | AICc | Intercept",FALSE,NA,"slurry"
"2025-09-30_6C_1",2025-09-30,6,"C",2025-09-30 11:03:02,2025-09-30 11:04:36,2025-09-30 11:02:37,6.36601,318,101.290726315789,22.530807368421,"2025-09-30_hudsoncarbonfieldfluxes.json",FALSE,2025-09-30,"",1,FALSE,TRUE,"single",NA,8.16568271484856,"HM",7.44929985576057,8.16568271484856,0.107434970070716,0.998353355265086,1.09616781079554,0.46861536166293,0.0781369736789446,FALSE,"emission","",NA,NA,-0.360868699844288,"HM",-0.357131436321426,-0.360868699844288,0.0161180843051823,0.988381994898748,1.01046467250645,0.125802781654823,0.0209763687729286,FALSE,"uptake","AICc",FALSE,NA,0.427301448930184,"HM",0.248355449104501,0.427301448930184,0.152864604094867,0.493173479604616,1.72052375122394,0.717563341209357,0.119680143273455,FALSE,"emission","SE | AICc | Intercept",FALSE,NA,"slurry"
"2025-09-30_7A_1",2025-09-30,7,"A",2025-09-30 11:29:13,2025-09-30 11:30:47,2025-09-30 11:28:48,6.16726,318,101.282715789474,22.97866,"2025-09-30_hudsoncarbonfieldfluxes.json",FALSE,2025-09-30,"",1,FALSE,TRUE,"single",NA,8.91069788894864,"HM",8.71707485173435,8.91069788894864,0.078699333808991,0.999500298932876,1.02221192779775,0.46861536166293,0.0756150282420816,FALSE,"emission","",NA,NA,-0.38105277211514,"HM",-0.378025404364041,-0.38105277211514,0.0187320742618676,0.985980087398132,1.00800837117334,0.125802781654823,0.020299336440883,FALSE,"uptake","AICc",TRUE,"convex (accelerating) trace",0.147934127102964,"HM",0.147058305036919,0.147934127102964,0.132239851743583,0.166795953045977,1.0059556110471,0.717563341209357,0.115812856530796,FALSE,"emission","SE | AICc | Intercept",FALSE,NA,"control"
"2025-09-30_7B_1",2025-09-30,7,"B",2025-09-30 11:32:27,2025-09-30 11:34:02,2025-09-30 11:32:02,6.32626,318,101.289364583333,24.2039458333333,"2025-09-30_hudsoncarbonfieldfluxes.json",FALSE,2025-09-30,"",1,FALSE,TRUE,"single",NA,8.50849446533938,"HM",8.05796758487431,8.50849446533938,0.0824339438024099,0.999219094639371,1.05591073378239,0.46861536166293,0.0763681743258125,FALSE,"emission","",NA,NA,-0.469953349340734,"HM",-0.466321438446997,-0.469953349340734,0.0154004768012259,0.993735746271814,1.0077884278832,0.125802781654823,0.0205015233089993,FALSE,"uptake","AICc",TRUE,"convex (accelerating) trace",0.245853654328991,"HM",0.204677700512341,0.245853654328991,0.0956607112453833,0.498035364634884,1.20117459651726,0.717563341209357,0.116983626354904,FALSE,"emission","SE | AICc | Intercept",FALSE,NA,"control"
"2025-09-30_7C_1",2025-09-30,7,"C",2025-09-30 11:35:39,2025-09-30 11:37:14,2025-09-30 11:35:14,6.22291,318,101.271520833333,24.5766541666667,"2025-09-30_hudsoncarbonfieldfluxes.json",FALSE,2025-09-30,"",1,FALSE,TRUE,"single",NA,9.24069151464792,"HM",8.86924572559485,9.24069151464792,0.0915458273884,0.9992849382764,1.04188020047535,0.46861536166293,0.0748653742662084,FALSE,"emission","",NA,NA,-0.331515056429645,"HM",-0.327476914841433,-0.331515056429645,0.0158828818632087,0.986458692406114,1.01233107252817,0.125802781654823,0.0200980870513863,FALSE,"uptake","AICc",FALSE,NA,0.197990476125215,"HM",0.196002330244633,0.197990476125215,0.0957236555279453,0.412017821022744,1.01014348083567,0.717563341209357,0.114690035132278,FALSE,"emission","SE | AICc | Intercept",FALSE,NA,"control"
"2025-09-30_8A_1",2025-09-30,8,"A",2025-09-30 11:40:01,2025-09-30 11:41:36,2025-09-30 11:39:36,6.22291,318,101.27459375,24.620503125,"2025-09-30_hudsoncarbonfieldfluxes.json",FALSE,2025-09-30,"",1,FALSE,TRUE,"single",NA,7.22474953962761,"HM",6.98265747886312,7.22474953962761,0.069174322807032,0.999361508013233,1.03467047631898,0.46861536166293,0.0750589549477791,FALSE,"emission","",NA,NA,-0.42544049432284,"HM",-0.421873893976574,-0.42544049432284,0.0152788720499905,0.992444623158642,1.00845418594795,0.125802781654823,0.0201500550195934,FALSE,"uptake","AICc",TRUE,"convex (accelerating) trace",0.0648652762455109,"HM",0.0648591835643209,0.0648652762455109,0.0829075851332611,0.0835602079377856,1.00009393706265,0.717563341209357,0.114968031034941,TRUE,"below detection","SE | AICc | Intercept",FALSE,NA,"compost"
"2025-09-30_8B_1",2025-09-30,8,"B",2025-09-30 11:43:22,2025-09-30 11:44:57,2025-09-30 11:42:57,6.99406,318,101.276020833333,24.8416395833333,"2025-09-30_hudsoncarbonfieldfluxes.json",FALSE,2025-09-30,"",1,FALSE,TRUE,"single",NA,9.80778384232433,"HM",9.66386242428162,9.80778384232433,0.148354158370105,0.998646197645882,1.01489274285208,0.46861536166293,0.0843293630093106,FALSE,"emission","AICc",NA,NA,-0.919365999796034,"HM",-0.911695748483264,-0.919365999796034,0.026665526437032,0.995099621063474,1.00841316999178,0.125802781654823,0.0226387551703469,FALSE,"uptake","AICc",TRUE,"convex (accelerating) trace",0.224718987935936,"HM",0.113510510593557,0.224718987935936,0.175401298477761,0.150170204384252,1.97971964676098,0.717563341209357,0.129158391605525,FALSE,"emission","SE | AICc | Intercept",FALSE,NA,"compost"
"2025-09-30_8C_1",2025-09-30,8,"C",2025-09-30 11:46:36,2025-09-30 11:48:11,2025-09-30 11:46:11,6.27856,318,101.285395833333,24.6052114583333,"2025-09-30_hudsoncarbonfieldfluxes.json",FALSE,2025-09-30,"",1,FALSE,TRUE,"single",NA,8.43983800613389,"HM",8.03274780974306,8.43983800613389,0.0632606490900933,0.999487227648167,1.05067882199626,0.46861536166293,0.0757343427493238,FALSE,"emission","",NA,NA,-0.621773616094372,"HM",-0.566126986328804,-0.621773616094372,0.016867647098839,0.994793467491908,1.09829354740077,0.125802781654823,0.0203313671810824,FALSE,"uptake","",FALSE,NA,-0.0656305054161382,"HM",-0.0348406817051337,-0.0656305054161382,0.175740659900151,0.00314302746792494,1.88373195368527,0.717563341209357,0.116014806546372,TRUE,"below detection","SE | AICc | p-value | Intercept",FALSE,NA,"compost"
"2025-09-30_9A_1",2025-09-30,9,"A",2025-09-30 11:51:06,2025-09-30 11:52:41,2025-09-30 11:50:41,6.19111,318,101.289010416667,25.7749458333333,"2025-09-30_hudsoncarbonfieldfluxes.json",FALSE,2025-09-30,"",1,FALSE,TRUE,"single",NA,10.4414595945239,"HM",9.97712258573678,10.4414595945239,0.0888185749761026,0.999411855598211,1.04654017275993,0.46861536166293,0.0742891199343099,FALSE,"emission","",NA,NA,-0.556741811843437,"HM",-0.547637870603397,-0.556741811843437,0.0172581804060611,0.994275847327051,1.01662401694392,0.125802781654823,0.0199433879018829,FALSE,"uptake","AICc",FALSE,NA,0.210860555810318,"HM",0.210258050329383,0.210860555810318,0.207349825332981,0.139505908711329,1.00286555249605,0.717563341209357,0.113773617240981,FALSE,"emission","SE | AICc | Intercept",FALSE,NA,"compost"
"2025-09-30_9B_1",2025-09-30,9,"B",2025-09-30 11:54:26,2025-09-30 11:56:00,2025-09-30 11:54:01,6.23086,318,101.289136842105,24.1812136842105,"2025-09-30_hudsoncarbonfieldfluxes.json",FALSE,2025-09-30,"",1,FALSE,TRUE,"single",NA,8.59994211352155,"HM",8.25726729964633,8.59994211352155,0.0653388750054535,0.999536111075093,1.04149978454614,0.46861536166293,0.0762064256652957,FALSE,"emission","",NA,NA,-0.357814954221697,"HM",-0.342736947753785,-0.357814954221697,0.0177723394123117,0.985146868997761,1.04399294142849,0.125802781654823,0.0204581008498,FALSE,"uptake","AICc",FALSE,NA,0.183069884156566,"HM",0.181544609893352,0.183069884156566,0.0997058166888657,0.35754401759254,1.0084016499532,0.717563341209357,0.116731007635093,FALSE,"emission","SE | AICc | Intercept",FALSE,NA,"compost"
"2025-09-30_9C_1",2025-09-30,9,"C",2025-09-30 11:57:38,2025-09-30 11:59:12,2025-09-30 11:57:13,6.15931,318,101.283326315789,24.334127368421,"2025-09-30_hudsoncarbonfieldfluxes.json",FALSE,2025-09-30,"",1,FALSE,TRUE,"single",NA,8.60051275435863,"HM",8.46995954854441,8.60051275435863,0.0821131970362028,0.999465088480236,1.01541367524437,0.46861536166293,0.075147300437982,FALSE,"emission","AICc",NA,NA,-0.378594373828201,"HM",-0.375035357943211,-0.378594373828201,0.0160493110064022,0.989543124781497,1.00948981425247,0.125802781654823,0.020173771929715,FALSE,"uptake","AICc",TRUE,"convex (accelerating) trace",0.173045287621732,"HM",0.172827359581811,0.173045287621732,0.0943548604643455,0.357860855079286,1.0012609579898,0.717563341209357,0.115103042775556,FALSE,"emission","SE | AICc | Intercept",FALSE,NA,"compost"
"2025-09-30_10A_1",2025-09-30,10,"A",2025-09-30 12:58:50,2025-09-30 13:00:24,2025-09-30 12:58:25,6.35011,318,101.208105263158,25.3097336842105,"2025-09-30_hudsoncarbonfieldfluxes.json",FALSE,2025-09-30,"",1,FALSE,TRUE,"single",NA,7.55085702335514,"HM",7.05377051833672,7.55085702335514,0.10488015142059,0.998499343606042,1.07047103442424,0.46861536166293,0.0770836722719478,FALSE,"emission","",NA,NA,-0.277879600632092,"HM",-0.267803955308611,-0.277879600632092,0.0145317574547907,0.983662777906891,1.03762321326386,0.125802781654823,0.0206936032945395,FALSE,"uptake","AICc",FALSE,NA,0.188129203121876,"HM",0.187017237509734,0.188129203121876,0.113780544652591,0.310133296305587,1.00594579209355,0.717563341209357,0.118056753481577,FALSE,"emission","SE | AICc | Intercept",FALSE,NA,"control"
"2025-09-30_10B_1",2025-09-30,10,"B",2025-09-30 13:02:24,2025-09-30 13:03:59,2025-09-30 13:01:59,5.99236,318,101.19140625,26.0750989583333,"2025-09-30_hudsoncarbonfieldfluxes.json",FALSE,2025-09-30,"",1,FALSE,TRUE,"single",NA,7.60300738193104,"HM",7.12316635904543,7.60300738193104,0.13593403243861,0.997738326267925,1.06736344466759,0.46861536166293,0.0718863794515463,FALSE,"emission","",NA,NA,-0.281639714880796,"HM",-0.277502499465747,-0.281639714880796,0.0141065989990069,0.985144921980317,1.01490875009419,0.125802781654823,0.019298356899797,FALSE,"uptake","AICc",FALSE,NA,0.107514735001963,"HM",0.107509634439921,0.107514735001963,0.105813306087172,0.140139805887631,1.00004744283681,0.717563341209357,0.11010271667932,TRUE,"below detection","SE | AICc | Intercept",FALSE,NA,"control"
"2025-09-30_10C_1",2025-09-30,10,"C",2025-09-30 13:05:38,2025-09-30 13:07:12,2025-09-30 13:05:13,5.98044,318,101.2048,26.4754168421053,"2025-09-30_hudsoncarbonfieldfluxes.json",FALSE,2025-09-30,"",1,FALSE,TRUE,"single",NA,6.22420184568228,"HM",6.16175691302482,6.22420184568228,0.0831148551752745,0.999041184965158,1.01013427396421,0.46861536166293,0.0721856805446864,FALSE,"emission","AICc",NA,NA,-0.242493711502667,"HM",-0.237705520623246,-0.242493711502667,0.0148442824590071,0.978046073304774,1.02014337263546,0.125802781654823,0.0193787061865462,FALSE,"uptake","AICc",FALSE,NA,0.153329317435421,"LM",0.153329317435421,1.07828757589443,0.037796440203,0.141214659249553,7.032494463093,0.717563341209357,0.110567007886525,FALSE,"emission","SE | g-fact. > 2 | Intercept",FALSE,NA,"control"
"2025-09-30_11A_1",2025-09-30,11,"A",2025-09-30 13:10:00,2025-09-30 13:11:34,2025-09-30 13:09:35,6.21894,318,101.191410526316,27.8156684210526,"2025-09-30_hudsoncarbonfieldfluxes.json",FALSE,2025-09-30,"",1,FALSE,TRUE,"single",NA,10.5273920815288,"HM",9.59582323125038,10.5273920815288,0.089661974549213,0.998943340870198,1.09708065976503,0.46861536166293,0.0747019029310686,FALSE,"emission","",NA,NA,-0.334122684356627,"HM",-0.291534636550305,-0.334122684356627,0.0208139868766758,0.974644772630036,1.1460822916627,0.125802781654823,0.020054202129201,FALSE,"uptake","",FALSE,NA,0.186845110338256,"LM",0.186845110338256,0.619273269955462,0.0295295050437842,0.293424584852277,3.31436701144791,0.717563341209357,0.114403848539454,FALSE,"emission","SE | g-fact. > 2 | Intercept (HM)",FALSE,NA,"slurry"
"2025-09-30_11B_1",2025-09-30,11,"B",2025-09-30 13:13:12,2025-09-30 13:14:47,2025-09-30 13:12:47,6.19906,318,101.186645833333,25.8477958333333,"2025-09-30_hudsoncarbonfieldfluxes.json",FALSE,2025-09-30,"",1,FALSE,TRUE,"single",NA,6.88152724616035,"HM",6.72327943851574,6.88152724616035,0.0742936232092175,0.999267106738328,1.02353729442481,0.46861536166293,0.0744452243034821,FALSE,"emission","",NA,NA,-0.253386690438731,"HM",-0.252185806907634,-0.253386690438731,0.0174622220764543,0.972477829548226,1.00476189975091,0.125802781654823,0.0199852951150836,FALSE,"uptake","AICc",TRUE,"convex (accelerating) trace",-0.0312778600453213,"HM",-0.0312749362311645,-0.0312778600453213,0.102408487875648,0.00356550214093965,1.00009348745383,0.717563341209357,0.114028230684729,TRUE,"below detection","SE | AICc | p-value | MDF | Intercept",FALSE,NA,"slurry"
"2025-09-30_11C_1",2025-09-30,11,"C",2025-09-30 13:16:53,2025-09-30 13:18:27,2025-09-30 13:16:28,5.94069,318,101.191978947368,24.1878589473684,"2025-09-30_hudsoncarbonfieldfluxes.json",FALSE,2025-09-30,"",1,FALSE,TRUE,"single",NA,6.51983769447234,"HM",6.19365062819838,6.51983769447234,0.0604967019543722,0.999296035881485,1.05266475070274,0.46861536166293,0.0726023666354361,FALSE,"emission","",NA,NA,-0.184114128120624,"HM",-0.183143395438345,-0.184114128120624,0.0145959906039307,0.964282698463671,1.00530039688276,0.125802781654823,0.0194905682243317,FALSE,"uptake","AICc",TRUE,"convex (accelerating) trace",-0.00233618056245856,"HM",-0.00234040696255218,-0.00233618056245856,0.0747398915439196,-0.0106396959497379,0.99819416017759,0.717563341209357,0.111197676636681,TRUE,"below detection","SE | AICc | p-value | MDF | Intercept",FALSE,NA,"slurry"
"2025-09-30_12A_1",2025-09-30,12,"A",2025-09-30 13:20:37,2025-09-30 13:22:11,2025-09-30 13:20:12,6.33819,318,101.184978947368,25.5360094736842,"2025-09-30_hudsoncarbonfieldfluxes.json",FALSE,2025-09-30,"",1,FALSE,TRUE,"single",NA,7.85955332281942,"HM",7.59470335459516,7.85955332281942,0.0927738756410325,0.999079599682402,1.03487298395454,0.46861536166293,0.0768778596870569,FALSE,"emission","",NA,NA,-0.371649416102351,"HM",-0.369828872251512,-0.371649416102351,0.0215126131159836,0.980709704162444,1.00492266555544,0.125802781654823,0.0206383515938975,FALSE,"uptake","AICc | Intercept",TRUE,"convex (accelerating) trace",0.137651175481896,"HM",0.137555725507148,0.137651175481896,0.105007412443584,0.218772226436548,1.00069390041306,0.717563341209357,0.117750788242011,FALSE,"emission","SE | AICc | Intercept",FALSE,NA,"slurry"
"2025-09-30_12B_1",2025-09-30,12,"B",2025-09-30 13:23:52,2025-09-30 13:25:27,2025-09-30 13:23:27,6.07981,318,101.177052083333,25.5829645833333,"2025-09-30_hudsoncarbonfieldfluxes.json",FALSE,2025-09-30,"",1,FALSE,TRUE,"single",NA,13.7975900679497,"HM",12.9849261343419,13.7975900679497,0.152005032350998,0.998995932567286,1.06258517955358,0.46861536166293,0.0728853556826058,FALSE,"emission","",NA,NA,-0.506180067118887,"HM",-0.50100969520051,-0.506180067118887,0.0159273209571365,0.994200339845559,1.01031990392184,0.125802781654823,0.0195665384383372,FALSE,"uptake","AICc",TRUE,"convex (accelerating) trace",0.144540516689942,"HM",0.14398256068976,0.144540516689942,0.115699886053732,0.199854215266552,1.00387516375254,0.717563341209357,0.111634721650982,FALSE,"emission","SE | AICc | Intercept",FALSE,NA,"slurry"
"2025-09-30_12C_1",2025-09-30,12,"C",2025-09-30 13:27:05,2025-09-30 13:28:40,2025-09-30 13:26:40,5.84131,318,101.175677083333,26.77031875,"2025-09-30_hudsoncarbonfieldfluxes.json",FALSE,2025-09-30,"",1,FALSE,TRUE,"single",NA,7.18024020251188,"HM",7.0630986199221,7.18024020251188,0.073447096038261,0.999360236217358,1.01658501302238,0.46861536166293,0.0696296347776671,FALSE,"emission","AICc",NA,NA,-0.257812551591654,"HM",-0.254475077859265,-0.257812551591654,0.0158299200967503,0.977858730872962,1.01311513001771,0.125802781654823,0.0186925194034519,FALSE,"uptake","AICc",FALSE,NA,0.465956380481769,"HM",0.285353056072669,0.465956380481769,0.153848167076987,0.535332047747211,1.63291182822695,0.717563341209357,0.1066437822571,FALSE,"emission","SE | Intercept",FALSE,NA,"slurry"
"2025-09-30_14A_1",2025-09-30,14,"A",2025-09-30 13:41:38,2025-09-30 13:43:12,2025-09-30 13:41:13,5.98044,318,101.161347368421,26.5194294736842,"2025-09-30_hudsoncarbonfieldfluxes.json",FALSE,2025-09-30,"",1,FALSE,TRUE,"single",NA,8.9249699367641,"HM",8.7927472971923,8.9249699367641,0.0913530822976694,0.999396480401503,1.01503769357889,0.46861536166293,0.0721836385424494,FALSE,"emission","AICc",NA,NA,-0.293782282566905,"HM",-0.291429288176279,-0.293782282566905,0.0150969575221827,0.984687337148733,1.00807398050261,0.125802781654823,0.0193781579980262,FALSE,"uptake","AICc",TRUE,"convex (accelerating) trace",-0.0121647563120229,"HM",-0.0121779834298554,-0.0121647563120229,0.0820395876545949,-0.00960749093603441,0.998913849907197,0.717563341209357,0.110514360344485,TRUE,"below detection","SE | AICc | p-value | MDF | Intercept",TRUE,"convex (accelerating) trace","compost"
"2025-09-30_14B_1",2025-09-30,14,"B",2025-09-30 13:44:56,2025-09-30 13:46:30,2025-09-30 13:44:31,6.31831,318,101.154378947368,25.0970473684211,"2025-09-30_hudsoncarbonfieldfluxes.json",FALSE,2025-09-30,"",1,FALSE,TRUE,"single",NA,15.7248525732805,"HM",15.5154397770945,15.7248525732805,0.116010932089602,0.999721465870997,1.01349705836216,0.46861536166293,0.0767533799238414,FALSE,"emission","AICc",NA,NA,-0.517311137113437,"HM",-0.514173705045564,-0.517311137113437,0.0221397079874098,0.989420599916618,1.00610189132016,0.125802781654823,0.0206049342077992,FALSE,"uptake","AICc",TRUE,"convex (accelerating) trace",0.237221104352591,"HM",0.216802113028497,0.237221104352591,0.125056712639866,0.362660588661285,1.09418262137237,0.717563341209357,0.117552698406629,FALSE,"emission","SE | AICc",FALSE,NA,"compost"
"2025-09-30_14C_1",2025-09-30,14,"C",2025-09-30 13:48:36,2025-09-30 13:50:10,2025-09-30 13:48:11,6.45744,318,101.144557894737,25.6291315789474,"2025-09-30_hudsoncarbonfieldfluxes.json",FALSE,2025-09-30,"",1,FALSE,TRUE,"single",NA,7.75903064779444,"HM",7.68450563061199,7.75903064779444,0.0848844868721843,0.999393386244484,1.00969808869494,0.46861536166293,0.078368536176707,FALSE,"emission","AICc",NA,NA,-0.221151600300506,"HM",-0.220251248218902,-0.221151600300506,0.019996599896917,0.953933923788228,1.0040878409947,0.125802781654823,0.0210385332018583,FALSE,"uptake","AICc",TRUE,"convex (accelerating) trace",0.148703408632522,"HM",0.148636208352576,0.148703408632522,0.123563592012951,0.189294152977572,1.0004521124475,0.717563341209357,0.120029799185072,FALSE,"emission","SE | AICc | Intercept",FALSE,NA,"compost"
"2025-09-30_15A_1",2025-09-30,15,"A",2025-09-30 13:31:08,2025-09-30 13:32:42,2025-09-30 13:30:43,6.00031,318,101.171094736842,26.2622347368421,"2025-09-30_hudsoncarbonfieldfluxes.json",FALSE,2025-09-30,"",1,FALSE,TRUE,"single",NA,7.30445739588993,"HM",7.22865878629182,7.30445739588993,0.106915247723466,0.998858049093306,1.01048584693773,0.46861536166293,0.072683580263451,FALSE,"emission","AICc",NA,NA,-0.281726166322848,"HM",-0.280971239427895,-0.281726166322848,0.020579585340735,0.969570108934301,1.00268684758088,0.125802781654823,0.0195123705405773,FALSE,"uptake","AICc",TRUE,"convex (accelerating) trace",0.101065494733573,"HM",0.101146627757141,0.101065494733573,0.115159288702588,0.106779592911578,0.999197867241184,0.717563341209357,0.111326831981241,TRUE,"below detection","SE | AICc | Intercept",TRUE,"convex (accelerating) trace","control"
"2025-09-30_15B_1",2025-09-30,15,"B",2025-09-30 13:34:21,2025-09-30 13:35:56,2025-09-30 13:33:56,6.33819,318,101.172885416667,27.215940625,"2025-09-30_hudsoncarbonfieldfluxes.json",FALSE,2025-09-30,"",1,FALSE,TRUE,"single",NA,9.00251142472097,"HM",8.79213790018485,9.00251142472097,0.0819997942372176,0.999458665972939,1.02392745961499,0.46861536166293,0.0754404938726947,FALSE,"emission","",NA,NA,-0.379695566476534,"HM",-0.37588159047445,-0.379695566476534,0.0137561503203366,0.992253307552037,1.01014674860046,0.125802781654823,0.020252481576618,FALSE,"uptake","AICc",FALSE,NA,0.0639982916542727,"LM",0.0639982916542727,0.176122062338661,0.0318067001655049,0.0310922501503209,2.7519806823922,0.717563341209357,0.115538377732312,TRUE,"below detection","SE | AICc | g-fact. > 2 | Intercept",FALSE,NA,"control"
"2025-09-30_15C_1",2025-09-30,15,"C",2025-09-30 13:37:38,2025-09-30 13:39:12,2025-09-30 13:37:13,6.23881,318,101.175347368421,26.8413736842105,"2025-09-30_hudsoncarbonfieldfluxes.json",FALSE,2025-09-30,"",1,FALSE,TRUE,"single",NA,12.2926245465383,"HM",11.0603011909057,12.2926245465383,0.158281283057154,0.998209391407591,1.11141860735636,0.46861536166293,0.0752902733155586,FALSE,"emission","",NA,NA,-0.36981083848181,"HM",-0.365030179858377,-0.36981083848181,0.0179427177909281,0.986219834387035,1.01309661197134,0.125802781654823,0.0202121539102726,FALSE,"uptake","AICc",FALSE,NA,0.238441108160877,"HM",0.238409046112084,0.238441108160877,0.127788278332985,0.366234686872862,1.00013448335672,0.717563341209357,0.115322513156456,FALSE,"emission","SE | AICc | Intercept",TRUE,"convex (accelerating) trace","control"
"2025-10-14_1A_1",2025-10-14,1,"A",2025-10-14 11:26:36,2025-10-14 11:28:10,2025-10-14 11:26:11,6.22291,318,101.162526315789,12.9760294736842,"2025-10-14_hudsoncarbonfluxes.json",FALSE,2025-10-14,"",1,FALSE,TRUE,"single",NA,4.54362313553798,"HM",4.50461628231743,4.54362313553798,0.0811738317554056,0.998237276081216,1.00865930653709,0.400996366523587,0.0679236360933542,FALSE,"emission","AICc",NA,NA,-0.226690933210469,"HM",-0.225393231888987,-0.226690933210469,0.0149225574146192,0.975066269783718,1.00575749906333,0.125802781654347,0.0213093760292686,FALSE,"uptake","AICc",TRUE,"convex (accelerating) trace",0.0796640207821255,"HM",0.0796152783638141,0.0796640207821255,0.0851917784642881,0.121043261106935,1.00061222442869,0.68940972703156,0.116809846853701,TRUE,"below detection","SE | AICc | Intercept",FALSE,NA,"slurry"
"2025-10-14_1B_1",2025-10-14,1,"B",2025-10-14 11:32:14,2025-10-14 11:33:48,2025-10-14 11:31:49,6.22291,318,101.158136842105,12.4668242105263,"2025-10-14_hudsoncarbonfluxes.json",FALSE,2025-10-14,"",1,FALSE,TRUE,"single",NA,3.99889246427286,"HM",3.84496489630653,3.99889246427286,0.0471163278549508,0.999053565925711,1.04003354311874,0.400996366523587,0.0680602420128427,FALSE,"emission","",NA,NA,-0.135788391089149,"HM",-0.133806834895945,-0.135788391089149,0.0174302129979952,0.910282692437344,1.01480908052825,0.125802781654347,0.0213522327883238,FALSE,"uptake","AICc | Intercept",FALSE,NA,0.0880055925148665,"HM",0.0459851885030993,0.0880055925148665,0.162737461021395,0.0224292477120652,1.91378127130946,0.68940972703156,0.117037932804006,TRUE,"below detection","SE | AICc | p-value | Intercept",FALSE,NA,"slurry"
"2025-10-14_1C_1",2025-10-14,1,"C",2025-10-14 11:35:51,2025-10-14 11:37:25,2025-10-14 11:35:26,6.00031,318,101.172557894737,12.7857389473684,"2025-10-14_hudsoncarbonfluxes.json",FALSE,2025-10-14,"",1,FALSE,TRUE,"single",NA,4.18917306854845,"HM",4.12585161018724,4.18917306854845,0.0534396870703973,0.999044234155961,1.01534748806885,0.400996366523587,0.0655324288832977,FALSE,"emission","AICc",NA,NA,-0.212857222779926,"HM",-0.19303949484422,-0.212857222779926,0.014655285729813,0.970678307708818,1.10266151987032,0.125802781654347,0.0205591933751339,FALSE,"uptake","AICc | Intercept",FALSE,NA,-0.0418723636774702,"HM",-0.0418579369230397,-0.0418723636774702,0.0286995805072179,0.0176267997745837,1.00034465994961,0.68940972703156,0.112686568051626,TRUE,"below detection","AICc | p-value | Intercept",FALSE,NA,"slurry"
"2025-10-14_2A_2_1",2025-10-14,2,"A",2025-10-14 11:45:06,2025-10-14 11:46:40,2025-10-14 11:44:41,6.18316,318,101.189378947368,12.7288536842105,"2025-10-14_hudsoncarbonfluxes.json",FALSE,2025-10-14,"",1,FALSE,TRUE,"single",NA,3.53948606251792,"HM",3.23982699810211,3.53948606251792,0.0856763181485497,0.995859854230287,1.09249230424691,0.400996366523587,0.0675509089621702,FALSE,"emission","",NA,NA,-0.160355052463762,"HM",-0.158599435964209,-0.160355052463762,0.0167655016005352,0.938947543233339,1.01106950027206,0.125802781654347,0.0211924420273286,FALSE,"uptake","AICc | Intercept",FALSE,NA,0.0270736901470917,"HM",0.0270114469802344,0.0270736901470917,0.0788420685971573,0.00916973601186921,1.0023043255292,0.68940972703156,0.116157255400583,TRUE,"below detection","SE | AICc | p-value | MDF | Intercept",FALSE,NA,"control"
"2025-10-14_2B_2_1",2025-10-14,2,"B",2025-10-14 11:48:56,2025-10-14 11:50:31,2025-10-14 11:48:31,6.07186,318,101.192104166667,12.5553520833333,"2025-10-14_hudsoncarbonfluxes.json",FALSE,2025-10-14,"",1,FALSE,TRUE,"single",NA,4.1469048643019,"HM",4.08154708867304,4.1469048643019,0.0503223104610268,0.999116016638984,1.0160129907138,0.400996366523587,0.0656955712751464,FALSE,"emission","AICc",NA,NA,-0.252457953130827,"HM",-0.250304567223235,-0.252457953130827,0.0172574579917817,0.972772516232711,1.00860306278659,0.125802781654347,0.0206103753019883,FALSE,"uptake","AICc | Intercept",FALSE,NA,0.0343962562977899,"HM",0.0344181313257193,0.0343962562977899,0.112465732330572,0.00443742306202122,0.999364433015775,0.68940972703156,0.112968105039818,TRUE,"below detection","SE | AICc | p-value | Intercept",FALSE,NA,"control"
"2025-10-14_2C_1",2025-10-14,2,"C",2025-10-14 11:52:47,2025-10-14 11:54:21,2025-10-14 11:52:22,6.23086,318,101.181873684211,12.7314978947368,"2025-10-14_hudsoncarbonfluxes.json",FALSE,2025-10-14,"",1,FALSE,TRUE,"single",NA,5.70617023490738,"HM",5.42563763024074,5.70617023490738,0.044533408598384,0.999452000157933,1.0517050020265,0.400996366523587,0.0680563460759902,FALSE,"emission","",NA,NA,-0.186422136301406,"HM",-0.183491965376856,-0.186422136301406,0.0155127727834178,0.960287478373484,1.01596893312757,0.125802781654347,0.021351010533625,FALSE,"uptake","AICc",FALSE,NA,0.0380183825264908,"HM",0.0249605212355681,0.0380183825264908,0.109416845499452,0.00397006953134849,1.52314056936902,0.68940972703156,0.11702232430765,TRUE,"below detection","SE | AICc | p-value",FALSE,NA,"control"
"2025-10-14_3A_1",2025-10-14,3,"A",2025-10-14 11:56:50,2025-10-14 11:58:24,2025-10-14 11:56:25,6.12751,318,101.188336842105,13.3390557894737,"2025-10-14_hudsoncarbonfluxes.json",FALSE,2025-10-14,"",1,FALSE,TRUE,"single",NA,5.40424725707536,"HM",4.89952144527304,5.40424725707536,0.0661187844773727,0.998404133635349,1.10301532862751,0.400996366523587,0.0667697149422442,FALSE,"emission","",NA,NA,-0.180690173273942,"HM",-0.161651374465026,-0.180690173273942,0.0150472059770376,0.95755472537415,1.1177769064564,0.125802781654347,0.0209473615504893,FALSE,"uptake","AICc",FALSE,NA,0.0177397409314994,"HM",0.01772606626096,0.0177397409314994,0.088963766018138,-0.00402935301411578,1.00077144417369,0.68940972703156,0.114807480864754,TRUE,"below detection","SE | AICc | p-value | MDF",FALSE,NA,"compost"
"2025-10-14_3B_2_1",2025-10-14,3,"B",2025-10-14 12:01:07,2025-10-14 12:02:41,2025-10-14 12:00:42,5.97646,318,101.189494736842,13.0588147368421,"2025-10-14_hudsoncarbonfluxes.json",FALSE,2025-10-14,"",1,FALSE,TRUE,"single",NA,4.84106873372386,"HM",4.77002260048948,4.84106873372386,0.0526457999910298,0.99932305488558,1.01489429698448,0.400996366523587,0.0651999416568854,FALSE,"emission","AICc",NA,NA,-0.143493347690194,"HM",-0.142223460329423,-0.143493347690194,0.0143845628383456,0.943706589586625,1.00892881777612,0.125802781654347,0.0204548836570438,FALSE,"uptake","AICc",FALSE,NA,-0.0189279520700416,"HM",-0.0189301166521521,-0.0189279520700416,0.0351977589087222,-0.00242776118684662,0.999885654053264,0.68940972703156,0.112110493913414,TRUE,"below detection","AICc | p-value | MDF | Intercept",FALSE,NA,"compost"
"2025-10-14_3C_1",2025-10-14,3,"C",2025-10-14 12:04:22,2025-10-14 12:05:56,2025-10-14 12:03:57,6.35011,318,101.185957894737,12.9454842105263,"2025-10-14_hudsoncarbonfluxes.json",FALSE,2025-10-14,"",1,FALSE,TRUE,"single",NA,4.40579147746665,"HM",4.26133159007308,4.40579147746665,0.0516771020656707,0.999093386238628,1.03390017517766,0.400996366523587,0.069299066971605,FALSE,"emission","",NA,NA,-0.184578609544858,"HM",-0.183179602180962,-0.184578609544858,0.0157234128157417,0.958762719545385,1.00763735343477,0.125802781654347,0.0217408837557782,FALSE,"uptake","AICc",FALSE,NA,-0.0262939635416737,"HM",-0.0262793216341902,-0.0262939635416737,0.0831951620646768,0.00598873842397762,1.00055716459075,0.68940972703156,0.119164717267356,TRUE,"below detection","SE | AICc | p-value | MDF | Intercept",FALSE,NA,"compost"
"2025-10-15_4A_1",2025-10-15,4,"A",2025-10-15 10:32:50,2025-10-15 10:34:25,2025-10-15 10:32:25,6.16726,318,100.736864583333,14.1877135416667,"2025-10-15_hudsoncarbonfieldfluxes.json",FALSE,2025-10-14,"",1,FALSE,TRUE,"single",NA,4.81177242037423,"HM",4.55455258455348,4.81177242037423,0.0646942951609895,0.998680283924748,1.05647532464398,0.38789191010123,0.0638619391376896,FALSE,"emission","",NA,NA,-0.261387709557132,"HM",-0.257482655092146,-0.261387709557132,0.0144677153495786,0.981865364282604,1.01516628164172,0.125802781654347,0.0207119802608548,FALSE,"uptake","AICc",FALSE,NA,0.0432653073726875,"HM",0.0430395623935375,0.0432653073726875,0.0849609469183544,0.0316067049596866,1.0052450574912,0.712719934115613,0.117367616937239,TRUE,"below detection","SE | AICc",FALSE,NA,"compost"
"2025-10-15_4B_1",2025-10-15,4,"B",2025-10-15 10:36:05,2025-10-15 10:37:40,2025-10-15 10:35:40,6.17521,318,100.73109375,13.2384854166667,"2025-10-15_hudsoncarbonfieldfluxes.json",FALSE,2025-10-14,"",1,FALSE,TRUE,"single",NA,4.42199110196011,"HM",4.32210167431107,4.42199110196011,0.051938676655231,0.999135922343442,1.02311130907511,0.38789191010123,0.0641777123737218,FALSE,"emission","",NA,NA,-0.351856369298294,"HM",-0.320422545891542,-0.351856369298294,0.015902350741505,0.986721970624696,1.09810115988964,0.125802781654347,0.0208143932022706,FALSE,"uptake","",FALSE,NA,0.0828130347436123,"HM",0.0432828476963043,0.0828130347436123,0.107356778053739,0.0519111241470172,1.91329912774393,0.712719934115613,0.117949735406329,TRUE,"below detection","SE | AICc | Intercept",FALSE,NA,"compost"
"2025-10-15_4C_1",2025-10-15,4,"C",2025-10-15 10:39:23,2025-10-15 10:40:58,2025-10-15 10:38:58,6.09571,318,100.731447916667,12.9615427083333,"2025-10-15_hudsoncarbonfieldfluxes.json",FALSE,2025-10-14,"",1,FALSE,TRUE,"single",NA,3.99102789981542,"HM",3.93431527897069,3.99102789981542,0.0445057060539324,0.999331189558494,1.01441486429618,0.38789191010123,0.0634263874237913,FALSE,"emission","AICc",NA,NA,-0.220083438400814,"HM",-0.201529506860111,-0.220083438400814,0.015957950786321,0.967627585229503,1.09206558299962,0.125802781654347,0.0205707202455366,FALSE,"uptake","AICc",FALSE,NA,0.0045173040127649,"HM",0.00409252317041903,0.0045173040127649,0.0715027673515478,-0.0100278066384998,1.10379436466388,0.712719934115613,0.116567336331584,TRUE,"below detection","SE | AICc | p-value | MDF | Intercept",FALSE,NA,"compost"
"2025-10-14_5A_1",2025-10-14,5,"A",2025-10-14 12:19:05,2025-10-14 12:20:39,2025-10-14 12:18:40,6.03211,318,101.168126315789,13.0894715789474,"2025-10-14_hudsoncarbonfluxes.json",FALSE,2025-10-14,"",1,FALSE,TRUE,"single",NA,5.04901102158075,"HM",4.90153704289294,5.04901102158075,0.0408368364738157,0.999545786779448,1.03008729249566,0.400996366523587,0.0657745550921793,FALSE,"emission","",NA,NA,-0.335314867382794,"HM",-0.331324632881757,-0.335314867382794,0.0157577538362328,0.98709690665954,1.01204327751405,0.125802781654347,0.0206351545387045,FALSE,"uptake","AICc",FALSE,NA,0.0477708124097719,"LM",0.0477708124097719,0.0974752962524871,0.0195871798520614,0.0500074430501084,2.0404780939532,0.68940972703156,0.113107062691765,TRUE,"below detection","SE | AICc | g-fact. > 2 | Intercept",FALSE,NA,"control"
"2025-10-14_5B_1",2025-10-14,5,"B",2025-10-14 12:22:20,2025-10-14 12:23:54,2025-10-14 12:21:55,6.18316,318,101.157494736842,13.1824294736842,"2025-10-14_hudsoncarbonfluxes.json",FALSE,2025-10-14,"",1,FALSE,TRUE,"single",NA,4.14762784042461,"HM",4.09630696807133,4.14762784042461,0.0656705239629338,0.998607493983341,1.01252857091846,0.400996366523587,0.067374577599553,FALSE,"emission","AICc",NA,NA,-0.348701152640654,"HM",-0.343387929154252,-0.348701152640654,0.0182775602630651,0.983896366339038,1.0154729477518,0.125802781654347,0.0211371223841546,FALSE,"uptake","AICc",FALSE,NA,0.0735414315127873,"LM",0.0735414315127873,0.200148442415013,0.0181168401785342,0.141378449533485,2.72157392503587,0.68940972703156,0.115865623413035,TRUE,"below detection","SE | g-fact. > 2 | Intercept",FALSE,NA,"control"
"2025-10-14_5C_1",2025-10-14,5,"C",2025-10-14 12:25:37,2025-10-14 12:27:11,2025-10-14 12:25:12,6.31036,318,101.146136842105,13.4302115789474,"2025-10-14_hudsoncarbonfluxes.json",FALSE,2025-10-14,"",1,FALSE,TRUE,"single",NA,4.60721813650307,"HM",4.45140292375663,4.60721813650307,0.0729159415708178,0.998408038384188,1.03500361917697,0.400996366523587,0.0686734825735874,FALSE,"emission","",NA,NA,-0.280887630104504,"HM",-0.258981886530471,-0.280887630104504,0.0153781812305852,0.981350723879635,1.08458407600431,0.125802781654347,0.0215446219838514,FALSE,"uptake","",FALSE,NA,0.0608937300245041,"HM",0.0609120139682751,0.0608937300245041,0.0842654318963035,0.0719350953965441,0.999699830253839,0.68940972703156,0.118099379839865,TRUE,"below detection","SE | AICc | Intercept",TRUE,"convex (accelerating) trace","control"
"2025-10-14_6A_1",2025-10-14,6,"A",2025-10-14 12:08:00,2025-10-14 12:09:35,2025-10-14 12:07:35,5.96851,318,101.193260416667,13.169746875,"2025-10-14_hudsoncarbonfluxes.json",FALSE,2025-10-14,"",1,FALSE,TRUE,"single",NA,3.00330812385574,"HM",2.97030132884537,3.00330812385574,0.0488187740666012,0.998507563053834,1.01111227156984,0.400996366523587,0.0644071423689696,FALSE,"emission","AICc",NA,NA,-0.192062470003281,"HM",-0.184771012469393,-0.192062470003281,0.0149588404252232,0.964156738571588,1.0394621290236,0.125802781654347,0.0202061623118156,FALSE,"uptake","AICc",FALSE,NA,0.102981473512915,"HM",0.0710608176477704,0.102981473512915,0.0944859154935813,0.132764817082979,1.44920192198416,0.68940972703156,0.110746408317738,TRUE,"below detection","SE | AICc | Intercept",FALSE,NA,"slurry"
"2025-10-14_6B_1",2025-10-14,6,"B",2025-10-14 12:11:31,2025-10-14 12:13:05,2025-10-14 12:11:06,6.43756,318,101.195263157895,12.7481210526316,"2025-10-14_hudsoncarbonfluxes.json",FALSE,2025-10-14,"",1,FALSE,TRUE,"single",NA,4.15623593918019,"HM",4.10104858492944,4.15623593918019,0.0670529663005324,0.998536805269357,1.01345688867319,0.400996366523587,0.0703292959306385,FALSE,"emission","AICc",NA,NA,-0.138549458302496,"HM",-0.137130212893884,-0.138549458302496,0.0175006020812509,0.913201333009742,1.0103496186483,0.125802781654347,0.022064092840965,FALSE,"uptake","AICc",FALSE,NA,0.0184248240401636,"HM",0.018425322380598,0.0184248240401636,0.0790260979820722,-0.00187305269172167,0.999972953502569,0.68940972703156,0.120932096329696,TRUE,"below detection","SE | AICc | p-value | MDF | Intercept",FALSE,NA,"slurry"
"2025-10-14_6C_1",2025-10-14,6,"C",2025-10-14 12:14:57,2025-10-14 12:16:31,2025-10-14 12:14:32,6.36601,318,101.178063157895,12.7601905263158,"2025-10-14_hudsoncarbonfluxes.json",FALSE,2025-10-14,"",1,FALSE,TRUE,"single",NA,5.14798690700716,"HM",5.07452598138465,5.14798690700716,0.0931335404587018,0.998090636463454,1.01447641137162,0.400996366523587,0.069516111107483,FALSE,"emission","AICc",NA,NA,-0.224877721314757,"HM",-0.223505160692739,-0.224877721314757,0.0164740849392644,0.96927729593656,1.00614106903735,0.125802781654347,0.0218089760337007,FALSE,"uptake","AICc | Intercept",TRUE,"convex (accelerating) trace",-0.199086289168643,"HM",-0.198796480514755,-0.199086289168643,0.11008653504436,0.218532914570235,1.00145781581816,0.68940972703156,0.119554181883984,FALSE,"uptake","SE | AICc | Intercept",TRUE,"convex (accelerating) trace","slurry"
"2025-10-15_7A_1",2025-10-15,7,"A",2025-10-15 10:43:05,2025-10-15 10:44:39,2025-10-15 10:42:40,6.16726,318,100.721378947368,12.9825157894737,"2025-10-15_hudsoncarbonfieldfluxes.json",FALSE,2025-10-14,"",1,FALSE,TRUE,"single",NA,4.96345284685526,"HM",4.80670525408834,4.96345284685526,0.0493048325937913,0.999334679087398,1.03261019440158,0.38789191010123,0.0648200058155692,FALSE,"emission","",NA,NA,-0.227431460139387,"HM",-0.223731806214828,-0.227431460139387,0.0154629456648846,0.973111333541359,1.01653611074416,0.125802781654347,0.0210227045888155,FALSE,"uptake","AICc",FALSE,NA,0.18439602779458,"LM",0.18439602779458,0.99233767440683,0.0589506133416153,0.0854627915830835,5.38155667600556,0.712719934115613,0.119132658593711,FALSE,"emission","SE | g-fact. > 2 | Intercept (HM)",FALSE,NA,"control"
"2025-10-15_7B_1",2025-10-15,7,"B",2025-10-15 10:46:23,2025-10-15 10:47:58,2025-10-15 10:45:58,6.32626,318,100.7160625,12.7836854166667,"2025-10-15_hudsoncarbonfieldfluxes.json",FALSE,2025-10-14,"",1,FALSE,TRUE,"single",NA,4.92349444966487,"HM",4.79671651611979,4.92349444966487,0.0513699730136163,0.99929291421476,1.02643014927379,0.38789191010123,0.0658448443782014,FALSE,"emission","",NA,NA,-0.273200353173977,"HM",-0.266129916906807,-0.273200353173977,0.0182107770943343,0.973707812477989,1.02656761159868,0.125802781654347,0.0213550846631824,FALSE,"uptake","AICc",FALSE,NA,0.212745552972176,"HM",0.17713336801976,0.212745552972176,0.0962802289422956,0.42196418720814,1.20104729758452,0.712719934115613,0.121010845313407,FALSE,"emission","SE | AICc | Intercept",FALSE,NA,"control"
"2025-10-15_7C_1",2025-10-15,7,"C",2025-10-15 10:49:37,2025-10-15 10:51:12,2025-10-15 10:49:12,6.22291,318,100.720052083333,12.7794010416667,"2025-10-15_hudsoncarbonfieldfluxes.json",FALSE,2025-10-14,"",1,FALSE,TRUE,"single",NA,4.66504734221326,"HM",4.61277215940869,4.66504734221326,0.0536924188389612,0.999290170986935,1.01133270428238,0.38789191010123,0.0647685455883677,FALSE,"emission","AICc",NA,NA,-0.186804730785904,"HM",-0.185331575278075,-0.186804730785904,0.0165537334472162,0.955048212894832,1.00794875619882,0.125802781654347,0.0210060147853988,FALSE,"uptake","AICc",FALSE,NA,0.106485736720287,"HM",0.102921157214588,0.106485736720287,0.0739847029126191,0.247813416943546,1.03463407915505,0.712719934115613,0.119028455259488,TRUE,"below detection","SE | AICc | Intercept",FALSE,NA,"control"
"2025-10-15_8A_1",2025-10-15,8,"A",2025-10-15 10:53:38,2025-10-15 10:55:13,2025-10-15 10:53:13,6.22291,318,100.722885416667,12.55858125,"2025-10-15_hudsoncarbonfieldfluxes.json",FALSE,2025-10-14,"",1,FALSE,TRUE,"single",NA,3.90359750545661,"HM",3.79964655707075,3.90359750545661,0.0459554525693573,0.999108521027947,1.02735805734152,0.38789191010123,0.0648252706247859,FALSE,"emission","",NA,NA,-0.285250965528393,"HM",-0.283173974688665,-0.285250965528393,0.0136228560677495,0.986663589528518,1.00733468123973,0.125802781654347,0.0210244120945074,FALSE,"uptake","AICc",TRUE,"convex (accelerating) trace",-0.00219986977213063,"HM",-0.00220109812201894,-0.00219986977213063,0.0673493742860463,-0.0104735200965669,0.999441937696453,0.712719934115613,0.119136755368507,TRUE,"below detection","SE | AICc | p-value | MDF | Intercept",FALSE,NA,"compost"
"2025-10-15_8B_1",2025-10-15,8,"B",2025-10-15 10:57:16,2025-10-15 10:58:51,2025-10-15 10:56:51,6.99406,318,100.72315625,12.51223125,"2025-10-15_hudsoncarbonfieldfluxes.json",FALSE,2025-10-14,"",1,FALSE,TRUE,"single",NA,4.89281585753017,"HM",4.86067717842242,4.89281585753017,0.126636189794905,0.996162482591994,1.00661197564208,0.38789191010123,0.0728786709822964,FALSE,"emission","AICc",NA,NA,-0.344466554642615,"HM",-0.342718163359323,-0.344466554642615,0.0189903264763326,0.982313924274604,1.00510154252157,0.125802781654347,0.023636325723968,FALSE,"uptake","AICc",TRUE,"convex (accelerating) trace",0.0430009042272262,"HM",0.0430077862882003,0.0430009042272262,0.0933295837640957,0.0247687109740742,0.999839981046037,0.712719934115613,0.133934938654092,TRUE,"below detection","SE | AICc | p-value | Intercept",FALSE,NA,"compost"
"2025-10-15_8C_1",2025-10-15,8,"C",2025-10-15 11:00:30,2025-10-15 11:02:05,2025-10-15 11:00:05,6.27856,318,100.72396875,12.32131875,"2025-10-15_hudsoncarbonfieldfluxes.json",FALSE,2025-10-14,"",1,FALSE,TRUE,"single",NA,5.20154329471901,"HM",5.09992232299725,5.20154329471901,0.0480016361743988,0.999459212693506,1.01992598421813,0.38789191010123,0.0654741785808115,FALSE,"emission","",NA,NA,-0.38353525514592,"HM",-0.379493555382184,-0.38353525514592,0.0129512990641189,0.993293743217281,1.01065024611463,0.125802781654347,0.0212348687288939,FALSE,"uptake","AICc",TRUE,"convex (accelerating) trace",0.0406458982351585,"HM",0.0406599314693012,0.0406458982351585,0.084487364393913,0.0278199748404864,0.999654863310497,0.712719934115613,0.120325310764962,TRUE,"below detection","SE | AICc | p-value | Intercept",FALSE,NA,"compost"
"2025-10-15_9A_1",2025-10-15,9,"A",2025-10-15 11:03:59,2025-10-15 11:05:34,2025-10-15 11:03:34,6.19111,318,100.735385416667,12.4991010416667,"2025-10-15_hudsoncarbonfieldfluxes.json",FALSE,2025-10-14,"",1,FALSE,TRUE,"single",NA,5.5976663528333,"HM",5.01797107995716,5.5976663528333,0.0554696399097346,0.998542453039246,1.11552383695306,0.38789191010123,0.0645225868977499,FALSE,"emission","",NA,NA,-0.280733614168745,"HM",-0.260911091887882,-0.280733614168745,0.0125102329974585,0.987435723738145,1.07597424140703,0.125802781654347,0.0209262443992525,FALSE,"uptake","",FALSE,NA,0.102617930158903,"HM",0.0762539853636336,0.102617930158903,0.0927006557407579,0.141931842025797,1.34573858231208,0.712719934115613,0.118580875264683,TRUE,"below detection","SE | AICc | Intercept",FALSE,NA,"compost"
"2025-10-15_9B_1",2025-10-15,9,"B",2025-10-15 11:07:12,2025-10-15 11:08:47,2025-10-15 11:06:47,6.23086,318,100.737354166667,12.30098125,"2025-10-15_hudsoncarbonfieldfluxes.json",FALSE,2025-10-14,"",1,FALSE,TRUE,"single",NA,5.04446476237789,"HM",4.07616510490967,5.04446476237789,0.0950400820528679,0.994415601653706,1.2375516281963,0.38789191010123,0.0649906498983478,FALSE,"emission","",NA,NA,-0.210330892125683,"HM",-0.202087540819946,-0.210330892125683,0.0175476642765734,0.959067520297893,1.04079099222194,0.125802781654347,0.0210780486156626,FALSE,"uptake","AICc",FALSE,NA,0.0961316160491204,"HM",0.0953684647409523,0.0961316160491204,0.0804303566872246,0.185156768413016,1.00800213477527,0.712719934115613,0.119431382248621,TRUE,"below detection","SE | AICc | Intercept",FALSE,NA,"compost"
"2025-10-15_9C_1",2025-10-15,9,"C",2025-10-15 11:10:33,2025-10-15 11:12:08,2025-10-15 11:10:08,6.15931,318,100.740666666667,12.138646875,"2025-10-15_hudsoncarbonfieldfluxes.json",FALSE,2025-10-14,"",1,FALSE,TRUE,"single",NA,4.04377996098054,"HM",3.99764415306626,4.04377996098054,0.0534746992104829,0.999021546515336,1.01154074903813,0.38789191010123,0.0643043053229965,FALSE,"emission","AICc",NA,NA,-0.23172383166745,"HM",-0.228668319058176,-0.23172383166745,0.0153726187130063,0.974207825143186,1.01336220348257,0.125802781654347,0.0208554503750083,FALSE,"uptake","AICc",FALSE,NA,-0.0730338084918735,"HM",-0.0410684906160295,-0.0730338084918735,0.118854154019509,0.0344675398711556,1.77834167743597,0.712719934115613,0.118165578390347,TRUE,"below detection","SE | AICc | Intercept",FALSE,NA,"compost"
"2025-10-15_10A_1",2025-10-15,10,"A",2025-10-15 11:56:01,2025-10-15 11:57:36,2025-10-15 11:55:36,6.35011,318,100.72946875,12.3771697916667,"2025-10-15_hudsoncarbonfieldfluxes.json",FALSE,2025-10-14,"",1,FALSE,TRUE,"single",NA,3.99226964144575,"HM",3.91685632267372,3.99226964144575,0.0490012670790413,0.999080268300638,1.0192535320572,0.38789191010123,0.0662383037815099,FALSE,"emission","AICc",NA,NA,-0.163042064122313,"HM",-0.161901599298369,-0.163042064122313,0.0157407154747633,0.947134949937564,1.00704418504132,0.125802781654347,0.0214826931183094,FALSE,"uptake","AICc",FALSE,NA,0.0989163963480088,"HM",0.0987385210701965,0.0989163963480088,0.0845317227378147,0.179228517538003,1.00180147804407,0.712719934115613,0.121725733577498,TRUE,"below detection","SE | AICc | Intercept",FALSE,NA,"control"
"2025-10-15_10B_1",2025-10-15,10,"B",2025-10-15 11:59:15,2025-10-15 12:00:50,2025-10-15 11:58:50,6.00031,318,100.72053125,12.3444479166667,"2025-10-15_hudsoncarbonfieldfluxes.json",FALSE,2025-10-14,"",1,FALSE,TRUE,"single",NA,3.49740137754611,"HM",3.45232446973179,3.49740137754611,0.0448057537414198,0.999060881824321,1.01305697312334,0.38789191010123,0.0625772626983793,FALSE,"emission","AICc",NA,NA,-0.19825683982117,"HM",-0.196740292209201,-0.19825683982117,0.0165283207486641,0.960083475058292,1.00770837328205,0.125802781654347,0.0202953284427005,FALSE,"uptake","AICc",FALSE,NA,-0.0194936771285436,"HM",-0.0130326044915708,-0.0194936771285436,0.0989569078683646,-0.00672328169411873,1.49576219712273,0.712719934115613,0.11499988613719,TRUE,"below detection","SE | AICc | p-value | MDF | Intercept",FALSE,NA,"control"
"2025-10-15_10C_1",2025-10-15,10,"C",2025-10-15 12:02:26,2025-10-15 12:04:01,2025-10-15 12:02:01,5.98044,318,100.725333333333,12.5357489583333,"2025-10-15_hudsoncarbonfieldfluxes.json",FALSE,2025-10-14,"",1,FALSE,TRUE,"single",NA,3.36827423920234,"HM",3.25771268942394,3.36827423920234,0.0437482163102092,0.998896252125041,1.03393839798621,0.38789191010123,0.0623190497961999,FALSE,"emission","",NA,NA,-0.156016803355861,"HM",-0.154898336883602,-0.156016803355861,0.0164298959701945,0.937367157305791,1.00722064868327,0.125802781654347,0.0202115837176694,FALSE,"uptake","AICc",FALSE,NA,0.0418231641236939,"LM",0.0418231641236939,0.0883360420113582,0.0205428776587525,0.0320431719803477,2.1121319695014,0.712719934115613,0.114523351425614,TRUE,"below detection","SE | AICc | g-fact. > 2 | Intercept",FALSE,NA,"control"
"2025-10-15_11A_1",2025-10-15,11,"A",2025-10-15 11:46:03,2025-10-15 11:47:38,2025-10-15 11:45:38,6.21894,318,100.727927083333,12.9056791666667,"2025-10-15_hudsoncarbonfieldfluxes.json",FALSE,2025-10-14,"",1,FALSE,TRUE,"single",NA,5.37189528260992,"HM",4.9255901731211,5.37189528260992,0.0603844823032886,0.99868538685148,1.0906094688763,0.38789191010123,0.0646940681696394,FALSE,"emission","",NA,NA,-0.0802021836337349,"HM",-0.0678808511318148,-0.0802021836337349,0.0175472039078269,0.760330043471607,1.18151411328055,0.125802781654347,0.0209818599468924,FALSE,"uptake","AICc | Intercept",FALSE,NA,0.202467020008722,"HM",0.17180699093746,0.202467020008722,0.0944933128808694,0.409619566173865,1.17845623687352,0.712719934115613,0.118896914082652,FALSE,"emission","SE | AICc",FALSE,NA,"slurry"
"2025-10-15_11B_1",2025-10-15,11,"B",2025-10-15 11:49:16,2025-10-15 11:50:51,2025-10-15 11:48:51,6.19906,318,100.741260416667,12.4240166666667,"2025-10-15_hudsoncarbonfieldfluxes.json",FALSE,2025-10-14,"",1,FALSE,TRUE,"single",NA,3.70680869071875,"HM",3.64904395309424,3.70680869071875,0.0461326273847511,0.99907486550393,1.01583010190259,0.38789191010123,0.0646547157587632,FALSE,"emission","AICc",NA,NA,-0.147009865709173,"HM",-0.145546572085664,-0.147009865709173,0.0155813692909551,0.936801938041348,1.01005378280326,0.125802781654347,0.0209690970028244,FALSE,"uptake","AICc",FALSE,NA,0.00711238751470383,"HM",0.00711968805985526,0.00711238751470383,0.0529049948681821,-0.00933795515031433,0.998974597610169,0.712719934115613,0.118804173870974,TRUE,"below detection","SE | AICc | p-value | MDF | Intercept",FALSE,NA,"slurry"
"2025-10-15_11C_1",2025-10-15,11,"C",2025-10-15 11:52:32,2025-10-15 11:54:07,2025-10-15 11:52:07,5.94069,318,100.743041666667,12.3976864583333,"2025-10-15_hudsoncarbonfieldfluxes.json",FALSE,2025-10-14,"",1,FALSE,TRUE,"single",NA,3.0029799770336,"HM",2.81740156379148,3.0029799770336,0.0534224052819111,0.99777179796018,1.06586864138472,0.38789191010123,0.061990367586021,FALSE,"emission","",NA,NA,-0.088837076299131,"HM",-0.0868723531597594,-0.088837076299131,0.0165074672854768,0.826698989026351,1.02261620720413,0.125802781654347,0.0201049840819358,FALSE,"uptake","AICc",FALSE,NA,0.00655016692736513,"HM",0.00534746422807553,0.00655016692736513,0.127886305035415,-0.0103024383006736,1.22491084521428,0.712719934115613,0.113911060461971,TRUE,"below detection","SE | AICc | p-value | MDF",FALSE,NA,"slurry"
"2025-10-15_12A_1",2025-10-15,12,"A",2025-10-15 11:14:39,2025-10-15 11:16:14,2025-10-15 11:14:14,6.33819,318,100.735,12.30946875,"2025-10-15_hudsoncarbonfieldfluxes.json",FALSE,2025-10-14,"",1,FALSE,TRUE,"single",NA,4.21561488591621,"HM",4.14576164407269,4.21561488591621,0.0551248450345994,0.998952867109437,1.0168493145146,0.38789191010123,0.0661291030453864,FALSE,"emission","AICc",NA,NA,-0.249241172453747,"HM",-0.233285554908526,-0.249241172453747,0.0151901535033063,0.977215322438922,1.06839522297674,0.125802781654347,0.0214472766633504,FALSE,"uptake","AICc",FALSE,NA,0.134514523299141,"HM",0.134311157551209,0.134514523299141,0.0827273179801104,0.301701666667107,1.00151413889687,0.712719934115613,0.121522986268145,FALSE,"emission","SE | AICc | Intercept",FALSE,NA,"slurry"
"2025-10-15_12B_1",2025-10-15,12,"B",2025-10-15 11:17:55,2025-10-15 11:19:29,2025-10-15 11:17:30,6.07981,318,100.7368,12.1361894736842,"2025-10-15_hudsoncarbonfieldfluxes.json",FALSE,2025-10-14,"",1,FALSE,TRUE,"single",NA,6.47653163090748,"HM",6.30842676397263,6.47653163090748,0.0801783670995787,0.999032595858248,1.02664766878089,0.38789191010123,0.0641316366216888,FALSE,"emission","",NA,NA,-0.298744819146101,"HM",-0.277012536560395,-0.298744819146101,0.0155962063617201,0.983098447182959,1.07845234318833,0.125802781654347,0.0207994497151248,FALSE,"uptake","",FALSE,NA,-0.0316846732673575,"HM",-0.0224573250235926,-0.0316846732673575,0.109365139919775,0.000791665633770422,1.41088367532959,0.712719934115613,0.117857315195917,TRUE,"below detection","SE | AICc | p-value | MDF | Intercept",FALSE,NA,"slurry"
"2025-10-15_12C_1",2025-10-15,12,"C",2025-10-15 11:21:06,2025-10-15 11:22:41,2025-10-15 11:20:41,5.84131,318,100.73015625,12.1598072916667,"2025-10-15_hudsoncarbonfieldfluxes.json",FALSE,2025-10-14,"",1,FALSE,TRUE,"single",NA,3.69627653266606,"HM",3.61211601398522,3.69627653266606,0.0435580018473752,0.999131742603338,1.02329950598347,0.38789191010123,0.0609615885993507,FALSE,"emission","",NA,NA,-0.17515534875837,"HM",-0.152832132110549,-0.17515534875837,0.0146916139292852,0.955605367423623,1.14606363426032,0.125802781654347,0.0197713260322051,FALSE,"uptake","",FALSE,NA,0.0405875681015239,"HM",0.0405766352308204,0.0405875681015239,0.072415596844078,0.0400182527491698,1.00026943758745,0.712719934115613,0.112031210744131,TRUE,"below detection","SE | AICc | Intercept",FALSE,NA,"slurry"
"2025-10-15_13A_1",2025-10-15,13,"A",2025-10-15 12:06:08,2025-10-15 12:07:43,2025-10-15 12:05:43,6.35806,318,100.716197916667,12.4202770833333,"2025-10-15_hudsoncarbonfieldfluxes.json",FALSE,2025-10-14,"",1,FALSE,TRUE,"single",NA,5.92206700394743,"HM",5.82383432591347,5.92206700394743,0.0717995369343739,0.999096371294993,1.01686735448446,0.38789191010123,0.0662732246851667,FALSE,"emission","AICc",NA,NA,-0.380709500456134,"HM",-0.375597408967746,-0.380709500456134,0.0174390774120682,0.987545265085278,1.01361056111233,0.125802781654347,0.0214940188167927,FALSE,"uptake","AICc",FALSE,NA,0.189784280567348,"HM",0.171569234504352,0.189784280567348,0.0871409528504543,0.425763972131189,1.10616732140594,0.712719934115613,0.121799111123661,FALSE,"emission","SE | AICc | Intercept",FALSE,NA,"slurry"
"2025-10-15_13B_1",2025-10-15,13,"B",2025-10-15 12:09:23,2025-10-15 12:10:58,2025-10-15 12:08:58,6.27856,318,100.719197916667,12.272271875,"2025-10-15_hudsoncarbonfieldfluxes.json",FALSE,2025-10-14,"",1,FALSE,TRUE,"single",NA,6.94969427466534,"HM",6.64407816739216,6.94969427466534,0.0638007108503719,0.999345012810852,1.04599827087723,0.38789191010123,0.0655003126390385,FALSE,"emission","",NA,NA,-0.268373349419555,"HM",-0.22596868662804,-0.268373349419555,0.0198685239280626,0.963431479729121,1.18765725209226,0.125802781654347,0.0212433446396702,FALSE,"uptake","",FALSE,NA,0.100348057005477,"HM",0.10013810956949,0.100348057005477,0.0722651674482736,0.236788149576557,1.00209657878393,0.712719934115613,0.120366283270648,TRUE,"below detection","SE | AICc | Intercept",FALSE,NA,"slurry"
"2025-10-15_13C_1",2025-10-15,13,"C",2025-10-15 12:12:36,2025-10-15 12:14:11,2025-10-15 12:12:11,6.00031,318,100.716739583333,12.29273125,"2025-10-15_hudsoncarbonfieldfluxes.json",FALSE,2025-10-14,"",1,FALSE,TRUE,"single",NA,5.84345446341954,"HM",5.26880245784678,5.84345446341954,0.0488866718685449,0.998812653399022,1.10906691039763,0.38789191010123,0.0625972788922326,FALSE,"emission","",NA,NA,-0.207924360772911,"HM",-0.187113064279603,-0.207924360772911,0.0175804200125601,0.956045489866461,1.11122310766185,0.125802781654347,0.0203018201812475,FALSE,"uptake","AICc",FALSE,NA,2.64258943174711,"HM",2.41223837710156,2.64258943174711,0.0896016284459638,0.992256457773569,1.09549265811878,0.712719934115613,0.11503147461076,FALSE,"emission","SE",FALSE,NA,"slurry"
"2025-10-15_14A_1",2025-10-15,14,"A",2025-10-15 11:35:50,2025-10-15 11:37:25,2025-10-15 11:35:25,5.98044,318,100.72725,12.4563625,"2025-10-15_hudsoncarbonfieldfluxes.json",FALSE,2025-10-14,"",1,FALSE,TRUE,"single",NA,5.24497308940828,"HM",4.76629373299808,5.24497308940828,0.0421369769725143,0.998955097509335,1.10043010003689,0.38789191010123,0.0623580717718768,FALSE,"emission","",NA,NA,-0.222979885001415,"HM",-0.212412082817833,-0.222979885001415,0.0130417495321873,0.97927846379975,1.04975141735531,0.125802781654347,0.0202242394935646,FALSE,"uptake","AICc",FALSE,NA,0.0775949643940421,"HM",0.0455876037941746,0.0775949643940421,0.118534196487495,0.0412785658173594,1.70210666795252,0.712719934115613,0.114581144893181,TRUE,"below detection","SE | AICc | Intercept",FALSE,NA,"compost"
"2025-10-15_14B_1",2025-10-15,14,"B",2025-10-15 11:39:19,2025-10-15 11:40:54,2025-10-15 11:38:54,6.31831,318,100.72959375,12.3691125,"2025-10-15_hudsoncarbonfieldfluxes.json",FALSE,2025-10-14,"",1,FALSE,TRUE,"single",NA,7.34675801168491,"HM",7.15900981566452,7.34675801168491,0.0452035104720549,0.99972388031825,1.02622544190533,0.38789191010123,0.0658722559664824,FALSE,"emission","",NA,NA,-0.261615803226296,"HM",-0.256745389426862,-0.261615803226296,0.0154205052008141,0.979408880509475,1.01896981990721,0.125802781654347,0.0213639749080303,FALSE,"uptake","AICc",FALSE,NA,0.133503337883835,"HM",0.133426211268237,0.133503337883835,0.0867900112878065,0.27739674394158,1.00057804695843,0.712719934115613,0.121057138498027,FALSE,"emission","SE | AICc | Intercept",TRUE,"convex (accelerating) trace","compost"
"2025-10-15_14C_1",2025-10-15,14,"C",2025-10-15 11:42:33,2025-10-15 11:44:08,2025-10-15 11:42:08,6.45744,318,100.736604166667,12.512690625,"2025-10-15_hudsoncarbonfieldfluxes.json",FALSE,2025-10-14,"",1,FALSE,TRUE,"single",NA,4.9915814026682,"HM",4.73545894481816,4.9915814026682,0.0446976442775186,0.999315305985279,1.05408608982458,0.38789191010123,0.0672952405986163,FALSE,"emission","",NA,NA,-0.127565688072574,"HM",-0.123507544102615,-0.127565688072574,0.0159261067926912,0.913240903612173,1.032857458218,0.125802781654347,0.0218254834373706,FALSE,"uptake","AICc | Intercept",FALSE,NA,0.0598654875416411,"LM",0.0598654875416411,0.131057928966395,0.0231042797304652,0.0567330138469949,2.18920674245297,0.712719934115613,0.123668625737435,TRUE,"below detection","SE | AICc | g-fact. > 2 | Intercept",FALSE,NA,"compost"
"2025-10-15_15A_1",2025-10-15,15,"A",2025-10-15 11:24:47,2025-10-15 11:26:22,2025-10-15 11:24:22,6.00031,318,100.728833333333,12.0760416666667,"2025-10-15_hudsoncarbonfieldfluxes.json",FALSE,2025-10-14,"",1,FALSE,TRUE,"single",NA,6.72590604227628,"HM",6.68640984312665,6.72590604227628,0.200161745228654,0.994899496739166,1.00590693661864,0.38789191010123,0.0626432613021699,FALSE,"emission","AICc",NA,NA,-0.579719192910354,"HM",-0.57720387329482,-0.579719192910354,0.0292814256793766,0.985162131182422,1.00435776634896,0.125802781654347,0.0203167333952812,FALSE,"uptake","AICc",TRUE,"convex (accelerating) trace",0.174243744594284,"HM",0.173947955147067,0.174243744594284,0.0846208327062927,0.411089231221669,1.00170044797001,0.712719934115613,0.115123514538216,FALSE,"emission","SE | AICc | Intercept",FALSE,NA,"control"
"2025-10-15_15B_1",2025-10-15,15,"B",2025-10-15 11:27:59,2025-10-15 11:29:34,2025-10-15 11:27:34,6.33819,318,100.729895833333,12.1657541666667,"2025-10-15_hudsoncarbonfieldfluxes.json",FALSE,2025-10-14,"",1,FALSE,TRUE,"single",NA,4.39305439333055,"HM",4.22644110958858,4.39305439333055,0.0514021210340868,0.999061746087195,1.03942165037245,0.38789191010123,0.0661358956619369,FALSE,"emission","",NA,NA,-0.290543849623027,"HM",-0.285881842582335,-0.290543849623027,0.014668595803681,0.984872380702616,1.01630746114752,0.125802781654347,0.0214494796741236,FALSE,"uptake","AICc",FALSE,NA,0.0703873746789074,"HM",0.0703124642470288,0.0703873746789074,0.0737189536989611,0.124256088671104,1.00106539335068,0.712719934115613,0.121543145241341,TRUE,"below detection","SE | AICc | Intercept",FALSE,NA,"control"
"2025-10-15_15C_1",2025-10-15,15,"C",2025-10-15 11:31:14,2025-10-15 11:32:49,2025-10-15 11:30:49,6.23881,318,100.71928125,12.1142916666667,"2025-10-15_hudsoncarbonfieldfluxes.json",FALSE,2025-10-14,"",1,FALSE,TRUE,"single",NA,5.07052660285707,"HM",4.62885520148547,5.07052660285707,0.0439802435752222,0.998948999484812,1.09541698371335,0.38789191010123,0.0651121766790195,FALSE,"emission","",NA,NA,-0.28619178088655,"HM",-0.274550214090498,-0.28619178088655,0.0152623263751526,0.982790605875684,1.04240232277588,0.125802781654347,0.0211174627066912,FALSE,"uptake","AICc",FALSE,NA,0.0676518165231728,"HM",0.0676703417829468,0.0676518165231728,0.083626759347399,0.0892248453518576,0.999726242556401,0.712719934115613,0.11965272646105,TRUE,"below detection","SE | AICc | Intercept",TRUE,"convex (accelerating) trace","control"
