"chamID","date_name","plot","collar","start.time","end.time","cham.close","Vtot_header","IrgaVolume","Area","Pcham","Tcham","json_file","bad_clock","date","remark","n_rep","confirm","keep","repeat_rule","window_truncated_s","li7820_in_loop","Vloop","Vtot","CO2_flux","CO2_model","CO2_LM","CO2_HM","CO2_SE","CO2_LM_r2","CO2_g_fact","CO2_sigma_mad","CO2_MDF","CO2_below_MDF","CO2_det_class","CO2_quality_check","CO2_qc_any","CO2_qc_note","CH4_flux","CH4_model","CH4_LM","CH4_HM","CH4_SE","CH4_LM_r2","CH4_g_fact","CH4_sigma_mad","CH4_MDF","CH4_below_MDF","CH4_det_class","CH4_quality_check","CH4_qc_any","CH4_qc_note","N2O_flux","N2O_model","N2O_LM","N2O_HM","N2O_SE","N2O_LM_r2","N2O_g_fact","N2O_sigma_mad","N2O_MDF","N2O_below_MDF","N2O_det_class","N2O_quality_check","N2O_qc_any","N2O_qc_note","treatment"
"2025-05-06-1A_1",2025-05-06,1,"A",2025-05-06 10:44:36,2025-05-06 10:46:10,2025-05-06 10:44:11,6.23792,0.06197,318,101.0284,20.8247884210526,"2025-05-06-KT01 (1).json",FALSE,2025-05-06,"",1,FALSE,TRUE,"single",NA,TRUE,0.12394,6.29989,9.53282117459182,"HM",9.42104184160445,9.53282117459182,0.0804830242175969,0.999646090038971,1.01186485898977,0.600708282400089,0.0992880869084745,FALSE,"emission","AICc",NA,NA,-0.118321971581801,"HM",-0.117576210171197,-0.118321971581801,0.0153099195947374,0.909434611427484,1.00634279170521,0.125802781654347,0.0207933166300268,FALSE,"uptake","AICc | Intercept",FALSE,NA,0.282862840372901,"HM",0.281970483168458,0.282862840372901,0.0982608203965732,0.581215857092192,1.00316471849967,0.689582705856345,0.114013747322781,FALSE,"emission","SE | AICc",FALSE,NA,"slurry"
"2025-05-06-1B_1",2025-05-06,1,"B",2025-05-06 11:02:02,2025-05-06 11:03:36,2025-05-06 11:01:37,6.23792,0.06197,318,101.015642105263,21.0589610526316,"2025-05-06-KT01 (1).json",FALSE,2025-05-06,"",1,FALSE,TRUE,"single",NA,TRUE,0.12394,6.29989,10.5906260042427,"HM",10.4761142900701,10.5906260042427,0.0949427284116598,0.999600232634054,1.01093074311733,0.600708282400089,0.0991465842258086,FALSE,"emission","AICc",NA,NA,-0.18200105953997,"HM",-0.180544093219041,-0.18200105953997,0.0151472816662036,0.960566087694704,1.00806986423622,0.125802781654347,0.0207636825603586,FALSE,"uptake","AICc",FALSE,NA,0.412399249319303,"HM",0.411073174565452,0.412399249319303,0.084247687674009,0.801438434083872,1.00322588491758,0.689582705856345,0.113862326368524,FALSE,"emission","SE | AICc",TRUE,"convex (accelerating) trace","slurry"
"2025-05-06-1C_1",2025-05-06,1,"C",2025-05-06 11:10:00,2025-05-06 11:11:34,2025-05-06 11:09:35,6.01532,0.06197,318,101.011347368421,20.3112505263158,"2025-05-06-KT01 (1).json",FALSE,2025-05-06,"",1,FALSE,TRUE,"single",NA,TRUE,0.12394,6.07729,9.52773819887742,"HM",9.41040367915857,9.52773819887742,0.165846336695455,0.998257366681186,1.01246859579241,0.600708282400089,0.0960049991574915,FALSE,"emission","AICc",NA,NA,-0.235978275747051,"HM",-0.234727525259183,-0.235978275747051,0.0155266610857017,0.975117729421343,1.00532852074543,0.125802781654347,0.0201057589858426,FALSE,"uptake","AICc",TRUE,"convex (accelerating) trace",0.213115906366311,"HM",0.212746322169793,0.213115906366311,0.0953768888351147,0.454031124818476,1.00173720604309,0.689582705856345,0.110247056758853,FALSE,"emission","SE | AICc | Intercept",FALSE,NA,"slurry"
"2025-05-06-2A_1",2025-05-06,2,"A",2025-05-06 11:17:29,2025-05-06 11:19:03,2025-05-06 11:17:04,6.19817,0.06197,318,101.011968421053,21.5391610526316,"2025-05-06-KT01 (1).json",FALSE,2025-05-06,"",1,FALSE,TRUE,"single",NA,TRUE,0.12394,6.26014,7.6148625318249,"HM",7.50163644273535,7.6148625318249,0.0881675731086048,0.999224775538665,1.01509351858809,0.600708282400089,0.0982921691790692,FALSE,"emission","AICc",NA,NA,-0.162424902838892,"HM",-0.160858037957441,-0.162424902838892,0.0154217936579977,0.949211148360315,1.00974066886148,0.125802781654347,0.0205847474720364,FALSE,"uptake","AICc",FALSE,NA,0.228181270933682,"HM",0.172419008432962,0.228181270933682,0.111181529739659,0.376271725898755,1.32341133966329,0.689582705856345,0.112888833374826,FALSE,"emission","SE | AICc | Intercept (LM)",FALSE,NA,"control"
"2025-05-06-2B_1",2025-05-06,2,"B",2025-05-06 11:23:15,2025-05-06 11:24:49,2025-05-06 11:22:50,6.08687,0.06197,318,101.012347368421,21.0630515789474,"2025-05-06-KT01 (1).json",FALSE,2025-05-06,"",1,FALSE,TRUE,"single",NA,TRUE,0.12394,6.14884,11.2842867337677,"HM",11.210900280152,11.2842867337677,0.259535585540855,0.997042269518087,1.00654599111417,0.600708282400089,0.096776412482646,FALSE,"emission","AICc",NA,NA,-0.265519165159105,"HM",-0.264550854092369,-0.265519165159105,0.0210454556737951,0.96427750037047,1.0036602076756,0.125802781654347,0.0202673115146706,FALSE,"uptake","AICc | Intercept",TRUE,"convex (accelerating) trace",0.266305242352415,"HM",0.265928922810997,0.266305242352415,0.0893669143067178,0.598456927822569,1.00141511324695,0.689582705856345,0.111148852788307,FALSE,"emission","SE | AICc | Intercept",TRUE,"convex (accelerating) trace","control"
"2025-05-06-2C_1",2025-05-06,2,"C",2025-05-06 11:27:23,2025-05-06 11:28:57,2025-05-06 11:26:58,6.24587,0.06197,318,101.009957894737,19.5457305263158,"2025-05-06-KT01 (1).json",FALSE,2025-05-06,"",1,FALSE,TRUE,"single",NA,TRUE,0.12394,6.30784,14.423776727125,"HM",14.2001687972788,14.423776727125,0.0635829269410869,0.99987487157566,1.01574685012822,0.600708282400089,0.0999105844896223,FALSE,"emission","",NA,NA,-0.104015746716688,"HM",-0.0895164763186886,-0.104015746716688,0.0177698494296768,0.841235559543692,1.16197320308253,0.125802781654347,0.0209236826156074,FALSE,"uptake","AICc",FALSE,NA,0.0670425135667228,"LM",0.0670425135667228,0.161779892995206,0.0191851952339839,0.106561337142641,2.41309408595185,0.689582705856345,0.114736597178012,TRUE,"below detection","SE | AICc | g-fact. > 2 | Intercept",FALSE,NA,"control"
"2025-05-06-3A_1",2025-05-06,3,"A",2025-05-06 11:32:33,2025-05-06 11:34:07,2025-05-06 11:32:08,6.14252,0.06197,318,101.013842105263,20.2482210526316,"2025-05-06-KT01 (1).json",FALSE,2025-05-06,"",1,FALSE,TRUE,"single",NA,TRUE,0.12394,6.20449,10.2123616085529,"HM",10.0606203568109,10.2123616085529,0.0688749910340848,0.999750452491605,1.01508269334896,0.600708282400089,0.0979368727619477,FALSE,"emission","AICc",NA,NA,0.124239718295462,"HM",0.105908979737376,0.124239718295462,0.0154751960972789,0.907629396090688,1.17308011656368,0.125802781654347,0.0205103398454141,FALSE,"emission","AICc",FALSE,NA,0.362544128777755,"HM",0.202207151685953,0.362544128777755,0.109358502416732,0.568080017297873,1.79293425457484,0.689582705856345,0.112487078808353,FALSE,"emission","SE",FALSE,NA,"compost"
"2025-05-06-3B_1",2025-05-06,3,"B",2025-05-06 11:38:11,2025-05-06 11:39:45,2025-05-06 11:37:46,5.99147,0.06197,318,101.002484210526,19.4541431578947,"2025-05-06-KT01 (1).json",FALSE,2025-05-06,"",1,FALSE,TRUE,"single",NA,TRUE,0.12394,6.05344,8.82814182734129,"HM",8.75255063874725,8.82814182734129,0.126851940172537,0.998907961712645,1.00863647543602,0.600708282400089,0.0959200835140654,FALSE,"emission","AICc",NA,NA,-0.115774737345885,"HM",-0.11483156363265,-0.115774737345885,0.01356460048821,0.924689262324982,1.00821354062767,0.125802781654347,0.0200879756050204,FALSE,"uptake","AICc",FALSE,NA,0.134356513837612,"HM",0.13364775647264,0.134356513837612,0.0724862622874538,0.362204528491515,1.00530317443164,0.689582705856345,0.110158529433656,FALSE,"emission","SE | AICc | Intercept",FALSE,NA,"compost"
"2025-05-06-3Credo2_1",2025-05-06,3,"C",2025-05-06 11:58:47,2025-05-06 12:00:21,2025-05-06 11:58:22,6.37307,0.06197,318,100.953252631579,18.2595894736842,"2025-05-06-KT01 (1).json",FALSE,2025-05-06,"",1,FALSE,TRUE,"single",NA,TRUE,0.12394,6.43504,10.0831924771489,"HM",9.85118654560309,10.0831924771489,0.093584150525745,0.999446609674804,1.02355106468362,0.600708282400089,0.102433870251734,FALSE,"emission","",NA,NA,-0.180627106893075,"HM",-0.141608183501642,-0.180627106893075,0.0215962807507942,0.90898621886229,1.2755414441919,0.125802781654347,0.021452119424426,FALSE,"uptake","Intercept (HM)",FALSE,NA,0.213511452930616,"LM",0.213511452930616,0.61667785074059,0.023508329841725,0.464355496167945,2.88826590928117,0.689582705856345,0.117640696069124,FALSE,"emission","SE | g-fact. > 2 | Intercept",FALSE,NA,"compost"
"2025-05-06-4A_1",2025-05-06,4,"A",2025-05-06 12:03:44,2025-05-06 12:05:18,2025-05-06 12:03:19,6.18227,0.06197,318,100.940105263158,18.7784463157895,"2025-05-06-KT01 (1).json",FALSE,2025-05-06,"",1,FALSE,TRUE,"single",NA,TRUE,0.12394,6.24424,7.4871479497541,"HM",7.0289495546903,7.4871479497541,0.0735213206847041,0.99913151166407,1.06518732159033,0.600708282400089,0.0991070606429619,FALSE,"emission","",NA,NA,-0.215128733670885,"HM",-0.177708388188255,-0.215128733670885,0.0170427216945146,0.958150954734579,1.21057163291014,0.125802781654347,0.0207554053702336,FALSE,"uptake","",FALSE,NA,0.20287684276215,"HM",0.202463417720437,0.20287684276215,0.0940821718513814,0.436686167853638,1.00204197403347,0.689582705856345,0.113810821628388,FALSE,"emission","SE | AICc | Intercept",FALSE,NA,"compost"
"2025-05-06-4B_1",2025-05-06,4,"B",2025-05-06 12:09:59,2025-05-06 12:11:33,2025-05-06 12:09:34,6.18227,0.06197,318,100.924421052632,19.0552926315789,"2025-05-06-KT01 (1).json",FALSE,2025-05-06,"",1,FALSE,TRUE,"single",NA,TRUE,0.12394,6.24424,8.7427768196997,"HM",8.5954040124879,8.7427768196997,0.0668694334023367,0.999637118433543,1.01714553580003,0.600708282400089,0.0989706739407119,FALSE,"emission","",NA,NA,-0.287805106430094,"HM",-0.274814803115405,-0.287805106430094,0.0148196902176842,0.98402330008737,1.04726929978817,0.125802781654347,0.0207268427100766,FALSE,"uptake","AICc",FALSE,NA,0.0889873071080893,"HM",0.0731975133047885,0.0889873071080893,0.0865309886790872,0.131051028975692,1.2157148937226,0.689582705856345,0.113642311363778,TRUE,"below detection","SE | AICc | Intercept",FALSE,NA,"compost"
"2025-05-06-4C_1",2025-05-06,4,"C",2025-05-06 12:18:04,2025-05-06 12:19:38,2025-05-06 12:17:39,6.11867,0.06197,318,100.915505263158,21.3073589473684,"2025-05-06-KT01 (1).json",FALSE,2025-05-06,"",1,FALSE,TRUE,"single",NA,TRUE,0.12394,6.18064,11.8740241856455,"HM",11.7142001744676,11.8740241856455,0.100408443843621,0.999614620726695,1.01364361277745,0.600708282400089,0.0969169531821175,FALSE,"emission","AICc",NA,NA,-0.209146523837118,"HM",-0.207701934553996,-0.209146523837118,0.0153906307351387,0.968929660668839,1.00695510750164,0.125802781654347,0.0202967441218897,FALSE,"uptake","AICc",TRUE,"convex (accelerating) trace",0.349019220771688,"HM",0.319923983318804,0.349019220771688,0.073003047835992,0.785985871771197,1.09094422103356,0.689582705856345,0.11128893887917,FALSE,"emission","SE | AICc",FALSE,NA,"compost"
"2025-05-06-5A_1",2025-05-06,5,"A",2025-05-06 12:22:37,2025-05-06 12:24:11,2025-05-06 12:22:12,6.05507,0.06197,318,100.923968421053,21.2984947368421,"2025-05-06-KT01 (1).json",FALSE,2025-05-06,"",1,FALSE,TRUE,"single",NA,TRUE,0.12394,6.11704,11.3548207567239,"HM",11.2268563880453,11.3548207567239,0.22564014009364,0.997738891641161,1.0113980587491,0.600708282400089,0.0959168213170951,FALSE,"emission","AICc",NA,NA,-0.256680320321945,"HM",-0.255026082129577,-0.256680320321945,0.0186966547700866,0.969577132934855,1.00648654513513,0.125802781654347,0.0200872924224088,FALSE,"uptake","AICc",TRUE,"convex (accelerating) trace",0.398929516332431,"HM",0.397040371571478,0.398929516332431,0.0796740019093884,0.808450368548385,1.00475806717961,0.689582705856345,0.110163474459421,FALSE,"emission","SE | AICc | Intercept",FALSE,NA,"control"
"2025-05-06-5B_1",2025-05-06,5,"B",2025-05-06 12:27:11,2025-05-06 12:28:45,2025-05-06 12:26:46,6.21407,0.06197,318,100.917926315789,20.7218294736842,"2025-05-06-KT01 (1).json",FALSE,2025-05-06,"",1,FALSE,TRUE,"single",NA,TRUE,0.12394,6.27604,8.11916710101992,"HM",7.86209797414892,8.11916710101992,0.126925892660779,0.998457544211852,1.03269726830119,0.600708282400089,0.098705857772507,FALSE,"emission","",NA,NA,-0.249813892381535,"HM",-0.245127029894841,-0.249813892381535,0.0169914164309806,0.973037695351249,1.01912013737818,0.125802781654347,0.0206713838266829,FALSE,"uptake","AICc",FALSE,NA,0.363250360083877,"HM",0.329036537168868,0.363250360083877,0.0841277389991712,0.748366823910811,1.10398183499436,0.689582705856345,0.113373786175916,FALSE,"emission","SE | AICc | Intercept",FALSE,NA,"control"
"2025-05-06-5C_1",2025-05-06,5,"C",2025-05-06 12:30:43,2025-05-06 12:32:17,2025-05-06 12:30:18,6.34127,0.06197,318,100.899210526316,20.8123021052632,"2025-05-06-KT01 (1).json",FALSE,2025-05-06,"",1,FALSE,TRUE,"single",NA,TRUE,0.12394,6.40324,9.61163273781488,"HM",9.47184628716162,9.61163273781488,0.093563233928375,0.999463747882,1.01475809957376,0.600708282400089,0.100607452194943,FALSE,"emission","AICc",NA,NA,-0.26306208388262,"HM",-0.261003582679653,-0.26306208388262,0.0157952791881103,0.979125328636506,1.00788686952812,0.125802781654347,0.0210696234963026,FALSE,"uptake","AICc",TRUE,"convex (accelerating) trace",0.267254038131209,"HM",0.265656882562666,0.267254038131209,0.0717224716644579,0.699680201240602,1.00601209934083,0.689582705856345,0.115579601730505,FALSE,"emission","SE | AICc | Intercept",FALSE,NA,"control"
"2025-05-06-6Aredo_1",2025-05-06,6,"A",2025-05-06 12:39:00,2025-05-06 12:40:34,2025-05-06 12:38:35,6.30947,0.06197,318,100.886778947368,20.8265505263158,"2025-05-06-KT01 (1).json",FALSE,2025-05-06,"",2,FALSE,TRUE,"repeat: last kept",NA,TRUE,0.12394,6.37144,9.32636884350341,"HM",9.17068054991416,9.32636884350341,0.0869793980632543,0.999467810006784,1.01697674373694,0.600708282400089,0.100111279468269,FALSE,"emission","",NA,NA,-0.23254019931416,"HM",-0.230382213299129,-0.23254019931416,0.0163347372915207,0.971560948437314,1.00936698186951,0.125802781654347,0.0209657129776275,FALSE,"uptake","AICc",FALSE,NA,0.340643686534027,"HM",0.339033221820997,0.340643686534027,0.0762267203765817,0.770569564739607,1.00475016785783,0.689582705856345,0.114975861398915,FALSE,"emission","SE | AICc | Intercept",FALSE,NA,"slurry"
"2025-05-06-6B_1",2025-05-06,6,"B",2025-05-06 12:42:30,2025-05-06 12:44:04,2025-05-06 12:42:05,6.69107,0.06197,318,100.877168421053,20.9711768421053,"2025-05-06-KT01 (1).json",FALSE,2025-05-06,"",1,FALSE,TRUE,"single",NA,TRUE,0.12394,6.75304,10.076071748947,"HM",9.66643364844312,10.076071748947,0.0739601855602943,0.999555041298331,1.04237737674534,0.600708282400089,0.106015437404384,FALSE,"emission","",NA,NA,-0.153547337742086,"HM",-0.14156870115499,-0.153547337742086,0.0168162548890251,0.930583780071479,1.08461359389024,0.125802781654347,0.0222021858438284,FALSE,"uptake","AICc | Intercept",FALSE,NA,0.120645342594248,"HM",0.12056618336971,0.120645342594248,0.0849192564229622,0.24788761845843,1.00065656241514,0.689582705856345,0.121740823564971,TRUE,"below detection","SE | AICc | Intercept",FALSE,NA,"slurry"
"2025-05-06-6C_1",2025-05-06,6,"C",2025-05-06 12:46:40,2025-05-06 12:48:14,2025-05-06 12:46:15,6.37307,0.06197,318,100.875768421053,20.9654810526316,"2025-05-06-KT01 (1).json",FALSE,2025-05-06,"",1,FALSE,TRUE,"single",NA,TRUE,0.12394,6.43504,12.5038168369313,"HM",12.3551026257058,12.5038168369313,0.0955682808186224,0.999715341263909,1.01203666337146,0.600708282400089,0.1010461858152,FALSE,"emission","AICc",NA,NA,-0.190230239566113,"HM",-0.189296466818776,-0.190230239566113,0.0148619076637423,0.965222964830472,1.00493285882737,0.125802781654347,0.0211615048827439,FALSE,"uptake","AICc",TRUE,"convex (accelerating) trace",0.316277097196274,"HM",0.200482712039526,0.316277097196274,0.112540416099056,0.507598794337348,1.57757790673701,0.689582705856345,0.116044602734883,FALSE,"emission","SE | AICc | Intercept (LM)",FALSE,NA,"slurry"
"2025-05-06-7A_1",2025-05-06,7,"A",2025-05-06 12:51:12,2025-05-06 12:52:46,2025-05-06 12:50:47,6.18227,0.06197,318,100.866242105263,20.5928389473684,"2025-05-06-KT01 (1).json",FALSE,2025-05-06,"",1,FALSE,TRUE,"single",NA,TRUE,0.12394,6.24424,12.2610941350367,"HM",12.0770792221325,12.2610941350367,0.216207815079657,0.99820200030046,1.01523670661753,0.600708282400089,0.0982325361932949,FALSE,"emission","AICc",NA,NA,-0.167042446728186,"HM",-0.166532045864764,-0.167042446728186,0.0153806055931786,0.952486917732943,1.00306488076077,0.125802781654347,0.0205722588886282,FALSE,"uptake","AICc",TRUE,"convex (accelerating) trace",0.952573427982024,"HM",0.84112086726403,0.952573427982024,0.0903739630368383,0.945197940724908,1.13250481001681,0.689582705856345,0.112818026034461,FALSE,"emission","SE | AICc",FALSE,NA,"control"
"2025-05-06-7Bredo_1",2025-05-06,7,"B",2025-05-06 12:59:04,2025-05-06 13:00:38,2025-05-06 12:58:39,6.34127,0.06197,318,100.8856,19.6671642105263,"2025-05-06-KT01 (1).json",FALSE,2025-05-06,"",2,FALSE,TRUE,"repeat: last kept",NA,TRUE,0.12394,6.40324,13.3324325272861,"HM",13.1918669337323,13.3324325272861,0.242997768569214,0.998127936838354,1.01065547388098,0.600708282400089,0.101230253097908,FALSE,"emission","AICc",NA,NA,-0.214236799350539,"HM",-0.211339867161308,-0.214236799350539,0.0155061822463925,0.969735221069506,1.01370745722586,0.125802781654347,0.0212000530047769,FALSE,"uptake","AICc",FALSE,NA,0.648196042463197,"HM",0.363429011421481,0.648196042463197,0.139801586429076,0.716625435642774,1.78355613363916,0.689582705856345,0.11625463723582,FALSE,"emission","SE | Intercept (HM)",FALSE,NA,"control"
"2025-05-06-7C_1",2025-05-06,7,"C",2025-05-06 13:02:27,2025-05-06 13:04:01,2025-05-06 13:02:02,6.24587,0.06197,318,100.879484210526,19.7691789473684,"2025-05-06-KT01 (1).json",FALSE,2025-05-06,"",1,FALSE,TRUE,"single",NA,TRUE,0.12394,6.30784,12.531483812971,"HM",11.2580932381782,12.531483812971,0.115881265933826,0.99866378472374,1.11310890288903,0.600708282400089,0.0996486018227345,FALSE,"emission","",NA,NA,-0.313843698821601,"HM",-0.220052437089581,-0.313843698821601,0.022649315041545,0.955208782733863,1.42622232669861,0.125802781654347,0.0208688171356309,FALSE,"uptake","",FALSE,NA,1.97845046408749,"HM",1.66892463569097,1.97845046408749,0.109072945331427,0.978765643885532,1.18546423354124,0.689582705856345,0.114433917061219,FALSE,"emission","SE",FALSE,NA,"control"
"2025-05-06-8A_1",2025-05-06,8,"A",2025-05-06 13:07:18,2025-05-06 13:08:52,2025-05-06 13:06:53,6.24587,0.06197,318,100.877284210526,19.7753905263158,"2025-05-06-KT01 (1).json",FALSE,2025-05-06,"",1,FALSE,TRUE,"single",NA,TRUE,0.12394,6.30784,9.46557136896676,"HM",9.4215320880228,9.46557136896676,0.304970918581481,0.994087343021692,1.00467432266138,0.600708282400089,0.0996513112271114,FALSE,"emission","AICc",NA,NA,-0.363514515958847,"HM",-0.362832965263134,-0.363514515958847,0.0310396523151118,0.958672732200595,1.00187841447984,0.125802781654347,0.0208693845501601,FALSE,"uptake","AICc | Intercept",TRUE,"convex (accelerating) trace",0.0668957843271486,"HM",0.0669242594976974,0.0668957843271486,0.203349251765909,0.00763049396239757,0.999574516464395,0.689582705856345,0.114454416577413,TRUE,"below detection","SE | AICc | p-value | Intercept",FALSE,NA,"compost"
"2025-05-06-8C_1",2025-05-06,8,"C",2025-05-06 13:15:29,2025-05-06 13:17:03,2025-05-06 13:15:04,6.30947,0.06197,318,100.849842105263,19.9930178947368,"2025-05-06-KT01 (1).json",FALSE,2025-05-06,"",1,FALSE,TRUE,"single",NA,TRUE,0.12394,6.37144,14.6309378299577,"HM",14.2628080049892,14.6309378299577,0.189703633691165,0.998947670835773,1.02581047328406,0.600708282400089,0.100517017230853,FALSE,"emission","",NA,NA,-0.382432681743636,"HM",-0.347907665833313,-0.382432681743636,0.0164675439130539,0.987998623510313,1.09923614596887,0.125802781654347,0.0210506842368074,FALSE,"uptake","",FALSE,NA,0.688239226243523,"HM",0.520567898430939,0.688239226243523,0.108304970509901,0.850368210772126,1.32209309932089,0.689582705856345,0.115434519580447,FALSE,"emission","SE",FALSE,NA,"compost"
"2025-05-06-9A_1",2025-05-06,9,"A",2025-05-06 13:20:07,2025-05-06 13:21:41,2025-05-06 13:19:42,6.21407,0.06197,318,100.837610526316,20.2797410526316,"2025-05-06-KT01 (1).json",FALSE,2025-05-06,"",1,FALSE,TRUE,"single",NA,TRUE,0.12394,6.27604,9.58242040615999,"HM",9.3290026813918,9.58242040615999,0.0675530200760789,0.999651510105416,1.02716450336901,0.600708282400089,0.0988594465641109,FALSE,"emission","",NA,NA,-0.191099235918633,"HM",-0.189330122139337,-0.191099235918633,0.0134675659405724,0.971429214055357,1.00934406928652,0.125802781654347,0.0207035490186419,FALSE,"uptake","AICc",FALSE,NA,0.492819104151084,"HM",0.488894118054234,0.492819104151084,0.0981920181056137,0.808810890407269,1.00802829478185,0.689582705856345,0.113541924560794,FALSE,"emission","SE | AICc",FALSE,NA,"compost"
"2025-05-06-9B_1",2025-05-06,9,"B",2025-05-06 13:23:45,2025-05-06 13:25:19,2025-05-06 13:23:20,6.24587,0.06197,318,100.827284210526,20.6300410526316,"2025-05-06-KT01 (1).json",FALSE,2025-05-06,"",1,FALSE,TRUE,"single",NA,TRUE,0.12394,6.30784,9.02258725922961,"HM",8.88313058527451,9.02258725922961,0.0769971746555563,0.999575123470061,1.01569904580557,0.600708282400089,0.0991468685796956,FALSE,"emission","AICc",NA,NA,-0.275398117732291,"HM",-0.243741831836604,-0.275398117732291,0.0166401130931497,0.976420098348277,1.12987629434453,0.125802781654347,0.0207637421109108,FALSE,"uptake","Intercept (HM)",FALSE,NA,0.172007825219547,"HM",0.159614463959201,0.172007825219547,0.101772844842722,0.31187291152124,1.07764560274132,0.689582705856345,0.113873259737761,FALSE,"emission","SE | AICc | Intercept",FALSE,NA,"compost"
"2025-05-06-9C_1",2025-05-06,9,"C",2025-05-06 13:26:59,2025-05-06 13:28:33,2025-05-06 13:26:34,6.18227,0.06197,318,100.8172,20.49254,"2025-05-06-KT01 (1).json",FALSE,2025-05-06,"",1,FALSE,TRUE,"single",NA,TRUE,0.12394,6.24424,11.9692792233025,"HM",11.7861336352331,11.9692792233025,0.125645868614223,0.999340609645199,1.01553907275597,0.600708282400089,0.0982368930156172,FALSE,"emission","AICc",NA,NA,-0.360479345416249,"HM",-0.357244762065245,-0.360479345416249,0.0157158587362511,0.988943011524828,1.00905424989944,0.125802781654347,0.0205731713121511,FALSE,"uptake","AICc",TRUE,"convex (accelerating) trace",0.337130011993694,"LM",0.337130011993694,0.761078493308025,0.0214704517408859,0.72316645981439,2.25752222060331,0.689582705856345,0.112831800236028,FALSE,"emission","SE | g-fact. > 2",FALSE,NA,"compost"
"2025-05-06-10A_1",2025-05-06,10,"A",2025-05-06 13:37:08,2025-05-06 13:38:42,2025-05-06 13:36:43,6.36512,0.06197,318,100.806484210526,19.9892378947368,"2025-05-06-KT01 (1).json",FALSE,2025-05-06,"",1,FALSE,TRUE,"single",NA,TRUE,0.12394,6.42709,10.346202069101,"HM",9.90728906856929,10.346202069101,0.0659793590539866,0.999623945396552,1.04430202828382,0.600708282400089,0.101401919954982,FALSE,"emission","",NA,NA,-0.152060291259545,"HM",-0.150065458180575,-0.152060291259545,0.0134262350170162,0.955618296388742,1.01329308625154,0.125802781654347,0.0212360041790331,FALSE,"uptake","AICc",FALSE,NA,0.797694589377931,"HM",0.704132461636523,0.797694589377931,0.0883122749917812,0.92714976695363,1.13287574829877,0.689582705856345,0.116452225646912,FALSE,"emission","SE | AICc",FALSE,NA,"control"
"2025-05-06-10B_1",2025-05-06,10,"B",2025-05-06 13:44:28,2025-05-06 13:46:02,2025-05-06 13:44:03,6.00737,0.06197,318,100.786263157895,20.4485126315789,"2025-05-06-KT01 (1).json",FALSE,2025-05-06,"",1,FALSE,TRUE,"single",NA,TRUE,0.12394,6.06934,7.50101120555255,"HM",7.42854241747927,7.50101120555255,0.12469466501234,0.998457092586091,1.00975545187745,0.600708282400089,0.0955336943311892,FALSE,"emission","AICc",NA,NA,-0.0883630359892345,"HM",-0.0880745058446252,-0.0883630359892345,0.0160676626462726,0.83528503888899,1.00327597801251,0.125802781654347,0.0200070564044181,FALSE,"uptake","AICc",FALSE,NA,0.301490846163775,"HM",0.298964145280097,0.301490846163775,0.106628948443324,0.571505326035279,1.00845151809529,0.689582705856345,0.109714601931088,FALSE,"emission","SE | AICc | Intercept",FALSE,NA,"control"
"2025-05-06-10C_1",2025-05-06,10,"C",2025-05-06 13:49:30,2025-05-06 13:51:04,2025-05-06 13:49:05,5.99624,0.06197,318,100.765273684211,21.0474747368421,"2025-05-06-KT01 (1).json",FALSE,2025-05-06,"",1,FALSE,TRUE,"single",NA,TRUE,0.12394,6.05821,9.08072293587042,"HM",8.93944211355335,9.08072293587042,0.0618320979889742,0.999728525577425,1.01580421020937,0.600708282400089,0.0950058301065154,FALSE,"emission","AICc",NA,NA,-0.130794181233922,"HM",-0.123472856585658,-0.130794181233922,0.0140186010358471,0.934236621835466,1.05929501309614,0.125802781654347,0.0198965089228111,FALSE,"uptake","AICc",FALSE,NA,0.883077264636807,"HM",0.869745074926491,0.883077264636807,0.11317172039965,0.910642930564243,1.0153288476068,0.689582705856345,0.109110115662228,FALSE,"emission","SE | AICc",FALSE,NA,"control"
"2025-05-06-11A_1",2025-05-06,11,"A",2025-05-06 13:57:26,2025-05-06 13:59:00,2025-05-06 13:57:01,6.23315,0.06197,318,100.747042105263,21.7675084210526,"2025-05-06-KT01 (1).json",FALSE,2025-05-06,"",1,FALSE,TRUE,"single",NA,TRUE,0.12394,6.29512,11.8155708531045,"HM",11.6912325889169,11.8155708531045,0.238001645014915,0.997683969079654,1.01063517154774,0.600708282400089,0.0983778429776735,FALSE,"emission","AICc",NA,NA,-0.239805364481175,"HM",-0.238636745393188,-0.239805364481175,0.0156341857402933,0.975542362290796,1.0048970626299,0.125802781654347,0.0206026896288121,FALSE,"uptake","AICc | Intercept",TRUE,"convex (accelerating) trace",0.412966451321971,"HM",0.353606776215878,0.412966451321971,0.0968631479959521,0.73746986962583,1.16786916738794,0.689582705856345,0.11299745595813,FALSE,"emission","SE | AICc | Intercept",FALSE,NA,"slurry"
"2025-05-06-11B-actualB_1",2025-05-06,11,"B",2025-05-06 14:12:13,2025-05-06 14:13:47,2025-05-06 14:11:48,5.95569,0.06197,318,100.725578947368,21.2714494736842,"2025-05-06-KT01 (1).json",FALSE,2025-05-06,"",2,FALSE,TRUE,"repeat: last kept",NA,TRUE,0.12394,6.01766,11.1439808156014,"HM",10.8938503909424,11.1439808156014,0.0694638946499312,0.999740091929389,1.0229606994481,0.600708282400089,0.0943188843369718,FALSE,"emission","",NA,NA,-0.146991435071199,"HM",-0.146315873131355,-0.146991435071199,0.0170656981594473,0.926082786357209,1.00461714730867,0.125802781654347,0.0197526459344252,FALSE,"uptake","AICc | Intercept",TRUE,"convex (accelerating) trace",0.246061767331965,"HM",0.244856896507309,0.246061767331965,0.0905142197543266,0.552591557792991,1.00492071426961,0.689582705856345,0.108341840673313,FALSE,"emission","SE | AICc",FALSE,NA,"slurry"
"2025-05-06-12A_1",2025-05-06,12,"A",2025-05-06 14:17:30,2025-05-06 14:19:04,2025-05-06 14:17:05,6.35304,0.06197,318,100.729884210526,21.5920589473684,"2025-05-06-KT01 (1).json",FALSE,2025-05-06,"",1,FALSE,TRUE,"single",NA,TRUE,0.12394,6.41501,10.5855252171001,"HM",10.4262943534234,10.5855252171001,0.117826320950912,0.999279933895446,1.01527204760188,0.600708282400089,0.100372353392299,FALSE,"emission","AICc",NA,NA,-0.225209166458825,"HM",-0.222471459389001,-0.225209166458825,0.0177307147803091,0.964433908249411,1.01230587994228,0.125802781654347,0.0210203881449637,FALSE,"uptake","AICc",FALSE,NA,0.142370576408302,"LM",0.142370576408302,0.833778439345614,0.0273198034523631,0.217691632741112,5.85639575521867,0.689582705856345,0.115297879985529,FALSE,"emission","SE | g-fact. > 2 | Intercept",FALSE,NA,"slurry"
"2025-05-06-12B_1",2025-05-06,12,"B",2025-05-06 14:21:21,2025-05-06 14:22:55,2025-05-06 14:20:56,6.09482,0.06197,318,100.729505263158,21.4212094736842,"2025-05-06-KT01 (1).json",FALSE,2025-05-06,"",1,FALSE,TRUE,"single",NA,TRUE,0.12394,6.15679,12.423835968264,"HM",12.2623901884134,12.423835968264,0.115219562802639,0.999535843814297,1.01316593073374,0.600708282400089,0.0965141576578282,FALSE,"emission","AICc",NA,NA,-0.190804327599625,"HM",-0.18980935536487,-0.190804327599625,0.0166502573484678,0.956842348696623,1.0052419557131,0.125802781654347,0.020212389038269,FALSE,"uptake","AICc",TRUE,"convex (accelerating) trace",0.462681997184901,"HM",0.459664336666986,0.462681997184901,0.0977304869235562,0.790163534676035,1.0065649220033,0.689582705856345,0.110840218020635,FALSE,"emission","SE | AICc | Intercept",FALSE,NA,"slurry"
"2025-05-06-12C_1",2025-05-06,12,"C",2025-05-06 14:24:43,2025-05-06 14:26:17,2025-05-06 14:24:18,5.85632,0.06197,318,100.737842105263,21.9089652631579,"2025-05-06-KT01 (1).json",FALSE,2025-05-06,"",1,FALSE,TRUE,"single",NA,TRUE,0.12394,5.91829,9.05951348314877,"HM",8.95239444335481,9.05951348314877,0.0851755746776208,0.999543135090741,1.01196540662632,0.600708282400089,0.0924692778128381,FALSE,"emission","AICc",NA,NA,-0.0158298456197637,"HM",-0.0158279203076023,-0.0158298456197637,0.0105386116596642,0.160388260086872,1.00012164024862,0.125802781654347,0.0193652937827745,TRUE,"below detection","AICc | MDF | Intercept",TRUE,"convex (accelerating) trace",0.291297248273234,"HM",0.287461547009568,0.291297248273234,0.0849797487285036,0.662182252590972,1.01334335428014,0.689582705856345,0.10621739076225,FALSE,"emission","SE | AICc | Intercept",FALSE,NA,"slurry"
"2025-05-06-13A_1",2025-05-06,13,"A",2025-05-06 14:37:32,2025-05-06 14:39:06,2025-05-06 14:37:07,6.37307,0.06197,318,100.712294736842,21.9838084210526,"2025-05-06-KT01 (1).json",FALSE,2025-05-06,"",1,FALSE,TRUE,"single",NA,TRUE,0.12394,6.43504,11.4724574423774,"HM",11.1502162930088,11.4724574423774,0.136319369497618,0.999095927584847,1.02889999089709,0.600708282400089,0.100532231525325,FALSE,"emission","",NA,NA,-0.249420440653045,"HM",-0.247683538478197,-0.249420440653045,0.0195373328788673,0.964998480854207,1.0070125862442,0.125802781654347,0.0210538704764874,FALSE,"uptake","AICc",TRUE,"convex (accelerating) trace",0.451292917368222,"HM",0.266749718976651,0.451292917368222,0.126818301606282,0.610150474524707,1.69182152880815,0.689582705856345,0.115483092348814,FALSE,"emission","SE | Intercept",FALSE,NA,"slurry"
"2025-05-06-13B_1",2025-05-06,13,"B",2025-05-06 14:41:09,2025-05-06 14:42:43,2025-05-06 14:40:44,6.29357,0.06197,318,100.707947368421,21.3377189473684,"2025-05-06-KT01 (1).json",FALSE,2025-05-06,"",1,FALSE,TRUE,"single",NA,TRUE,0.12394,6.35554,15.9686457347017,"LM",15.9686457347017,16.0495995482971,0.115608991857287,0.995096986515572,1.00506954784647,0.600708282400089,0.0996633022086752,FALSE,"emission","RMSE | SE | AICc",NA,NA,-0.0242164628536983,"HM",-0.0242331240821565,-0.0242164628536983,0.0151693700451136,0.215205739329566,0.99931246056424,0.125802781654347,0.0208718957504876,FALSE,"uptake","AICc | MDF | Intercept",TRUE,"convex (accelerating) trace",0.989892582261596,"HM",0.983598997438035,0.989892582261596,0.145611917534627,0.886075256951383,1.00639852708264,0.689582705856345,0.114466125644516,FALSE,"emission","SE | AICc",FALSE,NA,"slurry"
"2025-05-06-13C_1",2025-05-06,13,"C",2025-05-06 14:44:36,2025-05-06 14:46:10,2025-05-06 14:44:11,6.33332,0.06197,318,100.7084,21.2490389473684,"2025-05-06-KT01 (1).json",FALSE,2025-05-06,"",1,FALSE,TRUE,"single",NA,TRUE,0.12394,6.39529,11.3146205685751,"HM",10.9736670700097,11.3146205685751,0.0613153205621261,0.999758608090709,1.03107015151729,0.600708282400089,0.1003031732677,FALSE,"emission","",NA,NA,-0.121074319552528,"HM",-0.120450403393364,-0.121074319552528,0.0165171176136915,0.900620319308647,1.0051798594408,0.125802781654347,0.0210059001607545,FALSE,"uptake","AICc | Intercept",FALSE,NA,0.137919268698804,"HM",0.137613271781716,0.137919268698804,0.0896770561858127,0.280106048678966,1.00222360033394,0.689582705856345,0.115208595702505,FALSE,"emission","SE | AICc | Intercept",FALSE,NA,"slurry"
"2025-05-06-14A_1",2025-05-06,14,"A",2025-05-06 14:49:25,2025-05-06 14:50:59,2025-05-06 14:49:00,5.99544,0.06197,318,100.699031578947,21.7581378947368,"2025-05-06-KT01 (1).json",FALSE,2025-05-06,"",1,FALSE,TRUE,"single",NA,TRUE,0.12394,6.05741,9.22919421309112,"HM",9.11849999184054,9.22919421309112,0.0733983422928017,0.999682249053687,1.01213952090252,0.600708282400089,0.0948076599917071,FALSE,"emission","AICc",NA,NA,-0.0280736912522228,"HM",-0.0280767324444273,-0.0280736912522228,0.0140197384506491,0.375602245061511,0.999891682829881,0.125802781654347,0.0198550073280869,FALSE,"uptake","AICc | MDF | Intercept",TRUE,"convex (accelerating) trace",0.256194949070737,"HM",0.255198402735293,0.256194949070737,0.119593117417602,0.432975004808813,1.0039049865703,0.689582705856345,0.108890549755755,FALSE,"emission","SE | AICc",FALSE,NA,"compost"
"2025-05-06-14B_1",2025-05-06,14,"B",2025-05-06 14:53:08,2025-05-06 14:54:42,2025-05-06 14:52:43,6.33332,0.06197,318,100.709863157895,23.3481136842105,"2025-05-06-KT01 (1).json",FALSE,2025-05-06,"",1,FALSE,TRUE,"single",NA,TRUE,0.12394,6.39529,9.91229592562214,"HM",9.78502422133962,9.91229592562214,0.105393708169893,0.999375883612433,1.01300678479722,0.600708282400089,0.0992317916331913,FALSE,"emission","AICc",NA,NA,-0.136723695374081,"HM",-0.135187645652448,-0.136723695374081,0.015249532232171,0.931076831197386,1.01136235278172,0.125802781654347,0.0207815270435801,FALSE,"uptake","AICc",FALSE,NA,0.507664001196298,"HM",0.405725744470806,0.507664001196298,0.102941934207053,0.782976252800914,1.25124917044259,0.689582705856345,0.113991865271873,FALSE,"emission","SE | AICc | Intercept (LM)",FALSE,NA,"compost"
"2025-05-06-14C_1",2025-05-06,14,"C",2025-05-06 14:57:15,2025-05-06 14:58:49,2025-05-06 14:56:50,6.47244,0.06197,318,100.703326315789,23.2661852631579,"2025-05-06-KT01 (1).json",FALSE,2025-05-06,"",1,FALSE,TRUE,"single",NA,TRUE,0.12394,6.53441,11.560038392764,"HM",11.4569390827172,11.560038392764,0.18643216348818,0.99857121084957,1.00899885294863,0.600708282400089,0.101565345600899,FALSE,"emission","AICc",NA,NA,-0.166019099607269,"HM",-0.165592938574007,-0.166019099607269,0.0187964403305364,0.929517287331515,1.00257354593095,0.125802781654347,0.0212702294451938,FALSE,"uptake","AICc",TRUE,"convex (accelerating) trace",0.588125223697857,"HM",0.579638724567518,0.588125223697857,0.0862847595374591,0.886022030274653,1.01464101477463,0.689582705856345,0.11666872783725,FALSE,"emission","SE | AICc | Intercept",FALSE,NA,"compost"
"2025-05-06-15A_1",2025-05-06,15,"A",2025-05-06 15:13:35,2025-05-06 15:15:09,2025-05-06 15:13:10,6.01532,0.06197,318,100.696242105263,23.0105094736842,"2025-05-06-KT01 (1).json",FALSE,2025-05-06,"",1,FALSE,TRUE,"single",NA,TRUE,0.12394,6.07729,17.2145233899315,"HM",17.1018201567963,17.2145233899315,0.384755927018623,0.997215183705377,1.00659013088092,0.600708282400089,0.0944757607250539,FALSE,"emission","AICc",NA,NA,-0.419190543978672,"HM",-0.417769791320538,-0.419190543978672,0.0252024700636711,0.979261739065434,1.00340080275705,0.125802781654347,0.0197854996282643,FALSE,"uptake","AICc | Intercept",TRUE,"convex (accelerating) trace",0.454893020875201,"HM",0.453664721825819,0.454893020875201,0.0790542377186997,0.848257096987436,1.00270750400084,0.689582705856345,0.108514439254293,FALSE,"emission","SE | AICc",TRUE,"convex (accelerating) trace","control"
"2025-05-06-15B_1",2025-05-06,15,"B",2025-05-06 15:09:43,2025-05-06 15:11:17,2025-05-06 15:09:18,6.35319,0.06197,318,100.688168421053,22.2243315789474,"2025-05-06-KT01 (1).json",FALSE,2025-05-06,"",1,FALSE,TRUE,"single",NA,TRUE,0.12394,6.41516,10.0183659735738,"HM",9.93732416289159,10.0183659735738,0.162420381444653,0.998578202675607,1.00815529506271,0.600708282400089,0.100181045055274,FALSE,"emission","AICc",NA,NA,-0.163219566977244,"HM",-0.162468100679291,-0.163219566977244,0.0146614327786715,0.954438092969316,1.00462531595317,0.125802781654347,0.0209803235717648,FALSE,"uptake","AICc",TRUE,"convex (accelerating) trace",0.965525991255973,"HM",0.960191671780107,0.965525991255973,0.0951655910606535,0.945620563121701,1.00555547359203,0.689582705856345,0.115057124249697,FALSE,"emission","SE | AICc",TRUE,"convex (accelerating) trace","control"
"2025-05-06-15C_1",2025-05-06,15,"C",2025-05-06 15:16:56,2025-05-06 15:18:30,2025-05-06 15:16:31,6.25382,0.06197,318,100.677210526316,22.8875221052632,"2025-05-06-KT01 (1).json",FALSE,2025-05-06,"",1,FALSE,TRUE,"single",NA,TRUE,0.12394,6.31579,10.9647332164564,"HM",10.2831653214586,10.9647332164564,0.118518575775015,0.999000441923368,1.06627997058216,0.600708282400089,0.0982570163090907,FALSE,"emission","",NA,NA,-0.101953037541214,"HM",-0.101312255700484,-0.101953037541214,0.0145740486447465,0.891698231200863,1.00632482058858,0.125802781654347,0.0205773856144492,FALSE,"uptake","AICc | Intercept",FALSE,NA,0.802130431742831,"HM",0.757823820646424,0.802130431742831,0.0855475450067506,0.934858220508114,1.05846558248672,0.689582705856345,0.112859102311799,FALSE,"emission","SE | AICc",FALSE,NA,"control"
"2025-05-27-1A_1",2025-05-27,1,"A",2025-05-27 16:08:40,2025-05-27 16:10:15,2025-05-27 16:08:15,6.23792,0.06197,318,101.674395833333,24.4810645833333,"2025-05-06-KT01 (2).json",FALSE,2025-05-27,"",1,FALSE,TRUE,"single",NA,TRUE,0.12394,6.29989,10.625233330883,"HM",10.1487396285255,10.625233330883,0.0796153507814349,0.9995096921553,1.04695102247162,0.674093238365184,0.109343449009501,FALSE,"emission","",NA,NA,-0.321178994058472,"HM",-0.293917881749526,-0.321178994058472,0.0159145753155015,0.98429361084777,1.09275077836937,0.136286346792209,0.0221067626302046,FALSE,"uptake","",FALSE,NA,0.0656912015911242,"LM",0.0656912015911242,0.152299299893691,0.0288536611234101,0.0421781776593333,2.31841245410053,0.981293147600227,0.160001288923017,TRUE,"below detection","SE | AICc | g-fact. > 2 | Intercept",FALSE,NA,"slurry"
"2025-05-27-1B_1",2025-05-27,1,"B",2025-05-27 16:13:23,2025-05-27 16:14:58,2025-05-27 16:12:58,6.23633,0.06197,318,101.6690625,24.42234375,"2025-05-06-KT01 (2).json",FALSE,2025-05-27,"",1,FALSE,TRUE,"single",NA,TRUE,0.12394,6.2983,6.17144016523555,"HM",6.11393231369898,6.17144016523555,0.101823937882176,0.998486603583497,1.00940603339813,0.674093238365184,0.109538178573393,FALSE,"emission","AICc",NA,NA,-0.336907104669715,"HM",-0.265000318636071,-0.336907104669715,0.0203119769720828,0.972151255419234,1.27134603612456,0.136286346792209,0.0221461325264814,FALSE,"uptake","",FALSE,NA,0.141632106371694,"HM",0.141260583284435,0.141632106371694,0.112080761412412,0.204011390770381,1.00263005488594,0.981293147600227,0.160096884338803,TRUE,"below detection","SE | AICc | Intercept",FALSE,NA,"slurry"
"2025-05-27-1C_1",2025-05-27,1,"C",2025-05-27 16:20:15,2025-05-27 16:21:50,2025-05-27 16:19:50,6.01532,0.06197,318,101.662916666667,24.693290625,"2025-05-06-KT01 (2).json",FALSE,2025-05-27,"",1,FALSE,TRUE,"single",NA,TRUE,0.12394,6.07729,11.7198037315765,"HM",10.6019657402236,11.7198037315765,0.0832568366109973,0.998976751459393,1.10543686130883,0.674093238365184,0.105199212744646,FALSE,"emission","",NA,NA,-0.483860025865089,"HM",-0.435789027660453,-0.483860025865089,0.0156585436664253,0.992679211491328,1.11030795902023,0.136286346792209,0.0212688921567511,FALSE,"uptake","",FALSE,NA,0.0686064887472385,"LM",0.0686064887472385,0.150081224040527,0.0231408224309188,0.0757826522733136,2.18756602736892,0.981293147600227,0.153358717142874,TRUE,"below detection","SE | AICc | g-fact. > 2 | Intercept",FALSE,NA,"slurry"
"2025-05-27-2A_1",2025-05-27,2,"A",2025-05-27 16:29:52,2025-05-27 16:31:26,2025-05-27 16:29:27,6.19817,0.06197,318,101.644410526316,24.7929715789474,"2025-05-06-KT01 (2).json",FALSE,2025-05-27,"",1,FALSE,TRUE,"single",NA,TRUE,0.12394,6.26014,8.11537320868224,"HM",7.8081102065157,8.11537320868224,0.0713282983988275,0.999429344727988,1.03935177578694,0.674093238365184,0.109854515162149,FALSE,"emission","",NA,NA,-0.385149606229706,"HM",-0.381257292373929,-0.385149606229706,0.0172747100104843,0.988257331454653,1.01020915254248,0.136286346792209,0.0222100886019684,FALSE,"uptake","AICc",FALSE,NA,0.0332953683464614,"HM",0.030369353310125,0.0332953683464614,0.124498544322438,0.000874733858941212,1.09634762408197,0.981293147600227,0.160172640349939,TRUE,"below detection","SE | AICc | p-value | Intercept",FALSE,NA,"control"
"2025-05-27-2B_1",2025-05-27,2,"B",2025-05-27 16:39:43,2025-05-27 16:41:18,2025-05-27 16:39:18,6.08687,0.06197,318,101.667208333333,24.7384635416667,"2025-05-06-KT01 (2).json",FALSE,2025-05-27,"",1,FALSE,TRUE,"single",NA,TRUE,0.12394,6.14884,16.0527763736976,"HM",15.2062063599969,16.0527763736976,0.191799969620757,0.99891787076816,1.05567266375707,0.674093238365184,0.106449433408529,FALSE,"emission","",NA,NA,-0.625021256729974,"HM",-0.512766894100757,-0.625021256729974,0.0258374221529773,0.986023336026122,1.21891889652135,0.136286346792209,0.0215216583873959,FALSE,"uptake","",FALSE,NA,0.0780528600224878,"HM",0.0772644603897672,0.0780528600224878,0.136062465410217,0.0422688548353656,1.01020391042328,0.981293147600227,0.155497023524901,TRUE,"below detection","SE | AICc | Intercept",FALSE,NA,"control"
"2025-05-27-2C_1",2025-05-27,2,"C",2025-05-27 16:34:52,2025-05-27 16:36:27,2025-05-27 16:34:27,6.24587,0.06197,318,101.656864583333,24.9301635416667,"2025-05-06-KT01 (2).json",FALSE,2025-05-27,"",1,FALSE,TRUE,"single",NA,TRUE,0.12394,6.30784,13.2528722620293,"HM",12.0812477328254,13.2528722620293,0.104048819949845,0.999021800479528,1.0969787686764,0.674093238365184,0.109548639799939,FALSE,"emission","",NA,NA,-0.429140281104362,"HM",-0.425515407275318,-0.429140281104362,0.0171504683693815,0.990630025705596,1.00851878396661,0.136286346792209,0.0221482475489556,FALSE,"uptake","AICc",TRUE,"convex (accelerating) trace",0.0389409723892176,"HM",0.0213398628857925,0.0389409723892176,0.159867414452012,-0.00587042812343319,1.82479955928599,0.981293147600227,0.159711915872015,TRUE,"below detection","SE | AICc | p-value | Intercept",FALSE,NA,"control"
"2025-05-27-3A_1",2025-05-27,3,"A",2025-05-27 16:49:52,2025-05-27 16:51:27,2025-05-27 16:49:27,6.14252,0.06197,318,101.658041666667,23.2932520833333,"2025-05-06-KT01 (2).json",FALSE,2025-05-27,"",1,FALSE,TRUE,"single",NA,TRUE,0.12394,6.20449,8.89070329197521,"HM",8.75260161607173,8.89070329197521,0.076189870810602,0.999564037715861,1.01577835733434,0.674093238365184,0.108168268398259,FALSE,"emission","AICc",NA,NA,-0.338470343017284,"HM",-0.334722136022266,-0.338470343017284,0.0154901852940151,0.98762421927543,1.01119796569047,0.136286346792209,0.0218691677943395,FALSE,"uptake","AICc",FALSE,NA,-0.00751156476504044,"HM",-0.00751649908097156,-0.00751156476504044,0.117383019565808,-0.0100421713250975,0.99934353535097,0.981293147600227,0.158126823358118,TRUE,"below detection","SE | AICc | p-value | MDF | Intercept",FALSE,NA,"compost"
"2025-05-27-3B_1",2025-05-27,3,"B",2025-05-27 16:54:18,2025-05-27 16:55:53,2025-05-27 16:53:53,5.99147,0.06197,318,101.649583333333,22.7066114583333,"2025-05-06-KT01 (2).json",FALSE,2025-05-27,"",1,FALSE,TRUE,"single",NA,TRUE,0.12394,6.05344,15.2628780590405,"HM",13.6823182516519,15.2628780590405,0.104214510431056,0.998877795290599,1.11551842153634,0.674093238365184,0.105711233918419,FALSE,"emission","",NA,NA,-0.462184742842919,"HM",-0.445269761725653,-0.462184742842919,0.0154161216703972,0.993161907482499,1.03798816486373,0.136286346792209,0.0213724112121017,FALSE,"uptake","AICc",FALSE,NA,0.0768829691075339,"LM",0.0768829691075339,0.264627350449802,0.0313933675745619,0.0499781161404426,3.44195019419288,0.981293147600227,0.154420632941128,TRUE,"below detection","SE | g-fact. > 2 | Intercept",FALSE,NA,"compost"
"2025-05-27-3C_1",2025-05-27,3,"C",2025-05-27 16:44:46,2025-05-27 16:46:21,2025-05-27 16:44:21,6.36512,0.06197,318,101.666552083333,24.1347302083333,"2025-05-06-KT01 (2).json",FALSE,2025-05-27,"",1,FALSE,TRUE,"single",NA,TRUE,0.12394,6.42709,9.79710556074023,"HM",9.6442722437782,9.79710556074023,0.0935135108346325,0.999453608475383,1.01584705544378,0.674093238365184,0.111721093172814,FALSE,"emission","AICc",NA,NA,-0.416178058607673,"HM",-0.410808911461893,-0.416178058607673,0.014504556777783,0.992809465302524,1.01306969492622,0.136286346792209,0.0225874682930824,FALSE,"uptake","AICc",FALSE,NA,-0.0193891666090468,"HM",-0.0193986120916328,-0.0193891666090468,0.094583542690407,-0.00460390246054532,0.999513084619591,0.981293147600227,0.162918454763343,TRUE,"below detection","SE | AICc | p-value | MDF | Intercept",FALSE,NA,"compost"
"2025-05-27-4Aredo_1",2025-05-27,4,"A",2025-05-27 15:54:02,2025-05-27 15:55:37,2025-05-27 15:53:37,6.18227,0.06197,318,101.699947916667,25.4266239583333,"2025-05-06-KT01 (2).json",FALSE,2025-05-27,"",1,FALSE,TRUE,"single",NA,TRUE,0.12394,6.24424,6.95085569048307,"HM",6.20840102027463,6.95085569048307,0.133221152774694,0.996780034958188,1.11958871016608,0.674093238365184,0.108131688531722,FALSE,"emission","",NA,NA,-0.389201796562451,"HM",-0.373348203687254,-0.389201796562451,0.0165301018616267,0.988967145872996,1.04246328954746,0.136286346792209,0.0218617721759105,FALSE,"uptake","AICc",FALSE,NA,-0.0802562364053313,"HM",-0.0431974405464478,-0.0802562364053313,0.181315508928588,0.0128052059819935,1.85789332400461,0.981293147600227,0.157932886112612,TRUE,"below detection","SE | AICc | p-value | Intercept",FALSE,NA,"compost"
"2025-05-27-4B_1",2025-05-27,4,"B",2025-05-27 15:30:06,2025-05-27 15:31:40,2025-05-27 15:29:41,6.19022,0.06197,318,101.721936842105,25.9238547368421,"2025-05-06-KT01 (2).json",FALSE,2025-05-27,"",1,FALSE,TRUE,"single",NA,TRUE,0.12394,6.25219,11.182172391639,"HM",10.9339553767377,11.182172391639,0.0984321297180663,0.9995012092675,1.02270148417007,0.674093238365184,0.108998329000167,FALSE,"emission","",NA,NA,-0.460883177478954,"HM",-0.456638509140443,-0.460883177478954,0.0188185230041037,0.990285360073126,1.00929546731944,0.136286346792209,0.0220369872006348,FALSE,"uptake","AICc",TRUE,"convex (accelerating) trace",0.0559368714952641,"LM",0.0559368714952641,0.166868809859063,0.0320560006438621,0.0212914179045863,2.98316308006591,0.981293147600227,0.159122615065287,TRUE,"below detection","SE | g-fact. > 2 | p-value | Intercept",FALSE,NA,"compost"
"2025-05-27-4C_1",2025-05-27,4,"C",2025-05-27 16:01:32,2025-05-27 16:03:07,2025-05-27 16:01:07,6.11072,0.06197,318,101.688229166667,24.9334,"2025-05-06-KT01 (2).json",FALSE,2025-05-27,"",1,FALSE,TRUE,"single",NA,TRUE,0.12394,6.17269,11.6633155167759,"HM",10.8828414650749,11.6633155167759,0.111550772205189,0.999098208121196,1.07171601775196,0.674093238365184,0.10697287232675,FALSE,"emission","",NA,NA,-0.358674688691004,"HM",-0.356795435175579,-0.358674688691004,0.0197724505686243,0.982265615699956,1.005267033516,0.136286346792209,0.0216274858514217,FALSE,"uptake","AICc",TRUE,"convex (accelerating) trace",0.157250107522888,"HM",0.0817798278690282,0.157250107522888,0.19586909552328,0.0623230966753922,1.92284713260496,0.981293147600227,0.156181626389419,FALSE,"emission","SE | AICc | Intercept",FALSE,NA,"compost"
"2025-05-27-5A_1",2025-05-27,5,"A",2025-05-27 15:16:10,2025-05-27 15:17:44,2025-05-27 15:15:45,6.32537,0.06197,318,101.731526315789,26.2692421052632,"2025-05-06-KT01 (2).json",FALSE,2025-05-27,"",1,FALSE,TRUE,"single",NA,TRUE,0.12394,6.38734,16.5615835738593,"HM",15.7381880077267,16.5615835738593,0.119592353589983,0.999502889367213,1.05231832061787,0.674093238365184,0.111311325802731,FALSE,"emission","",NA,NA,-0.542632607874238,"HM",-0.519620253127961,-0.542632607874238,0.0188186844014355,0.992639811151531,1.04428687028219,0.136286346792209,0.0225046226350564,FALSE,"uptake","AICc",FALSE,NA,0.395503413555523,"HM",0.305274740983326,0.395503413555523,0.151976977860696,0.495754851705517,1.29556547089864,0.981293147600227,0.162252689285438,FALSE,"emission","SE | AICc | Intercept",FALSE,NA,"control"
"2025-05-27-5B_1",2025-05-27,5,"B",2025-05-27 15:19:57,2025-05-27 15:21:31,2025-05-27 15:19:32,6.19817,0.06197,318,101.725536842105,26.2688915789474,"2025-05-06-KT01 (2).json",FALSE,2025-05-27,"",1,FALSE,TRUE,"single",NA,TRUE,0.12394,6.26014,14.2840339280328,"HM",12.4601121489093,14.2840339280328,0.111700140138123,0.998298077103293,1.14638084772641,0.674093238365184,0.108879223080539,FALSE,"emission","",NA,NA,-0.62660237600417,"HM",-0.535459705554775,-0.62660237600417,0.0197052274985869,0.991974542999049,1.17021387324554,0.136286346792209,0.0220129066881128,FALSE,"uptake","",FALSE,NA,0.0749936217183546,"HM",0.0747458648072289,0.0749936217183546,0.116472553022464,0.0559241797896936,1.00331465709527,0.981293147600227,0.158625308508834,TRUE,"below detection","SE | AICc | Intercept",FALSE,NA,"control"
"2025-05-27-5C_1",2025-05-27,5,"C",2025-05-27 15:23:25,2025-05-27 15:24:59,2025-05-27 15:23:00,6.32537,0.06197,318,101.721915789474,26.4323736842105,"2025-05-06-KT01 (2).json",FALSE,2025-05-27,"",1,FALSE,TRUE,"single",NA,TRUE,0.12394,6.38734,9.86409447872427,"HM",9.26614599076625,9.86409447872427,0.105788387454093,0.999027102768291,1.06453044108671,0.674093238365184,0.111581806068184,FALSE,"emission","",NA,NA,-0.550020513336222,"HM",-0.543292673862639,-0.550020513336222,0.0186912156786787,0.99323338443054,1.01238345333418,0.136286346792209,0.0225593076031883,FALSE,"uptake","AICc",FALSE,NA,-0.00755649530712015,"HM",-0.0051807204066847,-0.00755649530712015,0.139680245362861,-0.010487179489719,1.45858002631641,0.981293147600227,0.162543555132733,TRUE,"below detection","SE | AICc | p-value | MDF | Intercept",FALSE,NA,"control"
"2025-05-27-6a_1",2025-05-27,6,"A",2025-05-27 15:00:46,2025-05-27 15:02:20,2025-05-27 15:00:21,5.98352,0.06197,318,101.749221052632,29.0100505263158,"2025-05-06-KT01 (2).json",FALSE,2025-05-27,"",1,FALSE,TRUE,"single",NA,TRUE,0.12394,6.04549,9.92670259968636,"HM",8.89047002477649,9.92670259968636,0.12167262508223,0.998222675861235,1.116555432055,0.674093238365184,0.104217765065858,FALSE,"emission","",NA,NA,-0.522812283556207,"HM",-0.471640545912217,-0.522812283556207,0.0154763734901347,0.993815342564724,1.10849732510808,0.136286346792209,0.0210704657209155,FALSE,"uptake","",FALSE,NA,-0.0631366939159008,"LM",-0.0631366939159008,-0.174461215378994,0.0272249536974203,0.0445028511687035,2.76323013700051,0.981293147600227,0.152238912066129,TRUE,"below detection","SE | AICc | g-fact. > 2 | Intercept",FALSE,NA,"slurry"
"2025-05-27-6B_1",2025-05-27,6,"B",2025-05-27 15:05:06,2025-05-27 15:06:40,2025-05-27 15:04:41,6.68153,0.06197,318,101.742368421053,27.9952526315789,"2025-05-06-KT01 (2).json",FALSE,2025-05-27,"",1,FALSE,TRUE,"single",NA,TRUE,0.12394,6.7435,9.08131079232105,"HM",8.93690592483009,9.08131079232105,0.137429180763886,0.998628625376272,1.01615826200987,0.674093238365184,0.116818771631896,FALSE,"emission","AICc",NA,NA,-0.319414012585088,"HM",-0.31760805823367,-0.319414012585088,0.018380785250071,0.980867056225685,1.00568610998556,0.136286346792209,0.0236181031292878,FALSE,"uptake","AICc",TRUE,"convex (accelerating) trace",0.0756000378641177,"HM",0.064412054992096,0.0756000378641177,0.14401645566419,0.0311428075702505,1.17369392846408,0.981293147600227,0.170489811515562,TRUE,"below detection","SE | AICc | Intercept",FALSE,NA,"slurry"
"2025-05-27-6C_1",2025-05-27,6,"C",2025-05-27 15:09:24,2025-05-27 15:10:58,2025-05-27 15:08:59,6.38102,0.06197,318,101.739389473684,26.01714,"2025-05-06-KT01 (2).json",FALSE,2025-05-27,"",1,FALSE,TRUE,"single",NA,TRUE,0.12394,6.44299,9.95868654904501,"HM",9.73983571367375,9.95868654904501,0.115494914299739,0.999161729341836,1.02246966394557,0.674093238365184,0.112494366696202,FALSE,"emission","",NA,NA,-0.430286435282476,"HM",-0.426456534120858,-0.430286435282476,0.017563203126541,0.990294807460921,1.00898075385224,0.136286346792209,0.0227438066415122,FALSE,"uptake","AICc",TRUE,"convex (accelerating) trace",0.0959664238452463,"HM",0.0960087086429943,0.0959664238452463,0.119916626084641,0.0891161950293685,0.999559573310112,0.981293147600227,0.164038090654142,TRUE,"below detection","SE | AICc | Intercept",TRUE,"convex (accelerating) trace","slurry"
"2025-05-27-7A_1",2025-05-27,7,"A",2025-05-27 13:08:30,2025-05-27 13:10:04,2025-05-27 13:08:05,6.18227,0.06197,318,101.857263157895,27.69004,"2025-05-06-KT01 (2).json",FALSE,2025-05-27,"",1,FALSE,TRUE,"single",NA,TRUE,0.12394,6.24424,15.0272330050236,"HM",14.7711487239464,15.0272330050236,0.133202910213036,0.999511767909772,1.01733678848295,0.674093238365184,0.108136202165579,FALSE,"emission","",NA,NA,-0.313718402559089,"HM",-0.293451074336034,-0.313718402559089,0.0162392272168483,0.983543724682567,1.06906544223398,0.136286346792209,0.0218626847301895,FALSE,"uptake","AICc",FALSE,NA,0.233886540532903,"LM",0.233886540532903,0.47849517980765,0.0279444106175793,0.423496800401521,2.04584316274641,0.981293147600227,0.157844420291817,FALSE,"emission","SE | g-fact. > 2 | Intercept",FALSE,NA,"control"
"2025-05-27-7B_1",2025-05-27,7,"B",2025-05-27 13:15:09,2025-05-27 13:16:43,2025-05-27 13:14:44,6.23792,0.06197,318,101.857463157895,27.5096831578947,"2025-05-06-KT01 (2).json",FALSE,2025-05-27,"",1,FALSE,TRUE,"single",NA,TRUE,0.12394,6.29989,14.158503488985,"HM",13.3247651164478,14.158503488985,0.121293915248724,0.999296073912752,1.06257058681718,0.674093238365184,0.1091882061336,FALSE,"emission","",NA,NA,-0.410329483725914,"HM",-0.405685207031713,-0.410329483725914,0.0142373457139667,0.992946322578613,1.01144798137497,0.136286346792209,0.0220753760456524,FALSE,"uptake","AICc",FALSE,NA,0.54256370492261,"HM",0.308470908203418,0.54256370492261,0.164582013442362,0.566880939803185,1.75888127694954,0.981293147600227,0.159298998621198,FALSE,"emission","SE | Intercept",FALSE,NA,"control"
"2025-05-27-7C_1",2025-05-27,7,"C",2025-05-27 13:00:56,2025-05-27 13:02:30,2025-05-27 13:00:31,6.23792,0.06197,318,101.867126315789,29.0843052631579,"2025-05-06-KT01 (2).json",FALSE,2025-05-27,"",1,FALSE,TRUE,"single",NA,TRUE,0.12394,6.29989,13.7017830435451,"HM",12.2481455567096,13.7017830435451,0.0958250252452336,0.998821984796208,1.11868225112978,0.674093238365184,0.108448691205742,FALSE,"emission","",NA,NA,-0.292147714116812,"HM",-0.287711656174129,-0.292147714116812,0.0168648868097997,0.980484170803064,1.01541841579056,0.136286346792209,0.0219258629187138,FALSE,"uptake","AICc",FALSE,NA,0.533521421404572,"HM",0.31719768845939,0.533521421404572,0.170767351930622,0.54794534032857,1.6819839513833,0.981293147600227,0.158387455859412,FALSE,"emission","SE | Intercept",FALSE,NA,"control"
"2025-05-27-8A_1",2025-05-27,8,"A",2025-05-27 13:23:52,2025-05-27 13:25:26,2025-05-27 13:23:27,6.23792,0.06197,318,101.855094736842,28.7282189473684,"2025-05-06-KT01 (2).json",FALSE,2025-05-27,"",1,FALSE,TRUE,"single",NA,TRUE,0.12394,6.29989,8.63445494424148,"HM",8.02471995166486,8.63445494424148,0.108808906927629,0.998656397310007,1.07598208987344,0.674093238365184,0.10888697344758,FALSE,"emission","",NA,NA,-0.4321515347891,"HM",-0.428457657406393,-0.4321515347891,0.0161948006063143,0.991853576192235,1.00862133589832,0.136286346792209,0.0220144736363483,FALSE,"uptake","AICc",TRUE,"convex (accelerating) trace",0.0767547120984258,"HM",0.0767496167095889,0.0767547120984258,0.10941692527765,0.0676492451090792,1.00006638976265,0.981293147600227,0.158904780511026,TRUE,"below detection","SE | AICc | Intercept",FALSE,NA,"compost"
"2025-05-27-8B_1",2025-05-27,8,"B",2025-05-27 13:31:28,2025-05-27 13:33:03,2025-05-27 13:31:03,6.34922,0.06197,318,101.845729166667,27.4173489583333,"2025-05-06-KT01 (2).json",FALSE,2025-05-27,"",1,FALSE,TRUE,"single",NA,TRUE,0.12394,6.41119,10.4475690179817,"HM",10.2880538560792,10.4475690179817,0.157525260848328,0.998647982313745,1.01550489180305,0.674093238365184,0.110337228761453,FALSE,"emission","AICc",NA,NA,-0.3361886974197,"HM",-0.333528117084482,-0.3361886974197,0.016322465855396,0.986179185240704,1.0079770795892,0.136286346792209,0.0223076823312211,FALSE,"uptake","AICc",TRUE,"convex (accelerating) trace",0.0544499954727802,"HM",0.0545124446126636,0.0544499954727802,0.119062652164028,0.0232072287255047,0.998854405809038,0.981293147600227,0.161137531449205,TRUE,"below detection","SE | AICc | p-value | Intercept",TRUE,"convex (accelerating) trace","compost"
"2025-05-27-8C_1",2025-05-27,8,"C",2025-05-27 13:38:04,2025-05-27 13:39:38,2025-05-27 13:37:39,6.29357,0.06197,318,101.845421052632,27.34388,"2025-05-06-KT01 (2).json",FALSE,2025-05-27,"",1,FALSE,TRUE,"single",NA,TRUE,0.12394,6.35554,14.0237834598299,"HM",13.0057696839484,14.0237834598299,0.134574628645391,0.9990409216887,1.07827401227456,0.674093238365184,0.110301188292717,FALSE,"emission","",NA,NA,-0.534913782389963,"HM",-0.507442113706636,-0.534913782389963,0.0147008676925988,0.995230800967073,1.05413754188169,0.136286346792209,0.02230039576678,FALSE,"uptake","",FALSE,NA,0.100830555687781,"LM",0.100830555687781,0.250940500879227,0.0285316959449878,0.108912200101189,2.48873468134261,0.981293147600227,0.161118311111287,TRUE,"below detection","SE | AICc | g-fact. > 2 | Intercept",FALSE,NA,"compost"
"2025-05-27-9A_1",2025-05-27,9,"A",2025-05-27 13:58:45,2025-05-27 14:00:20,2025-05-27 13:58:20,6.20612,0.06197,318,101.819197916667,28.1660416666667,"2025-05-06-KT01 (2).json",FALSE,2025-05-27,"",1,FALSE,TRUE,"single",NA,TRUE,0.12394,6.26809,9.76551847736539,"HM",9.34992802841945,9.76551847736539,0.107297653251827,0.999131800388519,1.04444851850011,0.674093238365184,0.107386281005662,FALSE,"emission","",NA,NA,-0.394650201471501,"HM",-0.348747306605124,-0.394650201471501,0.0187247209480133,0.984789270228496,1.13162222043582,0.136286346792209,0.0217110676994134,FALSE,"uptake","",FALSE,NA,0.0600849053493945,"HM",0.0545761600408407,0.0600849053493945,0.127464827875615,0.024198321526087,1.10093684320098,0.981293147600227,0.156780928217695,TRUE,"below detection","SE | AICc | p-value | Intercept",FALSE,NA,"compost"
"2025-05-27-9B_1",2025-05-27,9,"B",2025-05-27 13:49:21,2025-05-27 13:50:55,2025-05-27 13:48:56,6.24587,0.06197,318,101.835873684211,28.3360589473684,"2025-05-06-KT01 (2).json",FALSE,2025-05-27,"",1,FALSE,TRUE,"single",NA,TRUE,0.12394,6.30784,8.18536834677961,"HM",8.11105491975616,8.18536834677961,0.147428664193447,0.998221343440904,1.00916199283061,0.674093238365184,0.109416341853226,FALSE,"emission","AICc",NA,NA,-0.331850154116942,"HM",-0.329129633941074,-0.331850154116942,0.01616241745668,0.986205331415103,1.00826580136007,0.136286346792209,0.0221214999080962,FALSE,"uptake","AICc",TRUE,"convex (accelerating) trace",0.22945535358844,"HM",0.180723348293209,0.22945535358844,0.121863306840748,0.341096349736262,1.26964974783539,0.981293147600227,0.15958093193103,FALSE,"emission","SE | AICc | Intercept (LM)",FALSE,NA,"compost"
"2025-05-27-9C_1",2025-05-27,9,"C",2025-05-27 14:04:54,2025-05-27 14:06:29,2025-05-27 14:04:29,6.17432,0.06197,318,101.809875,27.8155729166667,"2025-05-06-KT01 (2).json",FALSE,2025-05-27,"",1,FALSE,TRUE,"single",NA,TRUE,0.12394,6.23629,8.90951861036597,"HM",8.7718763207697,8.90951861036597,0.125355612608169,0.998803451886074,1.0156913167221,0.674093238365184,0.107172365585671,FALSE,"emission","AICc",NA,NA,-0.381973847494296,"HM",-0.379462115783137,-0.381973847494296,0.0180677555124464,0.986911330761564,1.00661918965474,0.136286346792209,0.0216678188586686,FALSE,"uptake","AICc",TRUE,"convex (accelerating) trace",0.191354935069119,"HM",0.190801606773679,0.191354935069119,0.115597295487517,0.308984052367262,1.00290001905538,0.981293147600227,0.156466820681392,FALSE,"emission","SE | AICc | Intercept",FALSE,NA,"compost"
"2025-05-27-10A2_1",2025-05-27,10,"A",2025-05-27 12:41:25,2025-05-27 12:42:59,2025-05-27 12:41:00,6.36512,0.06197,318,101.885347368421,27.9496063157895,"2025-05-06-KT01 (2).json",FALSE,2025-05-27,"",1,FALSE,TRUE,"single",NA,TRUE,0.12394,6.42709,10.6555306454662,"HM",9.30590525322469,10.6555306454662,0.155252111638977,0.997375064935396,1.14502892040233,0.674093238365184,0.111517400477282,FALSE,"emission","",NA,NA,-0.225130164910634,"HM",-0.22397174416048,-0.225130164910634,0.0164710394818685,0.969369915310451,1.0051721736351,0.136286346792209,0.0225462862551055,FALSE,"uptake","AICc",TRUE,"convex (accelerating) trace",0.211795996318792,"HM",0.210907766086815,0.211795996318792,0.118137672865926,0.347127379303835,1.00421146289896,0.981293147600227,0.16269508137801,FALSE,"emission","SE | AICc | Intercept",FALSE,NA,"control"
"2025-05-27-10B_1",2025-05-27,10,"B",2025-05-27 12:53:27,2025-05-27 12:55:01,2025-05-27 12:53:02,6.00737,0.06197,318,101.874989473684,28.6895947368421,"2025-05-06-KT01 (2).json",FALSE,2025-05-27,"",1,FALSE,TRUE,"single",NA,TRUE,0.12394,6.06934,7.86680757055973,"HM",7.74379339941126,7.86680757055973,0.0863519813554988,0.999285549535899,1.01588551822132,0.674093238365184,0.104948089997663,FALSE,"emission","AICc",NA,NA,-0.35754769662006,"HM",-0.354905233150081,-0.35754769662006,0.0162746773264137,0.987980102441212,1.00744554665065,0.136286346792209,0.0212181208393206,FALSE,"uptake","AICc",TRUE,"convex (accelerating) trace",0.0435465876879159,"LM",0.0435465876879159,0.0876586096641906,0.0287720282697081,0.013544821678945,2.01298458314142,0.981293147600227,0.152978380560006,TRUE,"below detection","SE | AICc | g-fact. > 2 | p-value | Intercept",FALSE,NA,"control"
"2025-05-27-10C_1",2025-05-27,10,"C",2025-05-27 12:46:57,2025-05-27 12:48:31,2025-05-27 12:46:32,5.99544,0.06197,318,101.880789473684,28.5617957894737,"2025-05-06-KT01 (2).json",FALSE,2025-05-27,"",1,FALSE,TRUE,"single",NA,TRUE,0.12394,6.05741,7.65037478450799,"HM",7.19030925944708,7.65037478450799,0.0752422120590903,0.999140072293701,1.06398410811836,0.674093238365184,0.104784075531208,FALSE,"emission","",NA,NA,-0.323489959616012,"HM",-0.295031652392539,-0.323489959616012,0.0152700039843967,0.98579092545214,1.09645848841198,0.136286346792209,0.0211849608383266,FALSE,"uptake","",FALSE,NA,0.207622417124935,"HM",0.20684227829842,0.207622417124935,0.123017075680553,0.319672758179513,1.00377166038265,0.981293147600227,0.152809185922513,FALSE,"emission","SE | AICc | Intercept",FALSE,NA,"control"
"2025-05-27-11A_1",2025-05-27,11,"A",2025-05-27 12:33:24,2025-05-27 12:34:59,2025-05-27 12:32:59,6.23394,0.06197,318,101.88578125,28.2207458333333,"2025-05-06-KT01 (2).json",FALSE,2025-05-27,"",1,FALSE,TRUE,"single",NA,TRUE,0.12394,6.29591,10.7122921899065,"HM",9.92606662309286,10.7122921899065,0.183917668628574,0.997759175759924,1.07920816942579,0.674093238365184,0.107891993681127,FALSE,"emission","",NA,NA,-0.275102256802898,"HM",-0.272625073770667,-0.275102256802898,0.016187662531794,0.979731196262177,1.00908640939723,0.136286346792209,0.0218133113196472,FALSE,"uptake","AICc",FALSE,NA,-0.0632601683351256,"HM",-0.0632214318080627,-0.0632601683351256,0.0511218365515609,0.0188109513190465,1.00061271195471,0.981293147600227,0.157470989997502,TRUE,"below detection","SE | AICc | p-value | Intercept",FALSE,NA,"slurry"
"2025-05-27-11B_1",2025-05-27,11,"B",2025-05-27 12:27:15,2025-05-27 12:28:50,2025-05-27 12:26:50,6.21407,0.06197,318,101.8923125,27.4561958333333,"2025-05-06-KT01 (2).json",FALSE,2025-05-27,"",1,FALSE,TRUE,"single",NA,TRUE,0.12394,6.27604,11.2313599675416,"HM",10.2868241133172,11.2313599675416,0.149112267063125,0.998369535899195,1.09181996735043,0.674093238365184,0.107983591869586,FALSE,"emission","",NA,NA,-0.282139676574256,"HM",-0.24348213009678,-0.282139676574256,0.0192238054113612,0.969521614143179,1.15876954280838,0.136286346792209,0.0218318303935192,FALSE,"uptake","Intercept (LM)",FALSE,NA,0.0783563288862031,"LM",0.0783563288862031,0.239954729685036,0.0291530371876599,0.0614878219520454,3.06235288324345,0.981293147600227,0.157637738554535,TRUE,"below detection","SE | AICc | g-fact. > 2 | Intercept (HM)",FALSE,NA,"slurry"
"2025-05-27-11C_1",2025-05-27,11,"C",2025-05-27 12:21:56,2025-05-27 12:23:30,2025-05-27 12:21:31,5.95569,0.06197,318,101.896842105263,27.9033084210526,"2025-05-06-KT01 (2).json",FALSE,2025-05-27,"",1,FALSE,TRUE,"single",NA,TRUE,0.12394,6.01766,10.1900812927865,"HM",8.90796839014448,10.1900812927865,0.110828554574538,0.997972912076369,1.14392876652554,0.674093238365184,0.104223342429827,FALSE,"emission","",NA,NA,-0.392089724829469,"HM",-0.325167524000404,-0.392089724829469,0.0178789988024571,0.984166226046267,1.20580837841907,0.136286346792209,0.0210715933372699,FALSE,"uptake","",FALSE,NA,0.0552559324952678,"LM",0.0552559324952678,0.135909915294484,0.0304662288066686,0.0237765297033965,2.45964386369053,0.981293147600227,0.152229252011422,TRUE,"below detection","SE | AICc | g-fact. > 2 | p-value | Intercept",FALSE,NA,"slurry"
"2025-05-27-12A_1",2025-05-27,12,"A",2025-05-27 12:08:06,2025-05-27 12:09:41,2025-05-27 12:07:41,6.35319,0.06197,318,101.898052083333,28.0167958333333,"2025-05-06-KT01 (2).json",FALSE,2025-05-27,"",1,FALSE,TRUE,"single",NA,TRUE,0.12394,6.41516,7.45319333186047,"HM",7.28461771218653,7.45319333186047,0.0904092353655207,0.999082548856294,1.0231413131525,0.674093238365184,0.110353789550853,FALSE,"emission","",NA,NA,-0.511122106646432,"HM",-0.506206528956115,-0.511122106646432,0.0198091462184711,0.991154959884266,1.00971061693032,0.136286346792209,0.0223110305468074,FALSE,"uptake","AICc | Intercept",FALSE,NA,0.113576581438465,"LM",0.113576581438465,0.516666070460387,0.0290665922678119,0.130580055585649,4.54905460189707,0.981293147600227,0.160886635625755,TRUE,"below detection","SE | g-fact. > 2 | Intercept",FALSE,NA,"slurry"
"2025-05-27-12B_1",2025-05-27,12,"B",2025-05-27 12:14:47,2025-05-27 12:16:22,2025-05-27 12:14:22,6.09482,0.06197,318,101.896520833333,27.0514072916667,"2025-05-06-KT01 (2).json",FALSE,2025-05-27,"",1,FALSE,TRUE,"single",NA,TRUE,0.12394,6.15679,13.4415527588432,"HM",12.5796936032228,13.4415527588432,0.15301678129702,0.99889895287175,1.06851193540991,0.674093238365184,0.105909472006077,FALSE,"emission","",NA,NA,-0.38823295864234,"HM",-0.384315649268647,-0.38823295864234,0.0148870524221635,0.991346189358002,1.01019294785718,0.136286346792209,0.021412490452219,FALSE,"uptake","AICc",FALSE,NA,0.138648932681959,"HM",0.13816343639839,0.138648932681959,0.130235220035794,0.151490235687839,1.00351392739081,0.981293147600227,0.154633604105186,TRUE,"below detection","SE | AICc | Intercept",FALSE,NA,"slurry"
"2025-05-27-12C_1",2025-05-27,12,"C",2025-05-27 11:54:53,2025-05-27 11:56:27,2025-05-27 11:54:28,5.85632,0.06197,318,101.894221052632,28.0527294736842,"2025-05-06-KT01 (2).json",FALSE,2025-05-27,"",1,FALSE,TRUE,"single",NA,TRUE,0.12394,5.91829,8.2583080129924,"HM",7.47639111469951,8.2583080129924,0.126023454051415,0.997863282766989,1.10458480385751,0.674093238365184,0.102545312011351,FALSE,"emission","",NA,NA,-0.263941226811177,"HM",-0.26184454346672,-0.263941226811177,0.0164764106531534,0.97748875371312,1.00800735931594,0.136286346792209,0.0207323336881227,FALSE,"uptake","AICc",TRUE,"convex (accelerating) trace",0.0672713040088824,"HM",0.0360139970068148,0.0672713040088824,0.163577610967776,0.00754382559783462,1.86792107513512,0.981293147600227,0.149652547661362,TRUE,"below detection","SE | AICc | p-value | Intercept",FALSE,NA,"slurry"
"2025-05-27-13A2_1",2025-05-27,13,"A",2025-05-27 11:10:26,2025-05-27 11:12:00,2025-05-27 11:10:01,6.37307,0.06197,318,101.889494736842,25.0100315789474,"2025-05-06-KT01 (2).json",FALSE,2025-05-27,"",2,FALSE,TRUE,"repeat: last kept",NA,TRUE,0.12394,6.43504,8.85318996961216,"HM",7.90063746153204,8.85318996961216,0.142781894161989,0.997472690618431,1.12056653817088,0.674093238365184,0.112879302670916,FALSE,"emission","",NA,NA,-0.415972393656105,"HM",-0.409802456760484,-0.415972393656105,0.017382701237611,0.989685724521204,1.0150558806904,0.136286346792209,0.0228216319552179,FALSE,"uptake","AICc",FALSE,NA,0.103846902061455,"HM",0.0632454254960875,0.103846902061455,0.183749845570135,0.0306070753654194,1.64196700784121,0.981293147600227,0.164426393809064,TRUE,"below detection","SE | AICc | Intercept",FALSE,NA,"slurry"
"2025-05-27-13B2REAL_1",2025-05-27,13,"B",2025-05-27 11:13:43,2025-05-27 11:15:18,2025-05-27 11:13:18,6.29357,0.06197,318,101.8994375,25.8927645833333,"2025-05-06-KT01 (2).json",FALSE,2025-05-27,"",2,FALSE,TRUE,"repeat: last kept",NA,TRUE,0.12394,6.35554,6.9819178424052,"HM",6.88304036970549,6.9819178424052,0.0761699880605771,0.999322553065329,1.01436537741881,0.674093238365184,0.109830016082976,FALSE,"emission","AICc",NA,NA,0.258452302516804,"HM",0.256081595761043,0.258452302516804,0.0149219702409203,0.98047426200285,1.00925762255079,0.136286346792209,0.0222051354444375,FALSE,"emission","AICc",FALSE,NA,0.174819077692239,"HM",0.172268986685621,0.174819077692239,0.123063754336317,0.244738507817084,1.01480296050775,0.981293147600227,0.160023000188066,FALSE,"emission","SE | AICc",FALSE,NA,"slurry"
"2025-05-27-13C_1",2025-05-27,13,"C",2025-05-27 11:06:38,2025-05-27 11:08:12,2025-05-27 11:06:13,6.01532,0.06197,318,101.8774,25.1283863157895,"2025-05-06-KT01 (2).json",FALSE,2025-05-27,"",1,FALSE,TRUE,"single",NA,TRUE,0.12394,6.07729,7.66009975590202,"HM",7.44194167697976,7.66009975590202,0.11161603050684,0.9986673109165,1.02931467194873,0.674093238365184,0.106729673192094,FALSE,"emission","",NA,NA,-0.345531516424552,"HM",-0.342139533986416,-0.345531516424552,0.014072586421769,0.990317809393361,1.00991403243763,0.136286346792209,0.0215783165084898,FALSE,"uptake","AICc",FALSE,NA,0.0882408643856326,"HM",0.0882591820216618,0.0882408643856326,0.0986098833215751,0.110332247152603,0.999792456313217,0.981293147600227,0.155487821029967,TRUE,"below detection","SE | AICc | Intercept",TRUE,"convex (accelerating) trace","slurry"
"2025-05-27-14A_1",2025-05-27,14,"A",2025-05-27 11:18:07,2025-05-27 11:19:41,2025-05-27 11:17:42,5.99544,0.06197,318,101.892252631579,25.6753389473684,"2025-05-06-KT01 (2).json",FALSE,2025-05-27,"",1,FALSE,TRUE,"single",NA,TRUE,0.12394,6.05741,7.45724331841625,"HM",7.35402600142822,7.45724331841625,0.109219381039672,0.998811438996057,1.01403548436842,0.674093238365184,0.105998343995748,FALSE,"emission","AICc",NA,NA,-0.0880282206541235,"HM",-0.0802801433458778,-0.0880282206541235,0.0146811774397602,0.852004389495681,1.09651299792608,0.136286346792209,0.0214304583505973,FALSE,"uptake","AICc",FALSE,NA,0.0254964577673711,"HM",0.0187357295281256,0.0254964577673711,0.158967282918234,-0.00713071125373266,1.36084681032017,0.981293147600227,0.15449372421525,TRUE,"below detection","SE | AICc | p-value | MDF | Intercept",FALSE,NA,"compost"
"2025-05-27-14B_1",2025-05-27,14,"B",2025-05-27 11:24:16,2025-05-27 11:25:51,2025-05-27 11:23:51,6.33332,0.06197,318,101.883979166667,25.9397364583333,"2025-05-06-KT01 (2).json",FALSE,2025-05-27,"",1,FALSE,TRUE,"single",NA,TRUE,0.12394,6.39529,7.37065631818467,"HM",7.15036366899471,7.37065631818467,0.0713397743790691,0.999367216047445,1.03080859371464,0.674093238365184,0.110703497901991,FALSE,"emission","",NA,NA,-0.296591536317513,"HM",-0.292743264195614,-0.296591536317513,0.0151379707128053,0.984604924315575,1.01314555309231,0.136286346792209,0.0223817336349068,FALSE,"uptake","AICc",FALSE,NA,0.024665993313233,"HM",0.0246738405398759,0.024665993313233,0.117624176245056,-0.00301404489878365,0.999681961686095,0.981293147600227,0.161393456418386,TRUE,"below detection","SE | AICc | p-value | MDF | Intercept",FALSE,NA,"compost"
"2025-05-27-14C_1",2025-05-27,14,"C",2025-05-27 11:29:22,2025-05-27 11:30:56,2025-05-27 11:28:57,6.47244,0.06197,318,101.889894736842,27.7286284210526,"2025-05-06-KT01 (2).json",FALSE,2025-05-27,"",1,FALSE,TRUE,"single",NA,TRUE,0.12394,6.53441,8.4959237252971,"HM",8.2087510806695,8.4959237252971,0.094370057467381,0.999175566890432,1.034983719424,0.674093238365184,0.113294436082098,FALSE,"emission","",NA,NA,-0.158958534508089,"HM",-0.157882669269533,-0.158958534508089,0.0163699039305964,0.940791387226278,1.00681433398317,0.136286346792209,0.0229055625049125,FALSE,"uptake","AICc | Intercept",FALSE,NA,-0.0536169590118992,"HM",-0.0492247241239297,-0.0536169590118992,0.106720831588906,0.0292677303743556,1.08922822760594,0.981293147600227,0.165213557768212,TRUE,"below detection","SE | AICc | p-value | Intercept",FALSE,NA,"compost"
"2025-05-27-15A_1",2025-05-27,15,"A",2025-05-27 11:35:48,2025-05-27 11:37:23,2025-05-27 11:35:23,6.01532,0.06197,318,101.89575,27.3341989583333,"2025-05-06-KT01 (2).json",FALSE,2025-05-27,"",1,FALSE,TRUE,"single",NA,TRUE,0.12394,6.07729,8.76330793863441,"HM",8.168032962357,8.76330793863441,0.0983440860752137,0.998878741604682,1.07287862071821,0.674093238365184,0.104529904429519,FALSE,"emission","",NA,NA,-0.258067056069307,"HM",-0.256513750338205,-0.258067056069307,0.0145337052450294,0.98151310255322,1.00605544821303,0.136286346792209,0.0211335732127908,FALSE,"uptake","AICc",TRUE,"convex (accelerating) trace",0.0484072357187686,"HM",0.048393728551964,0.0484072357187686,0.101943128687525,0.026423078241096,1.00027910986007,0.981293147600227,0.152437344198976,TRUE,"below detection","SE | AICc | p-value | Intercept",FALSE,NA,"control"
"2025-05-27-15B_1",2025-05-27,15,"B",2025-05-27 11:47:30,2025-05-27 11:49:05,2025-05-27 11:47:05,6.35319,0.06197,318,101.905510416667,28.6887895833333,"2025-05-06-KT01 (2).json",FALSE,2025-05-27,"",1,FALSE,TRUE,"single",NA,TRUE,0.12394,6.41516,8.23370149544232,"HM",8.1179766765644,8.23370149544232,0.121703636228535,0.998761045623317,1.01425537710794,0.674093238365184,0.109624818985828,FALSE,"emission","AICc",NA,NA,-0.28674484245273,"HM",-0.283526642292835,-0.28674484245273,0.0160498342599038,0.981579230901277,1.01135060936027,0.136286346792209,0.0221636492506128,FALSE,"uptake","AICc",FALSE,NA,-0.0338842964174362,"HM",-0.0338747942082171,-0.0338842964174362,0.113509048774444,0.00268150863996175,1.00028050972533,0.981293147600227,0.15991560969992,TRUE,"below detection","SE | AICc | p-value | Intercept",FALSE,NA,"control"
"2025-05-27-15C_1",2025-05-27,15,"C",2025-05-27 11:42:15,2025-05-27 11:43:49,2025-05-27 11:41:50,6.25382,0.06197,318,101.901221052632,27.8045652631579,"2025-05-06-KT01 (2).json",FALSE,2025-05-27,"",1,FALSE,TRUE,"single",NA,TRUE,0.12394,6.31579,10.7179091253754,"HM",9.94168313060858,10.7179091253754,0.104018361814628,0.999027817537886,1.07807792549503,0.674093238365184,0.109629913952216,FALSE,"emission","",NA,NA,-0.309840897114787,"HM",-0.305578352995055,-0.309840897114787,0.0156348262493994,0.985069393533786,1.01394910365199,0.136286346792209,0.0221646793371299,FALSE,"uptake","AICc",FALSE,NA,0.0107310231593401,"HM",0.00920763807722268,0.0107310231593401,0.118723582929388,-0.00948624295693978,1.16544797583714,0.981293147600227,0.159882753064202,TRUE,"below detection","SE | AICc | p-value | MDF | Intercept",FALSE,NA,"control"
"2025-05-29-1A_1",2025-05-29,1,"A",2025-05-29 11:56:04,2025-05-29 11:57:39,2025-05-29 11:55:39,6.23792,0.06197,318,100.820520833333,19.405803125,"2025-05-06-KT01 (2).json",FALSE,2025-05-29,"",1,FALSE,TRUE,"single",NA,TRUE,0.12394,6.29989,17.6874274566331,"HM",15.0413058999304,17.6874274566331,0.211793715184077,0.997222135075975,1.17592365811235,0.624820482217041,0.102665180343693,FALSE,"emission","",NA,NA,-0.193680222323773,"HM",-0.13863684780901,-0.193680222323773,0.0161959508561021,0.945187788656477,1.39703279023331,0.136286346792209,0.0223934118199167,FALSE,"uptake","",FALSE,NA,0.530586671837625,"HM",0.523952728975932,0.530586671837625,0.104207533723418,0.811124667992099,1.01266133850407,0.974290126088111,0.160333295100255,FALSE,"emission","SE | AICc | Intercept",FALSE,NA,"slurry"
"2025-05-29-1B_1",2025-05-29,1,"B",2025-05-29 11:59:45,2025-05-29 12:01:20,2025-05-29 11:59:20,6.23792,0.06197,318,100.816979166667,19.3518645833333,"2025-05-06-KT01 (2).json",FALSE,2025-05-29,"",1,FALSE,TRUE,"single",NA,TRUE,0.12394,6.29989,9.62369964709511,"HM",8.73850948606844,9.62369964709511,0.0698774390441046,0.999018533274633,1.10129761401963,0.624820482217041,0.10273610602362,FALSE,"emission","",NA,NA,-0.372472544321776,"HM",-0.353887215562423,-0.372472544321776,0.0148688097902468,0.99012202448547,1.05251766083105,0.136286346792209,0.0224088821863437,FALSE,"uptake","AICc",FALSE,NA,0.116323074971571,"HM",0.0874550896318418,0.116323074971571,0.146852297200011,0.0739306672545443,1.33008925451056,0.974290126088111,0.160394869131295,TRUE,"below detection","SE | AICc",FALSE,NA,"slurry"
"2025-05-29-1C_1",2025-05-29,1,"C",2025-05-29 12:03:45,2025-05-29 12:05:20,2025-05-29 12:03:20,6.01532,0.06197,318,100.816747368421,19.5455115789474,"2025-05-06-KT01 (2).json",FALSE,2025-05-29,"",1,FALSE,TRUE,"single",NA,TRUE,0.12394,6.07729,8.30295203555988,"HM",7.21809988439757,8.30295203555988,0.071510131905137,0.99818344628554,1.15029608463957,0.624820482217041,0.0989632753843753,FALSE,"emission","",NA,NA,-0.48487483247238,"HM",-0.437050197107028,-0.48487483247238,0.0143063744190734,0.993917936133721,1.10942595537519,0.136286346792209,0.0215859493287911,FALSE,"uptake","",FALSE,NA,-0.0109823192500529,"HM",-0.00796139119213272,-0.0109823192500529,0.128372929257328,-0.00985449218770795,1.37944725802512,0.974290126088111,0.154536134573491,TRUE,"below detection","SE | AICc | p-value | MDF | Intercept",FALSE,NA,"slurry"
"2025-05-29-2A_1",2025-05-29,2,"A",2025-05-29 12:12:00,2025-05-29 12:13:35,2025-05-29 12:11:35,6.19817,0.06197,318,100.8032,19.1473705263158,"2025-05-06-KT01 (2).json",FALSE,2025-05-29,"",1,FALSE,TRUE,"single",NA,TRUE,0.12394,6.26014,6.16351350752936,"HM",5.8133831880081,6.16351350752936,0.0722870273075273,0.998909351741442,1.06022832285398,0.624820482217041,0.102166900316894,FALSE,"emission","",NA,NA,-0.4585934519228,"HM",-0.415504918750834,-0.4585934519228,0.0172587637307303,0.990463469554857,1.10370161995075,0.136286346792209,0.0222847265791722,FALSE,"uptake","",FALSE,NA,-0.0280647038910232,"HM",-0.0201926096693177,-0.0280647038910232,0.156465253507631,-0.00628157204184632,1.38985026455828,0.974290126088111,0.159534373334163,TRUE,"below detection","SE | AICc | p-value | MDF | Intercept",FALSE,NA,"control"
"2025-05-29-2B_1",2025-05-29,2,"B",2025-05-29 12:15:56,2025-05-29 12:17:31,2025-05-29 12:15:31,6.08687,0.06197,318,100.796979166667,19.279903125,"2025-05-06-KT01 (2).json",FALSE,2025-05-29,"",1,FALSE,TRUE,"single",NA,TRUE,0.12394,6.14884,7.66520007649215,"HM",7.56106721013456,7.66520007649215,0.0713294552175133,0.999530777095309,1.01377224450776,0.624820482217041,0.100218902075169,FALSE,"emission","AICc",NA,NA,-0.459720712282141,"HM",-0.453104511702439,-0.459720712282141,0.0150316836589446,0.993623555587521,1.01460193047922,0.136286346792209,0.0218598276338297,FALSE,"uptake","AICc",FALSE,NA,0.282860293440179,"HM",0.230443138417934,0.282860293440179,0.140484900925439,0.374159484418242,1.22746242470965,0.974290126088111,0.156532038740831,FALSE,"emission","SE | AICc",FALSE,NA,"control"
"2025-05-29-2C_1",2025-05-29,2,"C",2025-05-29 12:08:40,2025-05-29 12:10:15,2025-05-29 12:08:15,6.24587,0.06197,318,100.808822916667,19.3533739583333,"2025-05-06-KT01 (2).json",FALSE,2025-05-29,"",1,FALSE,TRUE,"single",NA,TRUE,0.12394,6.30784,7.91503192637403,"HM",7.78825921719085,7.91503192637403,0.0624247551979325,0.999618991032448,1.01627741266025,0.624820482217041,0.102876198875094,FALSE,"emission","AICc",NA,NA,-0.439262690724415,"HM",-0.423936250222645,-0.439262690724415,0.0144709503139202,0.993337856194408,1.0361527010104,0.136286346792209,0.0224394393519338,FALSE,"uptake","AICc",FALSE,NA,0.0849616510368538,"HM",0.0848936378475826,0.0849616510368538,0.128364488479756,0.0590540796734133,1.00080115767207,0.974290126088111,0.160645458352579,TRUE,"below detection","SE | AICc",FALSE,NA,"control"
"2025-05-29-3A_1",2025-05-29,3,"A",2025-05-29 14:56:26,2025-05-29 14:58:00,2025-05-29 14:56:01,5.98352,0.06197,318,100.594736842105,23.3568747368421,"2025-05-06-KT01 (2).json",FALSE,2025-05-29,"",1,FALSE,TRUE,"single",NA,TRUE,0.12394,6.04549,8.70150121001847,"HM",7.86900018451069,8.70150121001847,0.153337581785651,0.997380521755968,1.10579501918763,0.624820482217041,0.0978810909328911,FALSE,"emission","",NA,NA,-0.334369432859688,"HM",-0.331625194143394,-0.334369432859688,0.0158784817480473,0.986933281646369,1.008275121326,0.136286346792209,0.0213499023846755,FALSE,"uptake","AICc",TRUE,"convex (accelerating) trace",0.140604499127412,"LM",0.140604499127412,0.37301959210326,0.0373184147219099,0.123097876985387,2.65297052667738,0.974290126088111,0.15279429150346,TRUE,"below detection","SE | AICc | g-fact. > 2 | Intercept",FALSE,NA,"compost"
"2025-05-29-3B_1",2025-05-29,3,"B",2025-05-29 15:05:17,2025-05-29 15:06:51,2025-05-29 15:04:52,6.68312,0.06197,318,100.578947368421,22.4411294736842,"2025-05-06-KT01 (2).json",FALSE,2025-05-29,"",1,FALSE,TRUE,"single",NA,TRUE,0.12394,6.74509,11.4576174079889,"HM",10.1896638134969,11.4576174079889,0.148081028361105,0.997991721566573,1.12443527261543,0.624820482217041,0.109664126367547,FALSE,"emission","",NA,NA,-0.374057578286784,"HM",-0.371366794018923,-0.374057578286784,0.0171759849389564,0.987767273475968,1.00724562430244,0.136286346792209,0.0239200275633739,FALSE,"uptake","AICc",TRUE,"convex (accelerating) trace",0.0909913870280027,"LM",0.0909913870280027,0.37698105210993,0.0600636193369234,0.0135890991967799,4.14304105501671,0.974290126088111,0.171073011122813,TRUE,"below detection","SE | g-fact. > 2 | p-value | Intercept",FALSE,NA,"compost"
"2025-05-29-3C_1",2025-05-29,3,"C",2025-05-29 14:59:54,2025-05-29 15:01:29,2025-05-29 14:59:29,6.38102,0.06197,318,100.591833333333,23.0002260416667,"2025-05-06-KT01 (2).json",FALSE,2025-05-29,"",1,FALSE,TRUE,"single",NA,TRUE,0.12394,6.44299,8.48233956735464,"HM",8.00757112658523,8.48233956735464,0.205973248948879,0.996146377026725,1.05928994363761,0.624820482217041,0.103465142146563,FALSE,"emission","",NA,NA,-0.438984820353733,"HM",-0.430575354571957,-0.438984820353733,0.0200519955716347,0.98751434609431,1.01953076434237,0.136286346792209,0.0225679001326233,FALSE,"uptake","AICc",FALSE,NA,0.034335764090889,"HM",0.023050817451323,0.034335764090889,0.140025527627106,-0.00318749525510476,1.48956817533247,0.974290126088111,0.161414533622241,TRUE,"below detection","SE | AICc | p-value | Intercept",FALSE,NA,"compost"
"2025-05-29-4A_1",2025-05-29,4,"A",2025-05-29 11:51:24,2025-05-29 11:52:59,2025-05-29 11:50:59,6.18227,0.06197,318,100.823852631579,19.6405515789474,"2025-05-06-KT01 (2).json",FALSE,2025-05-29,"",1,FALSE,TRUE,"single",NA,TRUE,0.12394,6.24424,5.18416097982299,"HM",4.902665300547,5.18416097982299,0.0915175755723629,0.997895293681799,1.05741686654493,0.624820482217041,0.101743100311019,FALSE,"emission","",NA,NA,-0.353698452388754,"HM",-0.34949668573961,-0.353698452388754,0.0156953555128437,0.988497834617673,1.01202233617825,0.136286346792209,0.0221922869805753,FALSE,"uptake","AICc",FALSE,NA,0.014437496844703,"HM",0.0144426875505594,0.014437496844703,0.0986447888100008,-0.00815275784457214,0.99964059972646,0.974290126088111,0.158860771304049,TRUE,"below detection","SE | AICc | p-value | MDF | Intercept",FALSE,NA,"compost"
"2025-05-29-4B_1",2025-05-29,4,"B",2025-05-29 11:43:28,2025-05-29 11:45:03,2025-05-29 11:43:03,6.19022,0.06197,318,100.833515789474,19.1236652631579,"2025-05-06-KT01 (2).json",FALSE,2025-05-29,"",1,FALSE,TRUE,"single",NA,TRUE,0.12394,6.25219,7.04441469199247,"HM",6.33434807622406,7.04441469199247,0.0661382332801979,0.998681270795341,1.1120978208371,0.624820482217041,0.102030275155975,FALSE,"emission","",NA,NA,-0.506930267636968,"HM",-0.416326032324759,-0.506930267636968,0.0177462069215799,0.989445942221492,1.21762808058453,0.136286346792209,0.0222549257890388,FALSE,"uptake","",FALSE,NA,0.101254929432054,"LM",0.101254929432054,0.260604110780538,0.0291504730390788,0.104326063047085,2.57374245621704,0.974290126088111,0.159338754534282,TRUE,"below detection","SE | AICc | g-fact. > 2 | Intercept",FALSE,NA,"compost"
"2025-05-29-4C_1",2025-05-29,4,"C",2025-05-29 11:47:14,2025-05-29 11:48:49,2025-05-29 11:46:49,6.11072,0.06197,318,100.826094736842,19.7719042105263,"2025-05-06-KT01 (2).json",FALSE,2025-05-29,"",1,FALSE,TRUE,"single",NA,TRUE,0.12394,6.17269,9.46930526929696,"HM",7.85755753950439,9.46930526929696,0.105420354513303,0.996680344076552,1.20512070343608,0.624820482217041,0.1003985003133,FALSE,"emission","",NA,NA,-0.467180611552444,"HM",-0.391543176226725,-0.467180611552444,0.0192560753647492,0.986794171899968,1.19317776408372,0.136286346792209,0.0218990017461736,FALSE,"uptake","",FALSE,NA,0.067374799601102,"HM",0.067387427918043,0.067374799601102,0.101242475049296,0.0601345269181778,0.999812601291796,0.974290126088111,0.156860753168039,TRUE,"below detection","SE | AICc | Intercept",FALSE,NA,"compost"
"2025-05-29-5A_1",2025-05-29,5,"A",2025-05-29 12:19:17,2025-05-29 12:20:52,2025-05-29 12:18:52,6.04712,0.06197,318,100.796041666667,19.06385,"2025-05-06-KT01 (2).json",FALSE,2025-05-29,"",1,FALSE,TRUE,"single",NA,TRUE,0.12394,6.10909,8.0982283948841,"HM",7.70915705694814,8.0982283948841,0.0897103398324155,0.999080076809002,1.05046872635515,0.624820482217041,0.0997175221324019,FALSE,"emission","",NA,NA,-0.416117409928639,"HM",-0.409989384584013,-0.416117409928639,0.0141335186295429,0.993127789978568,1.01494679027079,0.136286346792209,0.0217504662369175,FALSE,"uptake","AICc",FALSE,NA,0.0527380251593482,"HM",0.0526195388490123,0.0527380251593482,0.118530976989652,0.022125255035171,1.00225175501207,0.974290126088111,0.155695976595013,TRUE,"below detection","SE | AICc | p-value | Intercept",FALSE,NA,"control"
"2025-05-29-5B_1",2025-05-29,5,"B",2025-05-29 12:26:42,2025-05-29 12:28:16,2025-05-29 12:26:17,6.19817,0.06197,318,100.786210526316,19.4831442105263,"2025-05-06-KT01 (2).json",FALSE,2025-05-29,"",1,FALSE,TRUE,"single",NA,TRUE,0.12394,6.26014,5.1114358254976,"HM",5.04687355473302,5.1114358254976,0.0562613747153103,0.999334792242957,1.01279252790156,0.624820482217041,0.103095691437756,FALSE,"emission","AICc",NA,NA,-0.455071028299174,"HM",-0.450564692675432,-0.455071028299174,0.0145711786108076,0.994039219877817,1.01000152851965,0.136286346792209,0.0224873152464742,FALSE,"uptake","AICc",TRUE,"convex (accelerating) trace",-0.0496635946128949,"LM",-0.0496635946128949,-0.123086114159737,0.0285111769860126,0.0211821623994867,2.47839720662867,0.974290126088111,0.160973099709248,TRUE,"below detection","SE | AICc | g-fact. > 2 | p-value | Intercept (LM)",FALSE,NA,"control"
"2025-05-29-5C_1",2025-05-29,5,"C",2025-05-29 12:23:16,2025-05-29 12:24:51,2025-05-29 12:22:51,6.32537,0.06197,318,100.794494736842,19.2289610526316,"2025-05-06-KT01 (2).json",FALSE,2025-05-29,"",1,FALSE,TRUE,"single",NA,TRUE,0.12394,6.38734,7.44593924108835,"HM",7.0618533647462,7.44593924108835,0.0594614425414342,0.999423384476619,1.05438882068262,0.624820482217041,0.104170819735752,FALSE,"emission","",NA,NA,-0.600064374052803,"HM",-0.514196103071867,-0.600064374052803,0.0180257050884644,0.992664978470601,1.16699518037564,0.136286346792209,0.022721823096708,FALSE,"uptake","",FALSE,NA,0.0784284043857124,"HM",0.0610348009740286,0.0784284043857124,0.136003240937683,0.0369936893818421,1.28497845711146,0.974290126088111,0.162663754987366,TRUE,"below detection","SE | AICc | Intercept",FALSE,NA,"control"
"2025-05-29-6A_1",2025-05-29,6,"A",2025-05-29 14:46:51,2025-05-29 14:48:26,2025-05-29 14:46:26,6.14252,0.06197,318,100.605979166667,24.3808760416667,"2025-05-06-KT01 (2).json",FALSE,2025-05-29,"",1,FALSE,TRUE,"single",NA,TRUE,0.12394,6.20449,10.1367868628219,"HM",9.67511226560152,10.1367868628219,0.0792059456490204,0.999475532999403,1.04771775092076,0.624820482217041,0.099026375897008,FALSE,"emission","",NA,NA,-0.389740480362555,"HM",-0.386283872188392,-0.389740480362555,0.016294805210951,0.989715689058915,1.00894836264994,0.136286346792209,0.0215997128634257,FALSE,"uptake","AICc",TRUE,"convex (accelerating) trace",0.33853247160079,"HM",0.299064480339824,0.33853247160079,0.198249911683995,0.308606662231048,1.1319715106793,0.974290126088111,0.154501776772443,FALSE,"emission","SE | AICc | Intercept",FALSE,NA,"slurry"
"2025-05-29-6B_1",2025-05-29,6,"B",2025-05-29 14:51:41,2025-05-29 14:53:16,2025-05-29 14:51:16,5.99147,0.06197,318,100.594041666667,23.5763302083333,"2025-05-06-KT01 (2).json",FALSE,2025-05-29,"",1,FALSE,TRUE,"single",NA,TRUE,0.12394,6.05344,11.3762654461913,"HM",10.9001470068626,11.3762654461913,0.124342863665545,0.999139758942446,1.04368000165768,0.624820482217041,0.0968813190245275,FALSE,"emission","",NA,NA,-0.319025872440353,"HM",-0.313550373474094,-0.319025872440353,0.0128925315565018,0.990262266640732,1.01746290047622,0.136286346792209,0.021131831330838,FALSE,"uptake","AICc",FALSE,NA,0.604831757084223,"HM",0.345271636348099,0.604831757084223,0.174327069565953,0.591638816491177,1.75175627943686,0.974290126088111,0.151143077228618,FALSE,"emission","SE | Intercept (LM)",FALSE,NA,"slurry"
"2025-05-29-6C_1",2025-05-29,6,"C",2025-05-29 14:43:38,2025-05-29 14:44:58,2025-05-29 14:43:13,6.38102,0.06197,318,100.612263157895,24.5292652631579,"2025-05-06-KT01 (2).json",FALSE,2025-05-29,"",1,FALSE,TRUE,"single",80,TRUE,0.12394,6.44299,21.2148197441275,"HM",19.5557503595276,21.2148197441275,0.242841112854811,0.998852614815354,1.08483793023015,0.624820482217041,0.121588556205612,FALSE,"emission","",NA,NA,0.229719612757017,"HM",0.228098179918315,0.229719612757017,0.0245452391829726,0.945500355681241,1.00710848652664,0.136286346792209,0.0265209938032183,FALSE,"emission","AICc",FALSE,NA,1.17867378455292,"HM",1.17544397951779,1.17867378455292,0.147969888863803,0.926464775276798,1.00274773199864,0.974290126088111,0.189695080744607,FALSE,"emission","SE | AICc",TRUE,"convex (accelerating) trace","slurry"
"2025-05-29-7A_1",2025-05-29,7,"A",2025-05-29 11:39:46,2025-05-29 11:41:21,2025-05-29 11:39:21,6.18227,0.06197,318,100.841625,19.0474572916667,"2025-05-06-KT01 (2).json",FALSE,2025-05-29,"",1,FALSE,TRUE,"single",NA,TRUE,0.12394,6.24424,8.6885551117857,"HM",8.50312705048556,8.6885551117857,0.0611437966890483,0.999670781409655,1.02180704347932,0.624820482217041,0.101875577047954,FALSE,"emission","",NA,NA,-0.320267382367565,"HM",-0.303827210417896,-0.320267382367565,0.016121123086969,0.984459701287023,1.05411026855382,0.136286346792209,0.0222211829131282,FALSE,"uptake","AICc",FALSE,NA,0.0344686020667016,"HM",0.0344295740530261,0.0344686020667016,0.110622472499766,0.00554071805830447,1.0011335607468,0.974290126088111,0.159174454282205,TRUE,"below detection","SE | AICc | p-value",FALSE,NA,"control"
"2025-05-29-7B_1",2025-05-29,7,"B",2025-05-29 11:32:39,2025-05-29 11:34:14,2025-05-29 11:32:14,6.34127,0.06197,318,100.851052083333,19.0544145833333,"2025-05-06-KT01 (2).json",FALSE,2025-05-29,"",1,FALSE,TRUE,"single",NA,TRUE,0.12394,6.40324,8.48068481812516,"HM",8.09777659121357,8.48068481812516,0.0730186172636976,0.999398251437661,1.04728560026305,0.624820482217041,0.104522780944094,FALSE,"emission","",NA,NA,-0.486962226341996,"HM",-0.464978388645646,-0.486962226341996,0.0159369711806072,0.99332647413624,1.04727926766743,0.136286346792209,0.0227985931589302,FALSE,"uptake","",FALSE,NA,0.329648104440934,"HM",0.212059417100489,0.329648104440934,0.160234997525428,0.354817578766278,1.55450820787988,0.974290126088111,0.163226490714272,FALSE,"emission","SE | AICc | Intercept",FALSE,NA,"control"
"2025-05-29-7C_1",2025-05-29,7,"C",2025-05-29 11:36:04,2025-05-29 11:37:39,2025-05-29 11:35:39,6.23792,0.06197,318,100.848052083333,18.9188177083333,"2025-05-06-KT01 (2).json",FALSE,2025-05-29,"",1,FALSE,TRUE,"single",NA,TRUE,0.12394,6.29989,9.01082506443213,"HM",7.88176124649997,9.01082506443213,0.0873540628074194,0.998151266532018,1.1432501927705,0.624820482217041,0.102872692022251,FALSE,"emission","",NA,NA,-0.323883404136739,"HM",-0.29696174465513,-0.323883404136739,0.0153512956062706,0.985630197948791,1.09065699527349,0.136286346792209,0.0224386744343672,FALSE,"uptake","",FALSE,NA,0.0664856074140999,"HM",0.0665138361439312,0.0664856074140999,0.110574766714412,0.0480403275702853,0.999575596124538,0.974290126088111,0.160725465866327,TRUE,"below detection","SE | AICc | Intercept",TRUE,"convex (accelerating) trace","control"
"2025-05-29-8A_1",2025-05-29,8,"A",2025-05-29 12:31:52,2025-05-29 12:33:27,2025-05-29 12:31:27,6.23792,0.06197,318,100.784747368421,19.6247178947368,"2025-05-06-KT01 (2).json",FALSE,2025-05-29,"",1,FALSE,TRUE,"single",NA,TRUE,0.12394,6.29989,7.49431409220005,"HM",6.42503515548768,7.49431409220005,0.0656265754334063,0.997806588702529,1.16642382661503,0.624820482217041,0.102547567226665,FALSE,"emission","",NA,NA,-0.496971536521703,"HM",-0.448372600675759,-0.496971536521703,0.0177920466320865,0.991210313046623,1.10838962008985,0.136286346792209,0.0223677579521086,FALSE,"uptake","",FALSE,NA,0.0725887386925813,"LM",0.0725887386925813,0.203149205010186,0.0301856851473756,0.0479318821534255,2.79863252439938,0.974290126088111,0.160158407117226,TRUE,"below detection","SE | AICc | g-fact. > 2 | Intercept (HM)",FALSE,NA,"compost"
"2025-05-29-8B_1",2025-05-29,8,"B",2025-05-29 12:35:24,2025-05-29 12:36:59,2025-05-29 12:34:59,6.34922,0.06197,318,100.7753125,19.6906333333333,"2025-05-06-KT01 (2).json",FALSE,2025-05-29,"",1,FALSE,TRUE,"single",NA,TRUE,0.12394,6.41119,8.66471351661117,"HM",7.52055067531631,8.66471351661117,0.0781144089595224,0.998050738995006,1.15213817321253,0.624820482217041,0.104320319828386,FALSE,"emission","",NA,NA,-0.476524705851351,"HM",-0.424704561243141,-0.476524705851351,0.0177843799322778,0.990307773206548,1.12201457044993,0.136286346792209,0.022754432177316,FALSE,"uptake","",FALSE,NA,0.120064507250014,"HM",0.0723406502736489,0.120064507250014,0.179728731821501,0.0444133214902963,1.65971009101849,0.974290126088111,0.162942559564732,TRUE,"below detection","SE | AICc | Intercept",FALSE,NA,"compost"
"2025-05-29-8C_1",2025-05-29,8,"C",2025-05-29 12:39:09,2025-05-29 12:40:44,2025-05-29 12:38:44,6.29357,0.06197,318,100.767166666667,21.1792458333333,"2025-05-06-KT01 (2).json",FALSE,2025-05-29,"",1,FALSE,TRUE,"single",NA,TRUE,0.12394,6.35554,9.47589378135498,"HM",8.6721377713044,9.47589378135498,0.0836109915489105,0.998966444854326,1.09268256930952,0.624820482217041,0.102717973548556,FALSE,"emission","",NA,NA,-0.655441452252406,"HM",-0.598971083030921,-0.655441452252406,0.0151825753245716,0.996086987625273,1.09427895740097,0.136286346792209,0.0224049271162795,FALSE,"uptake","",FALSE,NA,0.0183727412753136,"HM",0.0130473254545319,0.0183727412753136,0.131235257445942,-0.00841284530998054,1.40816149174327,0.974290126088111,0.160504172199852,TRUE,"below detection","SE | AICc | p-value | MDF | Intercept",FALSE,NA,"compost"
"2025-05-29-9A_1",2025-05-29,9,"A",2025-05-29 14:39:42,2025-05-29 14:41:16,2025-05-29 14:39:17,6.20612,0.06197,318,100.605736842105,24.9075989473684,"2025-05-06-KT01 (2).json",FALSE,2025-05-29,"",1,FALSE,TRUE,"single",NA,TRUE,0.12394,6.26809,8.67017061178863,"HM",7.44085455507269,8.67017061178863,0.13097259151301,0.996918376173634,1.16521167664511,0.624820482217041,0.10099552733387,FALSE,"emission","",NA,NA,-0.43186471448621,"HM",-0.382234462331936,-0.43186471448621,0.0184167189144494,0.987656370091262,1.12984243192383,0.136286346792209,0.0220292257607274,FALSE,"uptake","",FALSE,NA,0.039622111405947,"HM",0.0396602190012303,0.039622111405947,0.112327941194243,0.00899508268108173,0.999039148137784,0.974290126088111,0.157576099483379,TRUE,"below detection","SE | AICc | p-value | Intercept",TRUE,"convex (accelerating) trace","compost"
"2025-05-29-9B_1",2025-05-29,9,"B",2025-05-29 14:32:14,2025-05-29 14:33:49,2025-05-29 14:31:49,6.24587,0.06197,318,100.613739583333,25.9098552083333,"2025-05-06-KT01 (2).json",FALSE,2025-05-29,"",1,FALSE,TRUE,"single",NA,TRUE,0.12394,6.30784,8.21544615264406,"HM",8.01037717535876,8.21544615264406,0.110013223145567,0.998869438017466,1.02560041466164,0.624820482217041,0.10007937262118,FALSE,"emission","",NA,NA,-0.422608912511826,"HM",-0.419335258700679,-0.422608912511826,0.0162776094169619,0.991319852167983,1.00780676974622,0.136286346792209,0.021829393356953,FALSE,"uptake","AICc",TRUE,"convex (accelerating) trace",0.145675482768788,"HM",0.14573507499031,0.145675482768788,0.130988938003965,0.16329276488746,0.99959109211337,0.974290126088111,0.156195686262323,TRUE,"below detection","SE | AICc",TRUE,"convex (accelerating) trace","compost"
"2025-05-29-9C_1",2025-05-29,9,"C",2025-05-29 14:35:41,2025-05-29 14:37:16,2025-05-29 14:35:16,6.17432,0.06197,318,100.604927083333,25.6855364583333,"2025-05-06-KT01 (2).json",FALSE,2025-05-29,"",1,FALSE,TRUE,"single",NA,TRUE,0.12394,6.23629,8.7095468511762,"HM",8.40377111218209,8.7095468511762,0.116040631807027,0.998830409879617,1.03638553869594,0.624820482217041,0.0989461624445623,FALSE,"emission","",NA,NA,-0.554993574873229,"HM",-0.54894729867716,-0.554993574873229,0.0148019185567286,0.995833926001766,1.01101431086488,0.136286346792209,0.0215822166405768,FALSE,"uptake","AICc",TRUE,"convex (accelerating) trace",-0.00271993096926062,"HM",-0.00273133118312369,-0.00271993096926062,0.0780507823320593,-0.0105518675543383,0.995826132717441,0.974290126088111,0.154409749017337,TRUE,"below detection","SE | AICc | p-value | MDF | Intercept",FALSE,NA,"compost"
"2025-05-29-10B_1",2025-05-29,10,"B",2025-05-29 11:27:36,2025-05-29 11:29:11,2025-05-29 11:27:11,6.00737,0.06197,318,100.86140625,19.2977,"2025-05-06-KT01 (2).json",FALSE,2025-05-29,"",1,FALSE,TRUE,"single",NA,TRUE,0.12394,6.06934,5.58372172211411,"HM",5.03655864589012,5.58372172211411,0.0653542687275466,0.998398676916852,1.10863828155173,0.624820482217041,0.0990307991585413,FALSE,"emission","",NA,NA,-0.366795809968844,"HM",-0.320740285104715,-0.366795809968844,0.0157227548051109,0.987113699696389,1.14359133231141,0.136286346792209,0.0216006776687937,FALSE,"uptake","",FALSE,NA,-0.0136354169552746,"HM",-0.00976258029090549,-0.0136354169552746,0.139355402591646,-0.00959781538599191,1.39670215752048,0.974290126088111,0.154636680126547,TRUE,"below detection","SE | AICc | p-value | MDF | Intercept",FALSE,NA,"control"
"2025-05-29-10Creal_1",2025-05-29,10,"C",2025-05-29 11:23:34,2025-05-29 11:25:09,2025-05-29 11:23:09,5.99544,0.06197,318,100.869145833333,19.0573614583333,"2025-05-06-KT01 (2).json",FALSE,2025-05-29,"",2,FALSE,TRUE,"repeat: last kept",NA,TRUE,0.12394,6.05741,5.85532093117502,"HM",5.7927966683792,5.85532093117502,0.0663883273345601,0.99930779176687,1.01079345027543,0.624820482217041,0.0988939608573791,FALSE,"emission","AICc",NA,NA,-0.331308227013023,"HM",-0.328287708967407,-0.331308227013023,0.0142139631447826,0.989172888383562,1.00920082587044,0.136286346792209,0.0215708303883389,FALSE,"uptake","AICc",TRUE,"convex (accelerating) trace",0.0653716623640177,"HM",0.0654320725735584,0.0653716623640177,0.105634932389208,0.0499445169199252,0.999076749258204,0.974290126088111,0.154378334466209,TRUE,"below detection","SE | AICc | Intercept",TRUE,"convex (accelerating) trace","control"
"2025-05-29-11A_1",2025-05-29,11,"A",2025-05-29 12:50:25,2025-05-29 12:52:00,2025-05-29 12:50:00,6.23394,0.06197,318,100.765135416667,22.5799875,"2025-05-06-KT01 (2).json",FALSE,2025-05-29,"",1,FALSE,TRUE,"single",NA,TRUE,0.12394,6.29591,11.4712146129576,"HM",10.4449219790163,11.4712146129576,0.0930605000336698,0.998980090029989,1.0982575682234,0.624820482217041,0.101144572769357,FALSE,"emission","",NA,NA,-0.325577567168017,"HM",-0.291211179587175,-0.325577567168017,0.0164315188852514,0.983244833525882,1.11801191022117,0.136286346792209,0.0220617356711524,FALSE,"uptake","",FALSE,NA,-0.0528262575010424,"HM",-0.0294767344718137,-0.0528262575010424,0.169974042533605,-0.00114959213345855,1.79213398117611,0.974290126088111,0.158032841413008,TRUE,"below detection","SE | AICc | p-value | Intercept",FALSE,NA,"slurry"
"2025-05-29-11B_1",2025-05-29,11,"B",2025-05-29 12:46:52,2025-05-29 12:48:27,2025-05-29 12:46:27,6.21407,0.06197,318,100.77140625,21.7170541666667,"2025-05-06-KT01 (2).json",FALSE,2025-05-29,"",1,FALSE,TRUE,"single",NA,TRUE,0.12394,6.27604,12.13332171276,"HM",11.280822978659,12.13332171276,0.0626667520957809,0.999466400832256,1.07557061534551,0.624820482217041,0.101226678256096,FALSE,"emission","",NA,NA,-0.110316748408009,"HM",-0.109454167219928,-0.110316748408009,0.0152075545149844,0.897575335238933,1.00788075237326,0.136286346792209,0.0220796445860452,FALSE,"uptake","AICc | Intercept",FALSE,NA,0.0479082061269491,"HM",0.0479505819456784,0.0479082061269491,0.109027881170706,0.0204782265124709,0.9991162605956,0.974290126088111,0.158137540181423,TRUE,"below detection","SE | AICc | p-value | Intercept",TRUE,"convex (accelerating) trace","slurry"
"2025-05-29-11C_1",2025-05-29,11,"C",2025-05-29 12:43:37,2025-05-29 12:45:12,2025-05-29 12:43:12,5.95569,0.06197,318,100.777833333333,20.7772572916667,"2025-05-06-KT01 (2).json",FALSE,2025-05-29,"",1,FALSE,TRUE,"single",NA,TRUE,0.12394,6.01766,12.5388603162387,"HM",11.5184468832654,12.5388603162387,0.174155059937698,0.998297505768575,1.08858949850746,0.624820482217041,0.0974845648685372,FALSE,"emission","",NA,NA,-0.159988730955084,"HM",-0.159129553178121,-0.159988730955084,0.0158899448985362,0.944311801913971,1.00539923452184,0.136286346792209,0.0212634118001689,FALSE,"uptake","AICc",TRUE,"convex (accelerating) trace",0.175193900692516,"HM",0.171165562061018,0.175193900692516,0.118937338758033,0.257878654134973,1.02353474953134,0.974290126088111,0.152259164651513,FALSE,"emission","SE | AICc | Intercept",FALSE,NA,"slurry"
"2025-05-29-12A_1",2025-05-29,12,"A",2025-05-29 14:24:24,2025-05-29 14:25:59,2025-05-29 14:23:59,6.35319,0.06197,318,100.61884375,24.6242229166667,"2025-05-06-KT01 (2).json",FALSE,2025-05-29,"",1,FALSE,TRUE,"single",NA,TRUE,0.12394,6.41516,12.4693447322545,"HM",11.3673919311916,12.4693447322545,0.110245735965693,0.998913443736567,1.09693980886145,0.624820482217041,0.102252517239518,FALSE,"emission","",NA,NA,-0.402160586792016,"HM",-0.398916848142666,-0.402160586792016,0.0160032458796188,0.990696827536132,1.00813136538217,0.136286346792209,0.0223034014112881,FALSE,"uptake","AICc",TRUE,"convex (accelerating) trace",0.413740253744148,"HM",0.236088421149478,0.413740253744148,0.171586728305785,0.41160621263839,1.75248007390498,0.974290126088111,0.159640232161569,FALSE,"emission","SE | Intercept",FALSE,NA,"slurry"
"2025-05-29-12B_1",2025-05-29,12,"B",2025-05-29 14:28:43,2025-05-29 14:30:17,2025-05-29 14:28:18,6.09482,0.06197,318,100.620547368421,24.7415789473684,"2025-05-06-KT01 (2).json",FALSE,2025-05-29,"",1,FALSE,TRUE,"single",NA,TRUE,0.12394,6.15679,21.2653851290074,"HM",18.5489785931355,21.2653851290074,0.168175691000156,0.998306436646114,1.1464450736321,0.624820482217041,0.0988997384073547,FALSE,"emission","",NA,NA,-0.27056249705288,"HM",-0.268371710326057,-0.27056249705288,0.0152250938304177,0.981649673281779,1.00816325507693,0.136286346792209,0.0215720905921926,FALSE,"uptake","AICc | Intercept",FALSE,NA,1.1400074498505,"HM",0.922013171579241,1.1400074498505,0.12538765758621,0.923115052196413,1.23643293283748,0.974290126088111,0.154377035058694,FALSE,"emission","SE",FALSE,NA,"slurry"
"2025-05-29-12C_1",2025-05-29,12,"C",2025-05-29 14:20:36,2025-05-29 14:22:10,2025-05-29 14:20:11,5.85632,0.06197,318,100.621663157895,25.4342168421053,"2025-05-06-KT01 (2).json",FALSE,2025-05-29,"",1,FALSE,TRUE,"single",NA,TRUE,0.12394,5.91829,15.9969810286226,"HM",14.5032281005574,15.9969810286226,0.238730199707992,0.997950376621451,1.10299451389086,0.624820482217041,0.0947671092044283,FALSE,"emission","",NA,NA,-0.119600535336227,"HM",-0.118156540995012,-0.119600535336227,0.0120014896202952,0.943450945050837,1.01222102753733,0.136286346792209,0.020670678182159,FALSE,"uptake","AICc | Intercept",FALSE,NA,2.00275041163134,"HM",1.88366493093508,2.00275041163134,0.110612419577569,0.981429698663479,1.06322009755586,0.974290126088111,0.148008172174631,FALSE,"emission","SE | AICc",FALSE,NA,"slurry"
"2025-05-29-13A_1",2025-05-29,13,"A",2025-05-29 11:07:20,2025-05-29 11:08:55,2025-05-29 11:06:55,6.37307,0.06197,318,100.881677083333,18.8270239583333,"2025-05-06-KT01 (2).json",FALSE,2025-05-29,"",1,FALSE,TRUE,"single",NA,TRUE,0.12394,6.43504,9.3847633773921,"HM",9.1681773891022,9.3847633773921,0.0909496038335996,0.999403618101856,1.02362366903452,0.624820482217041,0.105241856464855,FALSE,"emission","",NA,NA,-0.399120123990348,"HM",-0.394550181915948,-0.399120123990348,0.0160004526161512,0.990489404857715,1.01158266371139,0.136286346792209,0.0229554384906396,FALSE,"uptake","AICc",FALSE,NA,0.0341523077677715,"HM",0.0341323159307912,0.0341523077677715,0.122778492856581,0.00239899152053946,1.0005857158073,0.974290126088111,0.164233036316553,TRUE,"below detection","SE | AICc | p-value | Intercept",FALSE,NA,"slurry"
"2025-05-29-13B_1",2025-05-29,13,"B",2025-05-29 11:11:41,2025-05-29 11:13:16,2025-05-29 11:11:16,6.29357,0.06197,318,100.877572916667,19.4234854166667,"2025-05-06-KT01 (2).json",FALSE,2025-05-29,"",1,FALSE,TRUE,"single",NA,TRUE,0.12394,6.35554,23.2804094481097,"HM",20.3038731222361,23.2804094481097,0.186443849641629,0.998283066227502,1.14659943489372,0.624820482217041,0.103576246354745,FALSE,"emission","",NA,NA,5.28627814390373,"HM",4.47402948972792,5.28627814390373,0.0436751283930511,0.997609239017794,1.18154745203193,0.136286346792209,0.0225921342719917,FALSE,"emission","",TRUE,"closure sigma = 0.24 ppb = 1.8x campaign sigma (disturbed closure?)",1.03106485555539,"HM",0.919351624564088,1.03106485555539,0.132881438031674,0.903707556416869,1.12151306203899,0.974290126088111,0.161706886288072,FALSE,"emission","SE | AICc",FALSE,NA,"slurry"
"2025-05-29-13C_1",2025-05-29,13,"C",2025-05-29 11:15:04,2025-05-29 11:16:38,2025-05-29 11:14:39,6.01532,0.06197,318,100.8742,19.2665452631579,"2025-05-06-KT01 (2).json",FALSE,2025-05-29,"",1,FALSE,TRUE,"single",NA,TRUE,0.12394,6.07729,16.7823630491594,"HM",14.9731088149144,16.7823630491594,0.0886513708776794,0.998912396759609,1.12083357281441,0.624820482217041,0.100146608368954,FALSE,"emission","",NA,NA,-0.0404326491731406,"HM",-0.040291644224805,-0.0404326491731406,0.013828396713518,0.588133831324562,1.00349960769903,0.136286346792209,0.021844058872407,FALSE,"uptake","AICc | MDF | Intercept",FALSE,NA,1.20258786595987,"HM",1.06748638086392,1.20258786595987,0.191198382859591,0.861714526325427,1.12656038289371,0.974290126088111,0.156375702584547,FALSE,"emission","SE | AICc",FALSE,NA,"slurry"
"2025-05-29-14A_1",2025-05-29,14,"A",2025-05-29 12:54:49,2025-05-29 12:56:24,2025-05-29 12:54:24,5.99544,0.06197,318,100.778364583333,22.8711354166667,"2025-05-06-KT01 (2).json",FALSE,2025-05-29,"",1,FALSE,TRUE,"single",NA,TRUE,0.12394,6.05741,9.0225819412836,"HM",7.85900488749099,9.0225819412836,0.0895836044061516,0.99803735295893,1.14805653774877,0.624820482217041,0.0971706414024101,FALSE,"emission","",NA,NA,-0.0795754715664928,"HM",-0.055982542696312,-0.0795754715664928,0.01649873706787,0.759062744063199,1.42143367796217,0.136286346792209,0.021194938560913,FALSE,"uptake","Intercept",FALSE,NA,-0.000323471746406281,"HM",-0.00033135347559041,-0.000323471746406281,0.0257888762518913,-0.0106361601552163,0.976213530972974,0.974290126088111,0.151862211946908,TRUE,"below detection","AICc | p-value | MDF | Intercept",FALSE,NA,"compost"
"2025-05-29-14B_1",2025-05-29,14,"B",2025-05-29 12:59:26,2025-05-29 13:01:00,2025-05-29 12:59:01,6.33332,0.06197,318,100.787778947368,24.3523747368421,"2025-05-06-KT01 (2).json",FALSE,2025-05-29,"",1,FALSE,TRUE,"single",NA,TRUE,0.12394,6.39529,7.97031827593281,"HM",6.86647670220976,7.97031827593281,0.133409256587156,0.996689585865095,1.16075807456942,0.624820482217041,0.102971322429576,FALSE,"emission","",NA,NA,-0.2890202692536,"HM",-0.286621056516032,-0.2890202692536,0.0146273925267877,0.985118349993876,1.00837067857725,0.136286346792209,0.022460187778247,FALSE,"uptake","AICc",FALSE,NA,0.135126193711777,"HM",0.135026010550625,0.135126193711777,0.119627701223113,0.170155583734903,1.00074195453708,0.974290126088111,0.160996198030623,TRUE,"below detection","SE | AICc | Intercept",FALSE,NA,"compost"
"2025-05-29-14C_1",2025-05-29,14,"C",2025-05-29 13:02:52,2025-05-29 13:04:27,2025-05-29 13:02:27,6.47244,0.06197,318,100.777,24.6634916666667,"2025-05-06-KT01 (2).json",FALSE,2025-05-29,"",1,FALSE,TRUE,"single",NA,TRUE,0.12394,6.53441,8.06289327302388,"HM",7.54163064061485,8.06289327302388,0.0910364122756175,0.998900280835236,1.06911802728734,0.624820482217041,0.103980106303057,FALSE,"emission","",NA,NA,-0.193753489477845,"HM",-0.175331798648786,-0.193753489477845,0.0171801130115096,0.952107406911764,1.10506759738409,0.136286346792209,0.0226802245291739,FALSE,"uptake","AICc",FALSE,NA,0.150869591067697,"HM",0.0777749675091936,0.150869591067697,0.198824487375291,0.0542817647661015,1.93982197485153,0.974290126088111,0.162534826680402,TRUE,"below detection","SE | AICc | Intercept",FALSE,NA,"compost"
"2025-05-29-15A_1",2025-05-29,15,"A",2025-05-29 14:13:07,2025-05-29 14:14:42,2025-05-29 14:12:42,6.01532,0.06197,318,100.6385,24.2109416666667,"2025-05-06-KT01 (2).json",FALSE,2025-05-29,"",1,FALSE,TRUE,"single",NA,TRUE,0.12394,6.07729,8.65571442442357,"HM",8.51059006130967,8.65571442442357,0.128615529895501,0.998655951672042,1.01705220931433,0.624820482217041,0.0969877112150501,FALSE,"emission","AICc",NA,NA,-0.268286867876377,"HM",-0.264987823116456,-0.268286867876377,0.0161329241571899,0.978742057906798,1.01244979758361,0.136286346792209,0.0211550376811198,FALSE,"uptake","AICc",FALSE,NA,0.13514617597714,"HM",0.135061535339103,0.13514617597714,0.117698758698769,0.173116006296381,1.00062668203664,0.974290126088111,0.151505770243316,TRUE,"below detection","SE | AICc | Intercept",FALSE,NA,"control"
"2025-05-29-15B_1",2025-05-29,15,"B",2025-05-29 14:09:51,2025-05-29 14:11:26,2025-05-29 14:09:26,6.35319,0.06197,318,100.624333333333,24.5535875,"2025-05-06-KT01 (2).json",FALSE,2025-05-29,"",1,FALSE,TRUE,"single",NA,TRUE,0.12394,6.41516,7.28219620605225,"HM",7.16166414211883,7.28219620605225,0.112159239880445,0.998557887617163,1.0168301754371,0.624820482217041,0.102173300915958,FALSE,"emission","AICc",NA,NA,-0.281317900458311,"HM",-0.27958820157951,-0.281317900458311,0.0153909827746575,0.982491923589754,1.00618659467399,0.136286346792209,0.0222861226829948,FALSE,"uptake","AICc",TRUE,"convex (accelerating) trace",0.12238903365494,"LM",0.12238903365494,0.302630593327618,0.0303944721624712,0.138042193599147,2.47269370702645,0.974290126088111,0.159574124670195,TRUE,"below detection","SE | AICc | g-fact. > 2 | Intercept",FALSE,NA,"control"
"2025-05-29-15C_1",2025-05-29,15,"C",2025-05-29 14:16:23,2025-05-29 14:17:58,2025-05-29 14:15:58,6.25382,0.06197,318,100.62621875,25.0840697916667,"2025-05-06-KT01 (2).json",FALSE,2025-05-29,"",1,FALSE,TRUE,"single",NA,TRUE,0.12394,6.31579,9.06321116927756,"HM",7.80774036995757,9.06321116927756,0.259539250435537,0.9932440911834,1.16079822584147,0.624820482217041,0.100475781124081,FALSE,"emission","",NA,NA,-0.309372299807844,"HM",-0.27772366427066,-0.309372299807844,0.0202844889313911,0.972810883867768,1.11395728779648,0.136286346792209,0.0219158582988608,FALSE,"uptake","",FALSE,NA,0.0735569423699361,"HM",0.0392391785668727,0.0735569423699361,0.156318458208276,0.0133215720740559,1.8745790573719,0.974290126088111,0.156895704108863,TRUE,"below detection","SE | AICc | p-value",FALSE,NA,"control"
"2025-05-30-1A_1",2025-05-30,1,"A",2025-05-30 12:53:03,2025-05-30 12:54:38,2025-05-30 12:52:38,6.22291,0.04696,318,99.440359375,30.9401354166667,"2025-05-30_hudsoncarbonfieldfluxes.json",FALSE,2025-05-30,"",1,FALSE,TRUE,"single",NA,TRUE,0.12394,6.29989,16.7093111960868,"HM",15.0414002002372,16.7093111960868,0.217277080566689,0.998164877848332,1.11088801399109,0.818242259010849,0.126767701760361,FALSE,"emission","",NA,NA,-0.182447624850196,"HM",-0.181732867325911,-0.182447624850196,0.0154245172648946,0.959115993519621,1.00393301186958,0.136286346792447,0.0211144154117381,FALSE,"uptake","AICc",TRUE,"convex (accelerating) trace",0.649088725920261,"HM",0.616642261350468,0.649088725920261,0.105424737795158,0.860120053361168,1.05261797091029,0.944202294142433,0.146613194945403,FALSE,"emission","SE | AICc",FALSE,NA,"slurry"
"2025-05-30-1B_1",2025-05-30,1,"B",2025-05-30 12:49:50,2025-05-30 12:51:25,2025-05-30 12:49:25,6.22291,0.04696,318,99.4523583333333,30.8637822916667,"2025-05-30_hudsoncarbonfieldfluxes.json",FALSE,2025-05-30,"",1,FALSE,TRUE,"single",NA,TRUE,0.12394,6.29989,9.3442013651376,"HM",8.86183281508835,9.3442013651376,0.179562993328957,0.997542372725211,1.05443214288899,0.818242259010849,0.126878139499792,FALSE,"emission","",NA,NA,-0.294344240584727,"HM",-0.292670904075353,-0.294344240584727,0.014975012488957,0.984857738411738,1.00571746793437,0.136286346792447,0.0211328099102981,FALSE,"uptake","AICc",TRUE,"convex (accelerating) trace",0.264480538658007,"LM",0.264480538658007,0.265020330516036,0.0229979550629802,0.58011804882377,1.00204095114434,0.944202294142433,0.146817579774664,FALSE,"emission","MAE | SE | AICc",TRUE,"convex (accelerating) trace","slurry"
"2025-05-30-1C_1",2025-05-30,1,"C",2025-05-30 12:46:35,2025-05-30 12:48:10,2025-05-30 12:46:10,6.00031,0.04696,318,99.4516270833333,30.6087854166667,"2025-05-30_hudsoncarbonfieldfluxes.json",FALSE,2025-05-30,"",1,FALSE,TRUE,"single",NA,TRUE,0.12394,6.07729,8.43410063660973,"HM",8.01920349738175,8.43410063660973,0.178969343630836,0.997067619685757,1.05173794870818,0.818242259010849,0.122417636897855,FALSE,"emission","",NA,NA,-0.372953191306636,"HM",-0.367177633311002,-0.372953191306636,0.0165586914895457,0.988260301022577,1.01572960189201,0.136286346792447,0.0203898690541131,FALSE,"uptake","AICc",FALSE,NA,0.0640637217171953,"HM",0.0641389945091273,0.0640637217171953,0.102659889272897,0.0512658800737135,0.998826411413086,0.944202294142433,0.141788879469056,TRUE,"below detection","SE | AICc | Intercept",TRUE,"convex (accelerating) trace","slurry"
"2025-05-30-2A_1",2025-05-30,2,"A",2025-05-30 12:35:09,2025-05-30 12:36:44,2025-05-30 12:34:44,6.18316,0.04696,318,99.4538864583333,29.2814739583333,"2025-05-30_hudsoncarbonfieldfluxes.json",FALSE,2025-05-30,"",1,FALSE,TRUE,"single",NA,TRUE,0.12394,6.26014,8.94048961141467,"HM",8.6917181258017,8.94048961141467,0.171700606294799,0.997709640061152,1.02862166973345,0.818242259010849,0.12670511054132,FALSE,"emission","",NA,NA,-0.379356910474605,"HM",-0.377098006996268,-0.379356910474605,0.0190368027647992,0.98528270809914,1.00599022916172,0.136286346792447,0.0211039902247101,FALSE,"uptake","AICc",TRUE,"convex (accelerating) trace",0.0838080808002938,"HM",0.083691990294611,0.0838080808002938,0.107673611549996,0.0832705226336989,1.00138711608213,0.944202294142433,0.146814101406191,TRUE,"below detection","SE | AICc | Intercept",FALSE,NA,"control"
"2025-05-30-2B_1",2025-05-30,2,"B",2025-05-30 12:42:35,2025-05-30 12:44:10,2025-05-30 12:42:10,6.07186,0.04696,318,99.4521760416667,29.1806291666667,"2025-05-30_hudsoncarbonfieldfluxes.json",FALSE,2025-05-30,"",1,FALSE,TRUE,"single",NA,TRUE,0.12394,6.14884,12.3360844479371,"HM",11.9890104453887,12.3360844479371,0.160259054950373,0.998919504201465,1.02894934524658,0.818242259010849,0.124030690605569,FALSE,"emission","",NA,NA,-0.410618110219848,"HM",-0.407873621007149,-0.410618110219848,0.0179428767652043,0.988840060876617,1.00672877350078,0.136286346792447,0.0206585391143348,FALSE,"uptake","AICc",TRUE,"convex (accelerating) trace",0.246592052574068,"HM",0.154988219100687,0.246592052574068,0.157216306883949,0.23728525610561,1.59103739629314,0.944202294142433,0.143790316502581,FALSE,"emission","SE | AICc | Intercept",FALSE,NA,"control"
"2025-05-30-2C_1",2025-05-30,2,"C",2025-05-30 12:38:56,2025-05-30 12:40:31,2025-05-30 12:38:31,6.23086,0.04696,318,99.4460385416667,29.4215260416667,"2025-05-30_hudsoncarbonfieldfluxes.json",FALSE,2025-05-30,"",1,FALSE,TRUE,"single",NA,TRUE,0.12394,6.30784,10.4161035246981,"HM",9.69488020638307,10.4161035246981,0.163895664393846,0.998107591980868,1.07439218463371,0.818242259010849,0.127687667259194,FALSE,"emission","",NA,NA,-0.390513534180677,"HM",-0.387633600638566,-0.390513534180677,0.0169281160138907,0.98899908492619,1.00742952503954,0.136286346792447,0.0212676447709289,FALSE,"uptake","AICc",TRUE,"convex (accelerating) trace",0.0577851561063086,"LM",0.0577851561063086,0.142156796286874,0.0281299645898183,0.0327818026450845,2.46009193131442,0.944202294142433,0.147737180917283,TRUE,"below detection","SE | AICc | g-fact. > 2 | Intercept",FALSE,NA,"control"
"2025-05-30-3A_1",2025-05-30,3,"A",2025-05-30 12:24:41,2025-05-30 12:26:16,2025-05-30 12:24:16,6.12751,0.04696,318,99.4864260416667,28.2522583333333,"2025-05-30_hudsoncarbonfieldfluxes.json",FALSE,2025-05-30,"",1,FALSE,TRUE,"single",NA,TRUE,0.12394,6.20449,8.89764990985973,"HM",8.445630828869,8.89764990985973,0.16569253612311,0.997682520192384,1.05352105605251,0.818242259010849,0.126190293589925,FALSE,"emission","",NA,NA,-0.361738960789771,"HM",-0.358362204480205,-0.361738960789771,0.0183591921711103,0.984884473009541,1.00942274678342,0.136286346792447,0.0210182423660535,FALSE,"uptake","AICc",FALSE,NA,0.184092214044047,"HM",0.183542144860035,0.184092214044047,0.111693225631352,0.307014259782002,1.00299696390947,0.944202294142433,0.146000261251712,FALSE,"emission","SE | AICc | Intercept",FALSE,NA,"compost"
"2025-05-30-3B_1",2025-05-30,3,"B",2025-05-30 12:27:58,2025-05-30 12:29:33,2025-05-30 12:27:33,5.97646,0.04696,318,99.473334375,28.5931833333333,"2025-05-30_hudsoncarbonfieldfluxes.json",FALSE,2025-05-30,"",1,FALSE,TRUE,"single",NA,TRUE,0.12394,6.05344,13.6245038935986,"HM",13.060844467103,13.6245038935986,0.247851515002026,0.997856343567228,1.04315643049845,0.818242259010849,0.12296561698336,FALSE,"emission","",NA,NA,-0.355167147455746,"HM",-0.351986854764609,-0.355167147455746,0.0171086395167082,0.986380868940454,1.00903525983453,0.136286346792447,0.0204811405609879,FALSE,"uptake","AICc",TRUE,"convex (accelerating) trace",1.19126076840954,"HM",0.835459641936215,1.19126076840954,0.150189621430374,0.889710117952273,1.42587470251554,0.944202294142433,0.142283093418167,FALSE,"emission","SE",FALSE,NA,"compost"
"2025-05-30-3C_1",2025-05-30,3,"C",2025-05-30 12:31:14,2025-05-30 12:32:49,2025-05-30 12:30:49,6.35011,0.04696,318,99.46373125,29.6643364583333,"2025-05-30_hudsoncarbonfieldfluxes.json",FALSE,2025-05-30,"",1,FALSE,TRUE,"single",NA,TRUE,0.12394,6.42709,9.30502967166007,"HM",8.7551135044244,9.30502967166007,0.183155837525974,0.997356429575057,1.06281085527421,0.818242259010849,0.129988001253903,FALSE,"emission","",NA,NA,-0.348835566621511,"HM",-0.346621671461342,-0.348835566621511,0.0164700749884305,0.986955141362447,1.00638706504079,0.136286346792447,0.0216507881653074,FALSE,"uptake","AICc | Intercept",TRUE,"convex (accelerating) trace",0.089035551769218,"HM",0.0890088358745808,0.089035551769218,0.099930160601036,0.109242524973943,1.00030014879281,0.944202294142433,0.150399847191235,TRUE,"below detection","SE | AICc | Intercept",FALSE,NA,"compost"
"2025-05-30-4A_1",2025-05-30,4,"A",2025-05-30 12:57:24,2025-05-30 12:58:59,2025-05-30 12:56:59,6.16726,0.04696,318,99.4300479166667,32.1796166666667,"2025-05-30_hudsoncarbonfieldfluxes.json",FALSE,2025-05-30,"",1,FALSE,TRUE,"single",NA,TRUE,0.12394,6.24424,7.0566745554108,"HM",6.03857395227351,7.0566745554108,0.198713208082267,0.993244749642712,1.16859950895426,0.818242259010849,0.12551317679308,FALSE,"emission","",NA,NA,-0.29990271826118,"HM",-0.298177606104974,-0.29990271826118,0.0170530332788497,0.981144330017801,1.0057855188347,0.136286346792447,0.0209054618617743,FALSE,"uptake","AICc",TRUE,"convex (accelerating) trace",0.0593689068298357,"HM",0.0592678519339075,0.0593689068298357,0.099761423870226,0.0465255388026987,1.00170505413358,0.944202294142433,0.145178784037622,TRUE,"below detection","SE | AICc | Intercept",FALSE,NA,"compost"
"2025-05-30-4B_1",2025-05-30,4,"B",2025-05-30 13:00:37,2025-05-30 13:02:12,2025-05-30 13:00:12,6.09571,0.04696,318,99.4360802083333,30.0895541666667,"2025-05-30_hudsoncarbonfieldfluxes.json",FALSE,2025-05-30,"",1,FALSE,TRUE,"single",NA,TRUE,0.12394,6.17269,9.536123973071,"HM",8.63831275798295,9.536123973071,0.199812976364919,0.996578281371814,1.10393363151367,0.818242259010849,0.124498991552197,FALSE,"emission","",NA,NA,-0.396286227044815,"HM",-0.393277640060788,-0.396286227044815,0.0178562190198079,0.988093013106032,1.00765003315104,0.136286346792447,0.0207365392720051,FALSE,"uptake","AICc",TRUE,"convex (accelerating) trace",0.145135692141061,"HM",0.14507290535096,0.145135692141061,0.10519164734905,0.234740412892451,1.00043279473826,0.944202294142433,0.144119333221272,FALSE,"emission","SE | AICc",TRUE,"convex (accelerating) trace","compost"
"2025-05-30-4C_1",2025-05-30,4,"C",2025-05-30 13:04:22,2025-05-30 13:05:57,2025-05-30 13:03:57,6.0973,0.04696,318,99.43533125,30.3326354166667,"2025-05-30_hudsoncarbonfieldfluxes.json",FALSE,2025-05-30,"",1,FALSE,TRUE,"single",NA,TRUE,0.12394,6.17428,12.392963387681,"HM",11.5268284756598,12.392963387681,0.177564591958148,0.998367857806663,1.07514078255352,0.818242259010849,0.124200587114014,FALSE,"emission","",NA,NA,-0.543574805990435,"HM",-0.536256236801341,-0.543574805990435,0.0149380427726249,0.995533907344008,1.01364752274537,0.136286346792447,0.0206868370593673,FALSE,"uptake","AICc",FALSE,NA,0.153586500383739,"LM",0.153586500383739,0.458330867971995,0.0300492602365763,0.209150084969224,2.98418719631508,0.944202294142433,0.143353105860725,FALSE,"emission","SE | g-fact. > 2 | Intercept",FALSE,NA,"compost"
"2025-05-30-5A_1",2025-05-30,5,"A",2025-05-30 13:08:01,2025-05-30 13:09:36,2025-05-30 13:07:36,6.03211,0.04696,318,99.4322604166667,28.9958364583333,"2025-05-30_hudsoncarbonfieldfluxes.json",FALSE,2025-05-30,"",1,FALSE,TRUE,"single",NA,TRUE,0.12394,6.10909,13.8529752924701,"HM",13.6679299581679,13.8529752924701,0.229363453628166,0.998412184950836,1.01353865105166,0.818242259010849,0.123823625098827,FALSE,"emission","AICc",NA,NA,-0.600163122353211,"HM",-0.597307740153734,-0.600163122353211,0.0245077371591516,0.990303748793926,1.00478042055632,0.136286346792447,0.0206240503047558,FALSE,"uptake","AICc",TRUE,"convex (accelerating) trace",0.118312198392779,"HM",0.11836356786262,0.118312198392779,0.113775267009313,0.145313690565579,0.999566002691801,0.944202294142433,0.142888765730494,TRUE,"below detection","SE | AICc | Intercept",TRUE,"convex (accelerating) trace","control"
"2025-05-30-5B_1",2025-05-30,5,"B",2025-05-30 13:11:12,2025-05-30 13:12:47,2025-05-30 13:10:47,6.18316,0.04696,318,99.4307114583333,29.0319395833333,"2025-05-30_hudsoncarbonfieldfluxes.json",FALSE,2025-05-30,"",1,FALSE,TRUE,"single",NA,TRUE,0.12394,6.26014,8.61896629366712,"HM",7.90714841453958,8.61896629366712,0.167511739475367,0.997125429147347,1.09002207139791,0.818242259010849,0.127336378291484,FALSE,"emission","",NA,NA,-0.541710139331708,"HM",-0.536293930534573,-0.541710139331708,0.0186394183531013,0.993023423552887,1.01009932891043,0.136286346792447,0.0212091341164736,FALSE,"uptake","AICc",FALSE,NA,0.0785383233920708,"HM",0.078544562235527,0.0785383233920708,0.103070118421765,0.0794415227235394,0.999920569377706,0.944202294142433,0.147004510447875,TRUE,"below detection","SE | AICc | Intercept",FALSE,NA,"control"
"2025-05-30-5C_1",2025-05-30,5,"C",2025-05-30 13:14:42,2025-05-30 13:16:17,2025-05-30 13:14:17,6.31036,0.04696,318,99.4180239583333,29.05986875,"2025-05-30_hudsoncarbonfieldfluxes.json",FALSE,2025-05-30,"",1,FALSE,TRUE,"single",NA,TRUE,0.12394,6.38734,10.8884685609835,"HM",10.2279950506504,10.8884685609835,0.193163862620392,0.997793762501032,1.06457507136662,0.818242259010849,0.129357828583558,FALSE,"emission","",NA,NA,-0.478521436062508,"HM",-0.473461690149283,-0.478521436062508,0.0169385581651004,0.992610315981111,1.01068670605985,0.136286346792447,0.0215458266699263,FALSE,"uptake","AICc",FALSE,NA,0.0961285751858621,"LM",0.0961285751858621,0.201939779325908,0.0327286364682387,0.0743157809931365,2.10072581368716,0.944202294142433,0.149299276276901,TRUE,"below detection","SE | AICc | g-fact. > 2 | Intercept",FALSE,NA,"control"
"2025-05-30-6A_1",2025-05-30,6,"A",2025-05-30 13:18:21,2025-05-30 13:19:55,2025-05-30 13:17:56,5.96851,0.04696,318,99.4074663157895,30.1115589473684,"2025-05-30_hudsoncarbonfieldfluxes.json",FALSE,2025-05-30,"",1,FALSE,TRUE,"single",NA,TRUE,0.12394,6.04549,10.700367212076,"HM",10.5561197384247,10.700367212076,0.136266195944344,0.999092266037441,1.01366481976575,0.818242259010849,0.123498528818703,FALSE,"emission","AICc",NA,NA,-0.424202933179684,"HM",-0.42190978328921,-0.424202933179684,0.0181120587183219,0.989484105605193,1.00543516642965,0.136286346792447,0.02056990230166,FALSE,"uptake","AICc",TRUE,"convex (accelerating) trace",0.247335713730273,"HM",0.246020459040529,0.247335713730273,0.102522565268886,0.492476378808134,1.00534611915966,0.944202294142433,0.142526423092223,FALSE,"emission","SE | AICc | Intercept",FALSE,NA,"slurry"
"2025-05-30-6B_1",2025-05-30,6,"B",2025-05-30 13:21:37,2025-05-30 13:23:12,2025-05-30 13:21:12,6.66811,0.04696,318,99.392134375,30.0315145833333,"2025-05-30_hudsoncarbonfieldfluxes.json",FALSE,2025-05-30,"",1,FALSE,TRUE,"single",NA,TRUE,0.12394,6.74509,12.6850739010702,"HM",12.4748491324049,12.6850739010702,0.146409753595149,0.99917839220706,1.01685188866286,0.818242259010849,0.136220714055235,FALSE,"emission","AICc",NA,NA,-0.363633738078416,"HM",-0.360219717975898,-0.363633738078416,0.017935092763214,0.985698716560162,1.00947760472886,0.136286346792447,0.0226889081706551,FALSE,"uptake","AICc",FALSE,NA,0.272888633204892,"HM",0.272050925994652,0.272888633204892,0.115156264283238,0.481136726640115,1.00307922940228,0.944202294142433,0.157247889424416,FALSE,"emission","SE | AICc",FALSE,NA,"slurry"
"2025-05-30-6C_1",2025-05-30,6,"C",2025-05-30 13:24:57,2025-05-30 13:26:32,2025-05-30 13:24:32,6.36601,0.04696,318,99.4028427083333,30.7225739583333,"2025-05-30_hudsoncarbonfieldfluxes.json",FALSE,2025-05-30,"",1,FALSE,TRUE,"single",NA,TRUE,0.12394,6.44299,20.1848901819746,"HM",19.9779203647404,20.1848901819746,0.335812159057819,0.998437136349697,1.01035992803333,0.818242259010849,0.129301293424539,FALSE,"emission","AICc",NA,NA,-0.23985230462655,"HM",-0.238828815893716,-0.23985230462655,0.02344640292461,0.94595007360574,1.00428544909459,0.136286346792447,0.0215364101796349,FALSE,"uptake","AICc",TRUE,"convex (accelerating) trace",1.21306576534898,"HM",1.20516120396517,1.21306576534898,0.121855423019895,0.943009244226766,1.00655892453044,0.944202294142433,0.149229599781213,FALSE,"emission","SE | AICc",FALSE,NA,"slurry"
"2025-05-30-7A_1",2025-05-30,7,"A",2025-05-30 13:56:17,2025-05-30 13:57:52,2025-05-30 13:55:52,6.16726,0.04696,318,99.359753125,30.3651302083333,"2025-05-30_hudsoncarbonfieldfluxes.json",FALSE,2025-05-30,"",1,FALSE,TRUE,"single",NA,TRUE,0.12394,6.24424,16.936368455403,"HM",15.3195986400724,16.936368455403,0.285421974629333,0.997531565655622,1.10553604264158,0.818242259010849,0.125553963644748,FALSE,"emission","",NA,NA,-0.359473895934318,"HM",-0.358196001237826,-0.359473895934318,0.0232139725420635,0.975894658047856,1.00356758504304,0.136286346792447,0.0209122553156076,FALSE,"uptake","AICc | Intercept",TRUE,"convex (accelerating) trace",0.304947716575023,"HM",0.173254885451469,0.304947716575023,0.143777830022324,0.35125393280742,1.76011034713617,0.944202294142433,0.144917203522006,FALSE,"emission","SE | AICc | Intercept",FALSE,NA,"control"
"2025-05-30-7B_1",2025-05-30,7,"B",2025-05-30 13:59:56,2025-05-30 14:01:31,2025-05-30 13:59:31,6.32626,0.04696,318,99.3465197916667,30.2293875,"2025-05-30_hudsoncarbonfieldfluxes.json",FALSE,2025-05-30,"",1,FALSE,TRUE,"single",NA,TRUE,0.12394,6.40324,12.4882080324958,"HM",11.8580470953302,12.4882080324958,0.215761807210816,0.997986210740121,1.05314205046578,0.818242259010849,0.129185246342924,FALSE,"emission","",NA,NA,-0.480590750277932,"HM",-0.47585004777301,-0.480590750277932,0.0158769206395337,0.993577466933197,1.00996259751808,0.136286346792447,0.0215170813896157,FALSE,"uptake","AICc",FALSE,NA,0.0990225295620954,"HM",0.0990356228895929,0.0990225295620954,0.15500050168603,0.054610815145777,0.999867791738816,0.944202294142433,0.14912536840863,TRUE,"below detection","SE | AICc | Intercept",FALSE,NA,"control"
"2025-05-30-7C_1",2025-05-30,7,"C",2025-05-30 14:03:45,2025-05-30 14:05:20,2025-05-30 14:03:20,6.22291,0.04696,318,99.3402041666667,30.0410635416667,"2025-05-30_hudsoncarbonfieldfluxes.json",FALSE,2025-05-30,"",1,FALSE,TRUE,"single",NA,TRUE,0.12394,6.29989,14.0473053023141,"HM",13.2566221858704,14.0473053023141,0.187597548606165,0.998667330190015,1.05964438794118,0.818242259010849,0.127209551744946,FALSE,"emission","",NA,NA,-0.410916287892569,"HM",-0.406958720723084,-0.410916287892569,0.0183472893552374,0.988257847270136,1.00972473857411,0.136286346792447,0.0211880098998817,FALSE,"uptake","AICc",FALSE,NA,0.113626692540748,"HM",0.11372136939275,0.113626692540748,0.114291159489284,0.13372006262111,0.999167466479624,0.944202294142433,0.14682699464518,TRUE,"below detection","SE | AICc | Intercept",TRUE,"convex (accelerating) trace","control"
"2025-05-30-8A_1",2025-05-30,8,"A",2025-05-30 13:50:52,2025-05-30 13:52:27,2025-05-30 13:50:27,6.22291,0.04696,318,99.35843125,30.7456739583333,"2025-05-30_hudsoncarbonfieldfluxes.json",FALSE,2025-05-30,"",1,FALSE,TRUE,"single",NA,TRUE,0.12394,6.29989,9.5431671033375,"HM",8.96793890172335,9.5431671033375,0.232860249973014,0.996076300992067,1.06414274315625,0.818242259010849,0.127020781773994,FALSE,"emission","",NA,NA,-0.452808255793722,"HM",-0.450320155723601,-0.452808255793722,0.0211710544457208,0.987242981227641,1.0055251803378,0.136286346792447,0.0211565683928685,FALSE,"uptake","AICc",TRUE,"convex (accelerating) trace",0.116223045276855,"LM",0.116223045276855,0.258024240243207,0.0285378303828967,0.140940363718124,2.2200781233065,0.944202294142433,0.14662936355079,TRUE,"below detection","SE | AICc | g-fact. > 2 | Intercept (LM)",FALSE,NA,"compost"
"2025-05-30-8B_1",2025-05-30,8,"B",2025-05-30 13:47:32,2025-05-30 13:49:07,2025-05-30 13:47:07,6.33421,0.04696,318,99.3574145833333,29.6214625,"2025-05-30_hudsoncarbonfieldfluxes.json",FALSE,2025-05-30,"",1,FALSE,TRUE,"single",NA,TRUE,0.12394,6.41119,12.8579000867185,"HM",11.7439848907667,12.8579000867185,0.205166143645984,0.997838977867041,1.09484984920473,0.818242259010849,0.129619227123625,FALSE,"emission","",NA,NA,-0.56695395137652,"HM",-0.563387972977986,-0.56695395137652,0.0197259548507469,0.992957779031375,1.00632952524649,0.136286346792447,0.021589365183967,FALSE,"uptake","AICc",TRUE,"convex (accelerating) trace",0.200826313773814,"HM",0.117981330132312,0.200826313773814,0.198274211545385,0.105750911718239,1.70218723206963,0.944202294142433,0.149617252802605,FALSE,"emission","SE | AICc | Intercept (HM)",FALSE,NA,"compost"
"2025-05-30-8C_1",2025-05-30,8,"C",2025-05-30 13:43:31,2025-05-30 13:45:06,2025-05-30 13:43:06,6.27856,0.04696,318,99.365175,30.86125625,"2025-05-30_hudsoncarbonfieldfluxes.json",FALSE,2025-05-30,"",1,FALSE,TRUE,"single",NA,TRUE,0.12394,6.35554,16.0983853041965,"HM",15.699868522588,16.0983853041965,0.288671012976559,0.998010589478361,1.02538344706742,0.818242259010849,0.1280765818809,FALSE,"emission","AICc",NA,NA,-0.935124456484813,"HM",-0.928705092713429,-0.935124456484813,0.0303685230330113,0.99386634167737,1.00691216600593,0.136286346792447,0.0213324223504571,FALSE,"uptake","AICc",TRUE,"convex (accelerating) trace",0.238738655578997,"HM",0.237875292064801,0.238738655578997,0.0994990975521592,0.487333984309423,1.00362947957605,0.944202294142433,0.147799273680576,FALSE,"emission","SE | AICc | Intercept",FALSE,NA,"compost"
"2025-05-30-9A_1",2025-05-30,9,"A",2025-05-30 13:29:19,2025-05-30 13:30:54,2025-05-30 13:28:54,6.19111,0.04696,318,99.390609375,30.5865385416667,"2025-05-30_hudsoncarbonfieldfluxes.json",FALSE,2025-05-30,"",1,FALSE,TRUE,"single",NA,TRUE,0.12394,6.26809,9.31965532306835,"HM",9.18214930287545,9.31965532306835,0.161954378042723,0.998213941063091,1.01497536313746,0.818242259010849,0.126617095079209,FALSE,"emission","AICc",NA,NA,-0.367891011558444,"HM",-0.3660093280421,-0.367891011558444,0.0174538223052194,0.9868652265387,1.00514108076537,0.136286346792447,0.0210893303783624,FALSE,"uptake","AICc",TRUE,"convex (accelerating) trace",0.0888812987847731,"HM",0.0888671668585923,0.0888812987847731,0.119263150946994,0.0761112134164059,1.00015902303044,0.944202294142433,0.146169412704545,TRUE,"below detection","SE | AICc | Intercept",FALSE,NA,"compost"
"2025-05-30-9B_1",2025-05-30,9,"B",2025-05-30 13:32:32,2025-05-30 13:34:07,2025-05-30 13:32:07,6.23086,0.04696,318,99.4000635416667,31.97686875,"2025-05-30_hudsoncarbonfieldfluxes.json",FALSE,2025-05-30,"",1,FALSE,TRUE,"single",NA,TRUE,0.12394,6.30784,9.17153587175095,"HM",9.04895475902113,9.17153587175095,0.166467703386983,0.99807906512127,1.01354643889756,0.818242259010849,0.126474935238981,FALSE,"emission","AICc",NA,NA,-0.4545027800636,"HM",-0.452419470431399,-0.4545027800636,0.020824358174014,0.987753556851188,1.00460481868788,0.136286346792447,0.0210656522499452,FALSE,"uptake","AICc",TRUE,"convex (accelerating) trace",0.249993308873491,"HM",0.249678742897391,0.249993308873491,0.107495035136328,0.472087836874233,1.00125988288971,0.944202294142433,0.145991127054829,FALSE,"emission","SE | AICc | Intercept",TRUE,"convex (accelerating) trace","compost"
"2025-05-30-9C_1",2025-05-30,9,"C",2025-05-30 13:36:02,2025-05-30 13:37:37,2025-05-30 13:35:37,6.15931,0.04696,318,99.40975,31.0734479166667,"2025-05-30_hudsoncarbonfieldfluxes.json",FALSE,2025-05-30,"",1,FALSE,TRUE,"single",NA,TRUE,0.12394,6.23629,9.57382071177153,"HM",8.92969965668871,9.57382071177153,0.161575843470399,0.997901432594731,1.07213244340198,0.818242259010849,0.125600205325323,FALSE,"emission","",NA,NA,-0.487205697066227,"HM",-0.483358793273876,-0.487205697066227,0.0186786124287657,0.991392195279,1.00795869206453,0.136286346792447,0.0209199573251846,FALSE,"uptake","AICc",TRUE,"convex (accelerating) trace",0.229674789305169,"HM",0.225614332070304,0.229674789305169,0.110284088144089,0.41439300810983,1.0179973373039,0.944202294142433,0.144999383902126,FALSE,"emission","SE | AICc | Intercept",FALSE,NA,"compost"
"2025-05-30-10A4_1",2025-05-30,10,"A",2025-05-30 14:16:33,2025-05-30 14:18:07,2025-05-30 14:16:08,5.80156,0.04696,318,99.340512631579,30.7980231578947,"2025-05-30_hudsoncarbonfieldfluxes.json",FALSE,2025-05-30,"",1,FALSE,TRUE,"single",NA,TRUE,0.12394,5.87854,9.39396123458214,"HM",8.74391406401165,9.39396123458214,0.197732237256459,0.99693733644248,1.07434281327695,0.818242259010849,0.119590588993348,FALSE,"emission","",NA,NA,-0.311299844195076,"HM",-0.309332680253274,-0.311299844195076,0.0163596810221879,0.98402184633037,1.00635937961741,0.136286346792447,0.0199189962449059,FALSE,"uptake","AICc | Intercept",TRUE,"convex (accelerating) trace",0.487902273749425,"HM",0.401406019670386,0.487902273749425,0.24030916497297,0.381800272063659,1.21548320114896,0.944202294142433,0.138008119918681,FALSE,"emission","SE | AICc",FALSE,NA,"control"
"2025-05-30-10B_1",2025-05-30,10,"B",2025-05-30 14:20:16,2025-05-30 14:21:51,2025-05-30 14:19:51,5.99236,0.04696,318,99.3262,29.47280625,"2025-05-30_hudsoncarbonfieldfluxes.json",FALSE,2025-05-30,"",1,FALSE,TRUE,"single",NA,TRUE,0.12394,6.06934,7.79543439756172,"HM",7.40885254522262,7.79543439756172,0.132233292270127,0.998060104611489,1.05217837039939,0.818242259010849,0.123060519746798,FALSE,"emission","",NA,NA,-0.374211412112496,"HM",-0.369944258246314,-0.374211412112496,0.0150499748058636,0.990445715711975,1.01153458601144,0.136286346792447,0.0204969475555387,FALSE,"uptake","AICc",FALSE,NA,0.0807872840312427,"HM",0.0808454921354769,0.0807872840312427,0.119272772948121,0.0620395591047319,0.999280008041306,0.944202294142433,0.142035544834494,TRUE,"below detection","SE | AICc | Intercept",TRUE,"convex (accelerating) trace","control"
"2025-05-30-10C_1",2025-05-30,10,"C",2025-05-30 14:24:05,2025-05-30 14:25:40,2025-05-30 14:23:40,5.98044,0.04696,318,99.3200135416667,30.0931541666667,"2025-05-30_hudsoncarbonfieldfluxes.json",FALSE,2025-05-30,"",1,FALSE,TRUE,"single",NA,TRUE,0.12394,6.05742,9.95265711770819,"HM",9.19408774493001,9.95265711770819,0.195187512723576,0.997171857002686,1.08250621419145,0.818242259010849,0.122297407634754,FALSE,"emission","",NA,NA,-0.395895118721288,"HM",-0.393681631119565,-0.395895118721288,0.0198529527030785,0.985323964167427,1.00562253208368,0.136286346792447,0.0203698436803743,FALSE,"uptake","AICc",TRUE,"convex (accelerating) trace",0.152773248529601,"HM",0.122317170217909,0.152773248529601,0.139312833693772,0.143996208340704,1.24899266601275,0.944202294142433,0.14115734465877,FALSE,"emission","SE | AICc | Intercept",FALSE,NA,"control"
"2025-05-30-11A_1",2025-05-30,11,"A",2025-05-30 14:34:47,2025-05-30 14:36:22,2025-05-30 14:34:22,6.21894,0.04696,318,99.29851875,30.591403125,"2025-05-30_hudsoncarbonfieldfluxes.json",FALSE,2025-05-30,"",1,FALSE,TRUE,"single",NA,TRUE,0.12394,6.29592,13.051175875207,"HM",11.6717734776658,13.051175875207,0.256385866504739,0.996699277296308,1.11818275947359,0.818242259010849,0.126835327375263,FALSE,"emission","",NA,NA,-0.281566068139119,"HM",-0.27974213763862,-0.281566068139119,0.0187654657598003,0.974176237689397,1.00652004204978,0.136286346792447,0.0211256791272246,FALSE,"uptake","AICc",TRUE,"convex (accelerating) trace",0.261901869975753,"HM",0.260402912142622,0.261901869975753,0.0997869877708968,0.532313135154926,1.00575630211197,0.944202294142433,0.146395704517478,FALSE,"emission","SE | AICc",FALSE,NA,"slurry"
"2025-05-30-11B_1",2025-05-30,11,"B",2025-05-30 14:31:21,2025-05-30 14:32:56,2025-05-30 14:30:56,6.19906,0.04696,318,99.28926875,30.8365729166667,"2025-05-30_hudsoncarbonfieldfluxes.json",FALSE,2025-05-30,"",1,FALSE,TRUE,"single",NA,TRUE,0.12394,6.27604,14.8043232741142,"HM",14.5759962479522,14.8043232741142,0.173164094776888,0.999190664899705,1.01566459144733,0.818242259010849,0.126033118111413,FALSE,"emission","AICc",NA,NA,-0.27056965563662,"HM",-0.269264808028439,-0.27056965563662,0.0168993702368736,0.9773056590754,1.00484596415601,0.136286346792447,0.0209920632344629,FALSE,"uptake","AICc | Intercept",TRUE,"convex (accelerating) trace",0.293792072237789,"HM",0.242005445014792,0.293792072237789,0.113342473161888,0.500615339787936,1.21398951259064,0.944202294142433,0.14547690567554,FALSE,"emission","SE | AICc",FALSE,NA,"slurry"
"2025-05-30-11C_1",2025-05-30,11,"C",2025-05-30 14:28:05,2025-05-30 14:29:39,2025-05-30 14:27:40,5.94069,0.04696,318,99.3042863157895,30.59468,"2025-05-30_hudsoncarbonfieldfluxes.json",FALSE,2025-05-30,"",1,FALSE,TRUE,"single",NA,TRUE,0.12394,6.01767,12.644291438211,"HM",12.5407258353322,12.644291438211,0.280049898619496,0.997229128262561,1.00825834200019,0.818242259010849,0.12224972113084,FALSE,"emission","AICc",NA,NA,-0.240406207240333,"HM",-0.239545299751144,-0.240406207240333,0.0162929425396218,0.973674366815606,1.00359392352963,0.136286346792447,0.0203619010211703,FALSE,"uptake","AICc",TRUE,"convex (accelerating) trace",0.484702125677008,"HM",0.399773338850443,0.484702125677008,0.122812517599174,0.701915061387396,1.21244234813352,0.944202294142433,0.141074145494747,FALSE,"emission","SE | AICc | Intercept",FALSE,NA,"slurry"
"2025-05-30-12A_1",2025-05-30,12,"A",2025-05-30 14:38:39,2025-05-30 14:40:13,2025-05-30 14:38:14,6.33819,0.04696,318,99.2731221052632,32.7188663157895,"2025-05-30_hudsoncarbonfieldfluxes.json",FALSE,2025-05-30,"",1,FALSE,TRUE,"single",NA,TRUE,0.12394,6.41517,9.18549805269274,"HM",9.04300896864811,9.18549805269274,0.186893538147604,0.997538706360594,1.01575682215274,0.818242259010849,0.129798403194533,FALSE,"emission","AICc",NA,NA,-0.442504487192877,"HM",-0.437419009526415,-0.442504487192877,0.0157930412581447,0.992551571331768,1.01162610118835,0.136286346792447,0.0216192087319723,FALSE,"uptake","AICc",FALSE,NA,0.399751511333867,"HM",0.250513282140061,0.399751511333867,0.147679947633842,0.485164212341477,1.5957298068945,0.944202294142433,0.149808986697012,FALSE,"emission","SE | AICc | Intercept",FALSE,NA,"slurry"
"2025-05-30-12B_1",2025-05-30,12,"B",2025-05-30 14:41:50,2025-05-30 14:43:25,2025-05-30 14:41:25,6.07981,0.04696,318,99.2691947916667,32.3257229166667,"2025-05-30_hudsoncarbonfieldfluxes.json",FALSE,2025-05-30,"",1,FALSE,TRUE,"single",NA,TRUE,0.12394,6.15679,17.8775593965185,"HM",17.2233687735323,17.8775593965185,0.188483960333394,0.999225849502962,1.03798273331937,0.818242259010849,0.122680746310778,FALSE,"emission","",NA,NA,-0.331533834530919,"HM",-0.329639757634091,-0.331533834530919,0.016958864980976,0.984710803822423,1.00574589943404,0.136286346792447,0.0204336925309614,FALSE,"uptake","AICc | Intercept (HM)",TRUE,"convex (accelerating) trace",0.656780846671816,"HM",0.655365648359174,0.656780846671816,0.125109260891807,0.821473842811468,1.00215940264215,0.944202294142433,0.141593953985189,FALSE,"emission","SE | AICc | Intercept",TRUE,"convex (accelerating) trace","slurry"
"2025-05-30-12C_1",2025-05-30,12,"C",2025-05-30 14:45:19,2025-05-30 14:46:54,2025-05-30 14:44:54,5.84131,0.04696,318,99.2786166666667,32.468284375,"2025-05-30_hudsoncarbonfieldfluxes.json",FALSE,2025-05-30,"",1,FALSE,TRUE,"single",NA,TRUE,0.12394,5.91829,14.4285338200869,"HM",14.0891814694976,14.4285338200869,0.208303851507362,0.99870871833655,1.0240860231181,0.818242259010849,0.117945557537944,FALSE,"emission","",NA,NA,-0.285226754190706,"HM",-0.283992497918747,-0.285226754190706,0.0188849054802847,0.97456699722701,1.00434608759388,0.136286346792447,0.0196449999743067,FALSE,"uptake","AICc",TRUE,"convex (accelerating) trace",0.846000075843364,"HM",0.821486780431549,0.846000075843364,0.0956797238661111,0.927746184870948,1.02984015810813,0.944202294142433,0.136148833670633,FALSE,"emission","SE | AICc",FALSE,NA,"slurry"
"2025-05-30-13A_1",2025-05-30,13,"A",2025-05-30 15:11:26,2025-05-30 15:13:01,2025-05-30 15:11:01,6.35806,0.04696,318,99.2430260416667,27.7114125,"2025-05-30_hudsoncarbonfieldfluxes.json",FALSE,2025-05-30,"",1,FALSE,TRUE,"single",NA,TRUE,0.12394,6.43504,10.5228704883429,"HM",10.3669916711173,10.5228704883429,0.126157978325498,0.999164018054576,1.01503607046004,0.818242259010849,0.131415585814505,FALSE,"emission","AICc",NA,NA,-0.391745270993178,"HM",-0.389457393577584,-0.391745270993178,0.0153043751216428,0.991096757604347,1.0058745255664,0.136286346792447,0.0218885665033963,FALSE,"uptake","AICc",TRUE,"convex (accelerating) trace",0.18250324761013,"HM",0.181397694504074,0.18250324761013,0.100215428419479,0.35154075610106,1.00609463702986,0.944202294142433,0.151673273708478,FALSE,"emission","SE | AICc | Intercept",FALSE,NA,"slurry"
"2025-05-30-13B_1",2025-05-30,13,"B",2025-05-30 15:14:34,2025-05-30 15:16:09,2025-05-30 15:14:09,6.27856,0.04696,318,99.2256364583333,27.469809375,"2025-05-30_hudsoncarbonfieldfluxes.json",FALSE,2025-05-30,"",2,TRUE,TRUE,"confirmation: averaged",NA,TRUE,0.12394,6.35554,22.9944533575023,"HM",21.0632091534288,22.9944533575023,0.252343281116933,0.998712846528021,1.09168803243636,0.818242259010849,0.129625344421067,FALSE,"emission","",NA,NA,1.81144876446373,"HM",1.7904761052437,1.81144876446373,0.0256468880874677,0.998866411722496,1.01171345384538,0.136286346792447,0.021590384080402,FALSE,"emission","AICc",TRUE,"convex (accelerating) trace",3.63151640216988,"HM",3.54957878228255,3.63151640216988,0.113666627866384,0.994069034815606,1.02308375864097,0.944202294142433,0.149608805409119,FALSE,"emission","SE | AICc",FALSE,NA,"slurry"
"2025-05-30-13B2_1",2025-05-30,13,"B",2025-05-30 15:22:34,2025-05-30 15:24:09,2025-05-30 15:22:09,6.27856,0.04696,318,99.230140625,27.06286875,"2025-05-30_hudsoncarbonfieldfluxes.json",FALSE,2025-05-30,"SECOND MEASUREMENT TO CONFIRM POSITIVE METHANE FLUX",2,TRUE,TRUE,"confirmation: averaged",NA,TRUE,0.12394,6.35554,23.9546822980774,"HM",21.3032346546041,23.9546822980774,0.278936938787708,0.998188974178222,1.12446220897728,0.818242259010849,0.129633604750976,FALSE,"emission","",NA,NA,1.82544905603252,"HM",1.74650049578632,1.82544905603252,0.0477443528925949,0.99569641084044,1.0452038579071,0.136286346792447,0.0215917599201049,FALSE,"emission","",TRUE,"closure sigma = 0.21 ppb = 1.5x campaign sigma (disturbed closure?)",3.97995198150327,"HM",3.48987074623474,3.97995198150327,0.138093944853294,0.991175513180022,1.14042962358915,0.944202294142433,0.149604591759774,FALSE,"emission","SE",FALSE,NA,"slurry"
"2025-05-30-13C_1",2025-05-30,13,"C",2025-05-30 15:18:47,2025-05-30 15:20:22,2025-05-30 15:18:22,6.00031,0.04696,318,99.2211989583333,27.2304,"2025-05-30_hudsoncarbonfieldfluxes.json",FALSE,2025-05-30,"",1,FALSE,TRUE,"single",NA,TRUE,0.12394,6.07729,15.5359914964955,"HM",14.2771663132174,15.5359914964955,0.134434001077595,0.999035915210469,1.08817052037229,0.818242259010849,0.124044184126649,FALSE,"emission","",NA,NA,-0.288364417137514,"HM",-0.285191019418451,-0.288364417137514,0.0165257367957792,0.980701262074625,1.01112727085704,0.136286346792447,0.0206607865938228,FALSE,"uptake","AICc",FALSE,NA,0.542084441234278,"HM",0.539243135448089,0.542084441234278,0.106518507229664,0.811720396548432,1.00526906250522,0.944202294142433,0.14315323983505,FALSE,"emission","SE | AICc",FALSE,NA,"slurry"
"2025-05-30-14A_1",2025-05-30,14,"A",2025-05-30 15:00:36,2025-05-30 15:02:11,2025-05-30 15:00:11,5.97725,0.04696,318,99.2523875,31.0417177083333,"2025-05-30_hudsoncarbonfieldfluxes.json",FALSE,2025-05-30,"",1,FALSE,TRUE,"single",NA,TRUE,0.12394,6.05423,10.4486100683407,"HM",9.73518526940404,10.4486100683407,0.187595803039615,0.997666250446045,1.07328312499392,0.818242259010849,0.121882620440233,FALSE,"emission","",NA,NA,0.123864759838226,"HM",0.123653423991459,0.123864759838226,0.0187957907982481,0.878278958607399,1.0017090982194,0.136286346792447,0.0203007567677699,FALSE,"emission","AICc",TRUE,"convex (accelerating) trace",0.126904795472291,"HM",0.126183415208266,0.126904795472291,0.0986110564207768,0.209846226968813,1.00571691820858,0.944202294142433,0.140659018393755,TRUE,"below detection","SE | AICc | Intercept",FALSE,NA,"compost"
"2025-05-30-14B_1",2025-05-30,14,"B",2025-05-30 15:07:48,2025-05-30 15:09:23,2025-05-30 15:07:23,6.31831,0.04696,318,99.242215625,29.677553125,"2025-05-30_hudsoncarbonfieldfluxes.json",FALSE,2025-05-30,"",1,FALSE,TRUE,"single",NA,TRUE,0.12394,6.39529,8.81674666900047,"HM",8.54360124977412,8.81674666900047,0.124901513856485,0.998711466270932,1.03197075931342,0.818242259010849,0.129629373826351,FALSE,"emission","",NA,NA,-0.300429681735708,"HM",-0.298733000780987,-0.300429681735708,0.0178936033177409,0.979328243726123,1.00567958996925,0.136286346792447,0.021591055217733,FALSE,"uptake","AICc",TRUE,"convex (accelerating) trace",0.0912719765189673,"HM",0.0912377675937611,0.0912719765189673,0.0977710628402155,0.118556102526021,1.00037494259349,0.944202294142433,0.149586657857437,TRUE,"below detection","SE | AICc | Intercept",FALSE,NA,"compost"
"2025-05-30-14C_1",2025-05-30,14,"C",2025-05-30 15:03:50,2025-05-30 15:05:25,2025-05-30 15:03:25,6.45744,0.04696,318,99.2497125,31.65913125,"2025-05-30_hudsoncarbonfieldfluxes.json",FALSE,2025-05-30,"",1,FALSE,TRUE,"single",NA,TRUE,0.12394,6.53442,9.80093685358325,"HM",9.48622633801084,9.80093685358325,0.173253247989804,0.998027305372494,1.03317552252695,0.818242259010849,0.130911198551279,FALSE,"emission","",NA,NA,-0.165670716548503,"HM",-0.165297883122291,-0.165670716548503,0.0184271195063101,0.930895210460516,1.00225552450624,0.136286346792447,0.0218045558125323,FALSE,"uptake","AICc | Intercept",TRUE,"convex (accelerating) trace",0.151640109148128,"HM",0.128000709639004,0.151640109148128,0.141343400944244,0.142056421847717,1.18468178477911,0.944202294142433,0.151072794063309,FALSE,"emission","SE | AICc | Intercept",FALSE,NA,"compost"
"2025-05-30-15A_1",2025-05-30,15,"A",2025-05-30 14:49:38,2025-05-30 14:51:13,2025-05-30 14:49:13,6.00031,0.04696,318,99.2766895833333,30.76670625,"2025-05-30_hudsoncarbonfieldfluxes.json",FALSE,2025-05-30,"",1,FALSE,TRUE,"single",NA,TRUE,0.12394,6.07729,11.3502925400951,"HM",10.7897587852546,11.3502925400951,0.256805538713288,0.996686162402423,1.05195053624428,0.818242259010849,0.122237747486806,FALSE,"emission","",NA,NA,-0.288358064593639,"HM",-0.286220531351451,-0.288358064593639,0.0169845647220038,0.979723634172194,1.00746813386201,0.136286346792447,0.0203599066922472,FALSE,"uptake","AICc",TRUE,"convex (accelerating) trace",0.145220038170672,"HM",0.142676259764918,0.145220038170672,0.0884533175602757,0.303503560464497,1.01782902362275,0.944202294142433,0.141056435738391,FALSE,"emission","SE | AICc | Intercept",FALSE,NA,"control"
"2025-05-30-15B_1",2025-05-30,15,"B",2025-05-30 14:52:49,2025-05-30 14:54:24,2025-05-30 14:52:24,6.33819,0.04696,318,99.2690364583333,31.782575,"2025-05-30_hudsoncarbonfieldfluxes.json",FALSE,2025-05-30,"",1,FALSE,TRUE,"single",NA,TRUE,0.12394,6.41517,9.43592572066992,"HM",9.29815659631923,9.43592572066992,0.212325938617172,0.996997102368088,1.01481682126167,0.818242259010849,0.128468487664793,FALSE,"emission","AICc",NA,NA,-0.324002335995525,"HM",-0.322693343484562,-0.324002335995525,0.0192500710755642,0.979483411183786,1.00405645959978,0.136286346792447,0.0213976981376527,FALSE,"uptake","AICc",TRUE,"convex (accelerating) trace",0.123302115223708,"HM",0.123328320151442,0.123302115223708,0.117433329572359,0.14700974624829,0.999787518976162,0.944202294142433,0.148259967915633,TRUE,"below detection","SE | AICc | Intercept",TRUE,"convex (accelerating) trace","control"
"2025-05-30-15C_1",2025-05-30,15,"C",2025-05-30 14:56:14,2025-05-30 14:57:49,2025-05-30 14:55:49,6.23881,0.04696,318,99.2610614583333,32.298071875,"2025-05-30_hudsoncarbonfieldfluxes.json",FALSE,2025-05-30,"",1,FALSE,TRUE,"single",NA,TRUE,0.12394,6.31579,12.2627345056601,"HM",11.0929948393804,12.2627345056601,0.271637433270667,0.996226882545773,1.10544849999632,0.818242259010849,0.126210717021453,FALSE,"emission","",NA,NA,-0.360787578559237,"HM",-0.357696673572185,-0.360787578559237,0.0160219485850336,0.988414681808095,1.00864113427778,0.136286346792447,0.0210216440907156,FALSE,"uptake","AICc",TRUE,"convex (accelerating) trace",0.278055422163306,"HM",0.277826245972216,0.278055422163306,0.113831717731928,0.496571579604202,1.00082489035652,0.944202294142433,0.14566193370795,FALSE,"emission","SE | AICc | Intercept",TRUE,"convex (accelerating) trace","control"
"2025-06-03-1A_1",2025-06-03,1,"A",2025-06-03 15:03:14,2025-06-03 15:04:49,2025-06-03 15:02:49,6.22132,0.04696,318,101.16871875,30.7998041666667,"2025-06-03_hudsoncarbonfieldfluxes.json",FALSE,2025-06-03,"",1,FALSE,TRUE,"single",NA,TRUE,0.12394,6.2983,13.9688646716044,"HM",12.9600118895559,13.9688646716044,0.238016980762465,0.997813749765716,1.07784350744782,0.775259641945608,0.122613877223098,FALSE,"emission","",NA,NA,-0.157262307952856,"HM",-0.156873413404268,-0.157262307952856,0.0181019478032767,0.926576164194369,1.00247903414701,0.136286346792209,0.0215548398093149,FALSE,"uptake","AICc | Intercept",TRUE,"convex (accelerating) trace",0.348115617643673,"HM",0.3469438791689,0.348115617643673,0.112619315079569,0.613129351079638,1.00337731415692,1.01388655161388,0.160410085487471,FALSE,"emission","SE | AICc | Intercept",FALSE,NA,"slurry"
"2025-06-03-1B_1",2025-06-03,1,"B",2025-06-03 15:00:05,2025-06-03 15:01:39,2025-06-03 14:59:40,6.22291,0.04696,318,101.178315789474,30.4744021052632,"2025-06-03_hudsoncarbonfieldfluxes.json",FALSE,2025-06-03,"",1,FALSE,TRUE,"single",NA,TRUE,0.12394,6.29989,9.81395193640683,"HM",9.67318731257275,9.81395193640683,0.164680558240699,0.998358069422935,1.01455204156453,0.775259641945608,0.12427236530473,FALSE,"emission","AICc",NA,NA,-0.189140664176441,"HM",-0.185536901917087,-0.189140664176441,0.0175948636622485,0.95070098103659,1.01942342586363,0.136286346792209,0.0218463928189323,FALSE,"uptake","AICc",FALSE,NA,0.288063997030928,"HM",0.286237026163104,0.288063997030928,0.144944198637639,0.395535826355623,1.00638272026618,1.01388655161388,0.16254403091059,FALSE,"emission","SE | AICc | Intercept",FALSE,NA,"slurry"
"2025-06-03-1C_1",2025-06-03,1,"C",2025-06-03 14:56:52,2025-06-03 14:58:27,2025-06-03 14:56:27,6.00031,0.04696,318,101.19515625,30.4455614583333,"2025-06-03_hudsoncarbonfieldfluxes.json",FALSE,2025-06-03,"",1,FALSE,TRUE,"single",NA,TRUE,0.12394,6.07729,10.9642888334294,"HM",10.7820260931763,10.9642888334294,0.204931460110104,0.997883780677126,1.0169043126661,0.775259641945608,0.118135129442763,FALSE,"emission","AICc",NA,NA,-0.251790252973262,"HM",-0.249615796421306,-0.251790252973262,0.0151235673916574,0.978873212992772,1.00871121372578,0.136286346792209,0.0207675007809944,FALSE,"uptake","AICc",FALSE,NA,0.290727738719334,"HM",0.20080197967228,0.290727738719334,0.13163945201124,0.39632775603158,1.44783303030088,1.01388655161388,0.15449028595274,FALSE,"emission","SE | AICc | Intercept (HM)",FALSE,NA,"slurry"
"2025-06-03-2A_1",2025-06-03,2,"A",2025-06-03 13:12:49,2025-06-03 13:14:24,2025-06-03 13:12:24,6.18316,0.04696,318,101.253947916667,29.6832427083333,"2025-06-03_hudsoncarbonfieldfluxes.json",FALSE,2025-06-03,"",1,FALSE,TRUE,"single",NA,TRUE,0.12394,6.26014,11.1477638760303,"HM",11.0275357605513,11.1477638760303,0.193860310342381,0.998267782874556,1.01090253689398,0.775259641945608,0.122081676902434,FALSE,"emission","AICc",NA,NA,-0.302069414648808,"HM",-0.300881876658493,-0.302069414648808,0.0208574285118276,0.972473253542996,1.00394685782841,0.136286346792209,0.0214612819436134,FALSE,"uptake","AICc | Intercept",TRUE,"convex (accelerating) trace",0.259798280951063,"HM",0.198475802852833,0.259798280951063,0.141710795956097,0.322633638838784,1.30896702377216,1.01388655161388,0.159641630669086,FALSE,"emission","SE | AICc | Intercept",FALSE,NA,"control"
"2025-06-03-2B_1",2025-06-03,2,"B",2025-06-03 13:19:22,2025-06-03 13:20:57,2025-06-03 13:18:57,6.07186,0.04696,318,101.22946875,28.3692645833333,"2025-06-03_hudsoncarbonfieldfluxes.json",FALSE,2025-06-03,"",1,FALSE,TRUE,"single",NA,TRUE,0.12394,6.14884,15.9962332269179,"HM",15.7849031640382,15.9962332269179,0.23541684000816,0.998762338828877,1.01338811272287,0.775259641945608,0.1201759102825,FALSE,"emission","AICc",NA,NA,-0.38363462916074,"HM",-0.381541996633795,-0.38363462916074,0.0164980413405644,0.98922498138643,1.00548467153133,0.136286346792209,0.0211262587379458,FALSE,"uptake","AICc",TRUE,"convex (accelerating) trace",0.247815062187191,"HM",0.165476753992306,0.247815062187191,0.147262971103963,0.270646921294545,1.4975823262687,1.01388655161388,0.157141902621649,FALSE,"emission","SE | AICc | Intercept",FALSE,NA,"control"
"2025-06-03-2C_1",2025-06-03,2,"C",2025-06-03 13:16:03,2025-06-03 13:17:38,2025-06-03 13:15:38,6.23086,0.04696,318,101.23159375,30.029515625,"2025-06-03_hudsoncarbonfieldfluxes.json",FALSE,2025-06-03,"",1,FALSE,TRUE,"single",NA,TRUE,0.12394,6.30784,12.9291960689098,"HM",12.7445067462783,12.9291960689098,0.170635286380058,0.99898476533296,1.01449168071455,0.775259641945608,0.122880749864257,FALSE,"emission","AICc",NA,NA,-0.236351366937707,"HM",-0.235451057450721,-0.236351366937707,0.018564443989474,0.964509473649843,1.00382376489082,0.136286346792209,0.0216017545400122,FALSE,"uptake","AICc",TRUE,"convex (accelerating) trace",0.131799921692028,"HM",0.131020577716202,0.131799921692028,0.097623269489266,0.226818056007472,1.00594825629234,1.01388655161388,0.160722064184552,TRUE,"below detection","SE | AICc | Intercept",FALSE,NA,"control"
"2025-06-03-3A_1",2025-06-03,3,"A",2025-06-03 13:00:29,2025-06-03 13:02:04,2025-06-03 13:00:04,6.12751,0.04696,318,101.270739583333,29.9970958333333,"2025-06-03_hudsoncarbonfieldfluxes.json",FALSE,2025-06-03,"",1,FALSE,TRUE,"single",NA,TRUE,0.12394,6.20449,13.0532187643648,"HM",12.4138694870394,13.0532187643648,0.197691550407036,0.998418892243198,1.05150281932583,0.775259641945608,0.121145040908793,FALSE,"emission","",NA,NA,-0.153415787446563,"HM",-0.152991411472064,-0.153415787446563,0.0164101399895767,0.936059736263094,1.00277385488778,0.136286346792209,0.0212966265289099,FALSE,"uptake","AICc | Intercept",TRUE,"convex (accelerating) trace",0.310206298424265,"HM",0.287690961734,0.310206298424265,0.108908541409832,0.563789464186164,1.07826223164801,1.01388655161388,0.158459211771252,FALSE,"emission","SE | AICc | Intercept",FALSE,NA,"compost"
"2025-06-03-3B_1",2025-06-03,3,"B",2025-06-03 13:03:49,2025-06-03 13:05:24,2025-06-03 13:03:24,5.97646,0.04696,318,101.26028125,30.888640625,"2025-06-03_hudsoncarbonfieldfluxes.json",FALSE,2025-06-03,"",1,FALSE,TRUE,"single",NA,TRUE,0.12394,6.05344,18.7520796724339,"HM",16.6486623024274,18.7520796724339,0.263775391859533,0.997762471555021,1.12634152412953,0.775259641945608,0.117693015039846,FALSE,"emission","",NA,NA,-0.0798411125624891,"HM",-0.079695607027585,-0.0798411125624891,0.0178332456475621,0.768393104113811,1.0018257660658,0.136286346792209,0.0206897795201707,FALSE,"uptake","AICc | Intercept",TRUE,"convex (accelerating) trace",0.553275495296845,"HM",0.547092652353637,0.553275495296845,0.119652425716452,0.779890204547435,1.01130127212751,1.01388655161388,0.153889784211129,FALSE,"emission","SE | AICc | Intercept",FALSE,NA,"compost"
"2025-06-03-3C_1",2025-06-03,3,"C",2025-06-03 13:07:38,2025-06-03 13:09:13,2025-06-03 13:07:13,6.35011,0.04696,318,101.260572916667,29.8475875,"2025-06-03_hudsoncarbonfieldfluxes.json",FALSE,2025-06-03,"",1,FALSE,TRUE,"single",NA,TRUE,0.12394,6.42709,11.8101043097444,"HM",11.6872043881176,11.8101043097444,0.193503662181027,0.998477343834127,1.01051576729091,0.775259641945608,0.125594252260752,FALSE,"emission","AICc",NA,NA,-0.247150018320045,"HM",-0.245982705368445,-0.247150018320045,0.0183000427621589,0.968369551188175,1.00474550822527,0.136286346792209,0.0220787732168804,FALSE,"uptake","AICc",TRUE,"convex (accelerating) trace",0.192541291999515,"HM",0.162556246811786,0.192541291999515,0.143784158220293,0.208861256286323,1.18445950725257,1.01388655161388,0.164258014167916,FALSE,"emission","SE | AICc | Intercept",FALSE,NA,"compost"
"2025-06-03-4A_1",2025-06-03,4,"A",2025-06-03 14:45:31,2025-06-03 14:47:06,2025-06-03 14:45:06,6.16726,0.04696,318,101.195979166667,31.2308114583333,"2025-06-03_hudsoncarbonfieldfluxes.json",FALSE,2025-06-03,"",1,FALSE,TRUE,"single",NA,TRUE,0.12394,6.24424,8.09363028484216,"HM",7.97317940028164,8.09363028484216,0.159705467778441,0.997689558773281,1.0151070079467,0.775259641945608,0.121795534051947,FALSE,"emission","AICc",NA,NA,-0.225896691971297,"HM",-0.22493664273998,-0.225896691971297,0.0173348329379217,0.966094606767767,1.00426808731393,0.136286346792209,0.0214109796169559,FALSE,"uptake","AICc | Intercept",TRUE,"convex (accelerating) trace",0.141726271987335,"HM",0.141679741820016,0.141726271987335,0.1437332026844,0.13259515553421,1.0003284179285,1.01388655161388,0.159325199013398,TRUE,"below detection","SE | AICc | Intercept",FALSE,NA,"compost"
"2025-06-03-4B_1",2025-06-03,4,"B",2025-06-03 14:53:17,2025-06-03 14:54:52,2025-06-03 14:52:52,6.0973,0.04696,318,101.1963125,30.573534375,"2025-06-03_hudsoncarbonfieldfluxes.json",FALSE,2025-06-03,"",1,FALSE,TRUE,"single",NA,TRUE,0.12394,6.17428,12.8672448304188,"HM",12.1813540463431,12.8672448304188,0.162579737047597,0.998811987800986,1.05630661266935,0.775259641945608,0.119639574006761,FALSE,"emission","",NA,NA,-0.322284003568671,"HM",-0.319977108680989,-0.322284003568671,0.0158347187546467,0.985825229873241,1.00720956226272,0.136286346792209,0.021031973794273,FALSE,"uptake","AICc",TRUE,"convex (accelerating) trace",0.120805320219874,"HM",0.0648187164619001,0.120805320219874,0.157416633686791,0.0575174219111484,1.86374132062431,1.01388655161388,0.156467606616525,TRUE,"below detection","SE | AICc | Intercept",FALSE,NA,"compost"
"2025-06-03-4C_1",2025-06-03,4,"C",2025-06-03 14:49:07,2025-06-03 14:50:42,2025-06-03 14:48:42,6.09571,0.04696,318,101.196260416667,29.5208354166667,"2025-06-03_hudsoncarbonfieldfluxes.json",FALSE,2025-06-03,"",1,FALSE,TRUE,"single",NA,TRUE,0.12394,6.17269,14.8296217316621,"HM",13.5046826865803,14.8296217316621,0.188185684447898,0.998382850570962,1.09810960211589,0.775259641945608,0.120517116155754,FALSE,"emission","",NA,NA,-0.270122354010619,"HM",-0.268817048009416,-0.270122354010619,0.0183094705903804,0.973355111328765,1.00485574114763,0.136286346792209,0.0211862408387207,FALSE,"uptake","AICc",TRUE,"convex (accelerating) trace",0.183323661918499,"HM",0.182608661258341,0.183323661918499,0.0974936622062495,0.366878205440249,1.0039154805431,1.01388655161388,0.157649639954072,FALSE,"emission","SE | AICc | Intercept",FALSE,NA,"compost"
"2025-06-03-5A_1",2025-06-03,5,"A",2025-06-03 13:24:09,2025-06-03 13:25:44,2025-06-03 13:23:44,6.03211,0.04696,318,101.227489583333,27.2431791666667,"2025-06-03_hudsoncarbonfieldfluxes.json",FALSE,2025-06-03,"",1,FALSE,TRUE,"single",NA,TRUE,0.12394,6.10909,14.1761054282643,"HM",14.0245801240272,14.1761054282643,0.22464061568057,0.998577615934437,1.0108042667158,0.775259641945608,0.120447430059866,FALSE,"emission","AICc",NA,NA,-0.305417815543016,"HM",-0.304183150694943,-0.305417815543016,0.0171039106140467,0.981770861880813,1.00405895213214,0.136286346792209,0.0211739904094232,FALSE,"uptake","AICc | Intercept",TRUE,"convex (accelerating) trace",0.339522700314976,"HM",0.205696501327824,0.339522700314976,0.175536416830699,0.316897284370257,1.65060026846966,1.01388655161388,0.157537775179206,FALSE,"emission","SE | AICc | Intercept",FALSE,NA,"control"
"2025-06-03-5B_1",2025-06-03,5,"B",2025-06-03 13:27:29,2025-06-03 13:29:04,2025-06-03 13:27:04,6.18316,0.04696,318,101.22834375,28.954603125,"2025-06-03_hudsoncarbonfieldfluxes.json",FALSE,2025-06-03,"",1,FALSE,TRUE,"single",NA,TRUE,0.12394,6.26014,10.412556573016,"HM",10.2760389071057,10.412556573016,0.155188307723446,0.998710047808105,1.01328504758929,0.775259641945608,0.122522205910372,FALSE,"emission","AICc",NA,NA,-0.385573036863733,"HM",-0.382304514136897,-0.385573036863733,0.0164473235441858,0.989300997645134,1.00854952689799,0.136286346792209,0.0215387245007898,FALSE,"uptake","AICc",TRUE,"convex (accelerating) trace",0.172208474072807,"LM",0.172208474072807,0.370127729664991,0.0289597072480276,0.265619244737241,2.14930032716338,1.01388655161388,0.160241958229811,FALSE,"emission","SE | AICc | g-fact. > 2 | Intercept",FALSE,NA,"control"
"2025-06-03-5C_1",2025-06-03,5,"C",2025-06-03 13:31:17,2025-06-03 13:32:52,2025-06-03 13:30:52,6.31036,0.04696,318,101.213135416667,28.93456875,"2025-06-03_hudsoncarbonfieldfluxes.json",FALSE,2025-06-03,"",1,FALSE,TRUE,"single",NA,TRUE,0.12394,6.38734,13.4361861223518,"HM",13.2827219551714,13.4361861223518,0.187087455103616,0.998917489928183,1.01155366857022,0.775259641945608,0.124474278558195,FALSE,"emission","AICc",NA,NA,-0.402134810311234,"HM",-0.399418462908077,-0.402134810311234,0.0142588686707289,0.99265244573536,1.00680075573718,0.136286346792209,0.0218818880494264,FALSE,"uptake","AICc",TRUE,"convex (accelerating) trace",0.144754352895723,"LM",0.144754352895723,0.477757495455255,0.0309253082010907,0.180396007350718,3.30047066563462,1.01388655161388,0.162822446099178,TRUE,"below detection","SE | g-fact. > 2 | Intercept",FALSE,NA,"control"
"2025-06-03-6A_1",2025-06-03,6,"A",2025-06-03 12:49:21,2025-06-03 12:50:56,2025-06-03 12:48:56,6.11161,0.04696,318,101.289166666667,30.2038885416667,"2025-06-03_hudsoncarbonfieldfluxes.json",FALSE,2025-06-03,"",1,FALSE,TRUE,"single",NA,TRUE,0.12394,6.18859,10.8011454711171,"HM",10.6575816826727,10.8011454711171,0.137041875458806,0.999074266277243,1.01347057829056,0.775259641945608,0.120716899325889,FALSE,"emission","AICc",NA,NA,-0.290729125175318,"HM",-0.287073262234994,-0.290729125175318,0.0142476917112219,0.98580303638389,1.01273494755959,0.136286346792209,0.0212213616123753,FALSE,"uptake","AICc",FALSE,NA,0.64743104226642,"HM",0.439520261654921,0.64743104226642,0.14646448306949,0.720394980482018,1.47304026401116,1.01388655161388,0.157879097027343,FALSE,"emission","SE | Intercept (HM)",FALSE,NA,"slurry"
"2025-06-03-6B_1",2025-06-03,6,"B",2025-06-03 12:52:57,2025-06-03 12:54:32,2025-06-03 12:52:32,6.66811,0.04696,318,101.288552083333,29.1039947916667,"2025-06-03_hudsoncarbonfieldfluxes.json",FALSE,2025-06-03,"",1,FALSE,TRUE,"single",NA,TRUE,0.12394,6.74509,12.0502060254768,"HM",11.8722231559968,12.0502060254768,0.14975831919379,0.999092673909478,1.01499153672749,0.775259641945608,0.132236608838573,FALSE,"emission","AICc",NA,NA,-0.18733185131443,"HM",-0.186829642791854,-0.18733185131443,0.0198925874814012,0.936826397675222,1.00268805589451,0.136286346792209,0.0232464626761313,FALSE,"uptake","AICc | Intercept",TRUE,"convex (accelerating) trace",0.504828486243624,"HM",0.256403918359344,0.504828486243624,0.192600878559362,0.434636008190645,1.96887976390485,1.01388655161388,0.172971986761464,FALSE,"emission","SE | Intercept",FALSE,NA,"slurry"
"2025-06-03-6C_1",2025-06-03,6,"C",2025-06-03 12:56:16,2025-06-03 12:57:51,2025-06-03 12:55:51,6.36601,0.04696,318,101.285895833333,29.5901145833333,"2025-06-03_hudsoncarbonfieldfluxes.json",FALSE,2025-06-03,"",1,FALSE,TRUE,"single",NA,TRUE,0.12394,6.44299,16.6299230294107,"HM",16.3939223946305,16.6299230294107,0.180187477184223,0.999333307917234,1.01439561741841,0.775259641945608,0.125801934298847,FALSE,"emission","AICc",NA,NA,-0.25262885516418,"HM",-0.251341390094194,-0.25262885516418,0.0167230215078577,0.974616258624587,1.00512237586298,0.136286346792209,0.0221152825677287,FALSE,"uptake","AICc | Intercept",TRUE,"convex (accelerating) trace",0.662705251160557,"HM",0.655956467267866,0.662705251160557,0.122780155838745,0.828674187443336,1.01028846307561,1.01388655161388,0.164537750451994,FALSE,"emission","SE | AICc",FALSE,NA,"slurry"
"2025-06-03-7A_1",2025-06-03,7,"A",2025-06-03 14:41:52,2025-06-03 14:43:26,2025-06-03 14:41:27,6.16726,0.04696,318,101.208021052632,29.09796,"2025-06-03_hudsoncarbonfieldfluxes.json",FALSE,2025-06-03,"",1,FALSE,TRUE,"single",NA,TRUE,0.12394,6.24424,18.1508792148308,"HM",17.9310600832985,18.1508792148308,0.299032510867772,0.99844752987913,1.01225912637129,0.775259641945608,0.122904639625255,FALSE,"emission","AICc",NA,NA,-0.26812411047072,"HM",-0.266956929643433,-0.26812411047072,0.0200943094868335,0.967923116913307,1.0043721690568,0.136286346792209,0.021605954227544,FALSE,"uptake","AICc | Intercept",TRUE,"convex (accelerating) trace",0.488393887375419,"HM",0.322178935094968,0.488393887375419,0.15465175285024,0.569093078863437,1.51590881393737,1.01388655161388,0.160764830069336,FALSE,"emission","SE | AICc | Intercept",FALSE,NA,"control"
"2025-06-03-7B_1",2025-06-03,7,"B",2025-06-03 14:35:15,2025-06-03 14:36:50,2025-06-03 14:34:50,6.32626,0.04696,318,101.221395833333,29.86558125,"2025-06-03_hudsoncarbonfieldfluxes.json",FALSE,2025-06-03,"",1,FALSE,TRUE,"single",NA,TRUE,0.12394,6.40324,15.7266915403035,"HM",15.4844274188239,15.7266915403035,0.240781504725204,0.998605339940418,1.01564566224678,0.775259641945608,0.124577191130533,FALSE,"emission","AICc",NA,NA,-0.385479751015697,"HM",-0.382984976362904,-0.385479751015697,0.0178605004258319,0.987434537496682,1.00651402745999,0.136286346792209,0.0218999795090665,FALSE,"uptake","AICc",TRUE,"convex (accelerating) trace",0.453218996185338,"HM",0.372627972954539,0.453218996185338,0.114468846473024,0.700523031469883,1.21627743776668,1.01388655161388,0.162900773410729,FALSE,"emission","SE | AICc | Intercept",FALSE,NA,"control"
"2025-06-03-7C_1",2025-06-03,7,"C",2025-06-03 14:38:28,2025-06-03 14:40:03,2025-06-03 14:38:03,6.22291,0.04696,318,101.218479166667,29.5041552083333,"2025-06-03_hudsoncarbonfieldfluxes.json",FALSE,2025-06-03,"",1,FALSE,TRUE,"single",NA,TRUE,0.12394,6.29989,13.8496347435186,"HM",13.681426773101,13.8496347435186,0.197614501532015,0.99883297214689,1.01229462198697,0.775259641945608,0.122718697973307,FALSE,"emission","AICc",NA,NA,-0.231822023608915,"HM",-0.22936974662114,-0.231822023608915,0.0166090644907244,0.970107454313542,1.01069137069688,0.136286346792209,0.0215732667160455,FALSE,"uptake","AICc",FALSE,NA,0.201475894812465,"HM",0.200457294579225,0.201475894812465,0.114294736218979,0.336732708837366,1.00508138272233,1.01388655161388,0.160492726546226,FALSE,"emission","SE | AICc | Intercept",FALSE,NA,"control"
"2025-06-03-8A_1",2025-06-03,8,"A",2025-06-03 13:35:41,2025-06-03 13:37:16,2025-06-03 13:35:16,6.22291,0.04696,318,101.217020833333,29.98520625,"2025-06-03_hudsoncarbonfieldfluxes.json",FALSE,2025-06-03,"",1,FALSE,TRUE,"single",NA,TRUE,0.12394,6.29989,10.5581566469104,"HM",10.0589287157662,10.5581566469104,0.169358254409507,0.998264044628257,1.04963032796541,0.775259641945608,0.122972685542718,FALSE,"emission","",NA,NA,-0.275625704524326,"HM",-0.274662080302888,-0.275625704524326,0.0183455242450691,0.974317905348483,1.00350839919502,0.136286346792209,0.0216179163225678,FALSE,"uptake","AICc",TRUE,"convex (accelerating) trace",0.130977532914778,"HM",0.0953633566834551,0.130977532914778,0.149037682708294,0.0895491194834761,1.37345766204034,1.01388655161388,0.1608231072268,TRUE,"below detection","SE | AICc | Intercept",FALSE,NA,"compost"
"2025-06-03-8B_1",2025-06-03,8,"B",2025-06-03 13:39:08,2025-06-03 13:40:43,2025-06-03 13:38:43,6.33421,0.04696,318,101.211802083333,28.5053854166667,"2025-06-03_hudsoncarbonfieldfluxes.json",FALSE,2025-06-03,"",1,FALSE,TRUE,"single",NA,TRUE,0.12394,6.41119,13.0053559906044,"HM",12.3762453931333,13.0053559906044,0.250381601007999,0.997564653385365,1.05083210436505,0.775259641945608,0.125611677329999,FALSE,"emission","",NA,NA,-0.276293037330813,"HM",-0.275264707570503,-0.276293037330813,0.0205430298822893,0.96815878767248,1.00373578498088,0.136286346792209,0.0220818364474445,FALSE,"uptake","AICc | Intercept",TRUE,"convex (accelerating) trace",0.178631078841418,"HM",0.149997883744628,0.178631078841418,0.129217434008856,0.219243796767954,1.19089066046783,1.01388655161388,0.164292405461095,FALSE,"emission","SE | AICc | Intercept",FALSE,NA,"compost"
"2025-06-03-8C_1",2025-06-03,8,"C",2025-06-03 13:42:32,2025-06-03 13:44:07,2025-06-03 13:42:07,6.27856,0.04696,318,101.205729166667,29.9380416666667,"2025-06-03_hudsoncarbonfieldfluxes.json",FALSE,2025-06-03,"",1,FALSE,TRUE,"single",NA,TRUE,0.12394,6.35554,17.0733420248937,"HM",16.8327197053286,17.0733420248937,0.182671052748112,0.999353423254378,1.0142949163164,0.775259641945608,0.123791979800835,FALSE,"emission","AICc",NA,NA,-0.523334506764544,"HM",-0.51891567938744,-0.523334506764544,0.0163818752586533,0.99428815144609,1.00851550175227,0.136286346792209,0.0217619437107424,FALSE,"uptake","AICc",TRUE,"convex (accelerating) trace",0.498189473592773,"HM",0.458225250826436,0.498189473592773,0.139266044826959,0.670473182232112,1.08721523463462,1.01388655161388,0.161930669703752,FALSE,"emission","SE | AICc | Intercept",FALSE,NA,"compost"
"2025-06-03-9A_1",2025-06-03,9,"A",2025-06-03 12:38:12,2025-06-03 12:39:47,2025-06-03 12:37:47,6.19111,0.04696,318,101.311479166667,29.210471875,"2025-06-03_hudsoncarbonfieldfluxes.json",FALSE,2025-06-03,"",1,FALSE,TRUE,"single",NA,TRUE,0.12394,6.26809,10.8127228116651,"HM",10.5681968580098,10.8127228116651,0.152182267934936,0.99877266209271,1.02313790677262,0.775259641945608,0.123002971950937,FALSE,"emission","",NA,NA,-0.209983942144228,"HM",-0.208410455832517,-0.209983942144228,0.0149033253779951,0.970817136061394,1.00754993939928,0.136286346792209,0.0216232405052162,FALSE,"uptake","AICc",FALSE,NA,0.283860712544796,"HM",0.160121236467266,0.283860712544796,0.196786098671971,0.199842932941565,1.77278616383172,1.01388655161388,0.160889615764847,FALSE,"emission","SE | AICc",FALSE,NA,"compost"
"2025-06-03-9B_1",2025-06-03,9,"B",2025-06-03 12:41:24,2025-06-03 12:42:59,2025-06-03 12:40:59,6.23086,0.04696,318,101.305,30.2293447916667,"2025-06-03_hudsoncarbonfieldfluxes.json",FALSE,2025-06-03,"",1,FALSE,TRUE,"single",NA,TRUE,0.12394,6.30784,9.58782928428717,"HM",9.32492496941491,9.58782928428717,0.198527826165634,0.997350947898741,1.02819371906311,0.775259641945608,0.123216160283916,FALSE,"emission","AICc",NA,NA,-0.209592707366762,"HM",-0.209045700587769,-0.209592707366762,0.0189023032373026,0.953656900205879,1.00261668514327,0.136286346792209,0.0216607178321766,FALSE,"uptake","AICc | Intercept",TRUE,"convex (accelerating) trace",0.268994078291968,"HM",0.267833914641289,0.268994078291968,0.126915318887216,0.425034511114897,1.00433165326442,1.01388655161388,0.161161055226605,FALSE,"emission","SE | AICc | Intercept",FALSE,NA,"compost"
"2025-06-03-9C_1",2025-06-03,9,"C",2025-06-03 12:44:39,2025-06-03 12:46:14,2025-06-03 12:44:14,6.15931,0.04696,318,101.296166666667,30.1513270833333,"2025-06-03_hudsoncarbonfieldfluxes.json",FALSE,2025-06-03,"",1,FALSE,TRUE,"single",NA,TRUE,0.12394,6.23629,11.2275081573441,"HM",11.0183284212844,11.2275081573441,0.192654404906321,0.998200209892684,1.01898470694118,0.775259641945608,0.121761980965244,FALSE,"emission","AICc",NA,NA,-0.284962037959621,"HM",-0.283593236143643,-0.284962037959621,0.0174762470931642,0.978092738774903,1.00482663773858,0.136286346792209,0.0214050811703414,FALSE,"uptake","AICc",TRUE,"convex (accelerating) trace",0.582917086067805,"HM",0.320321813170468,0.582917086067805,0.164568393428172,0.594276852144399,1.81978579697159,1.01388655161388,0.159287755356666,FALSE,"emission","SE | Intercept",FALSE,NA,"compost"
"2025-06-03-10A_1",2025-06-03,10,"A",2025-06-03 14:24:30,2025-06-03 14:26:05,2025-06-03 14:24:05,6.35011,0.04696,318,101.21525,29.3074885416667,"2025-06-03_hudsoncarbonfieldfluxes.json",FALSE,2025-06-03,"",1,FALSE,TRUE,"single",NA,TRUE,0.12394,6.42709,11.834507494408,"HM",10.7614411514215,11.834507494408,0.242845696991465,0.996737667887629,1.09971400000127,0.775259641945608,0.12561085338899,FALSE,"emission","",NA,NA,-0.176347756343662,"HM",-0.175791285230793,-0.176347756343662,0.0180587852451543,0.941273736564286,1.00316552161353,0.136286346792209,0.0220816916031833,FALSE,"uptake","AICc | Intercept",TRUE,"convex (accelerating) trace",0.42460812199321,"HM",0.411934451776561,0.42460812199321,0.115031121228259,0.690369045084917,1.03076623031162,1.01388655161388,0.164292359875333,FALSE,"emission","SE | AICc",FALSE,NA,"control"
"2025-06-03-10B_1",2025-06-03,10,"B",2025-06-03 14:31:26,2025-06-03 14:33:01,2025-06-03 14:31:01,5.99236,0.04696,318,101.221552083333,30.331790625,"2025-06-03_hudsoncarbonfieldfluxes.json",FALSE,2025-06-03,"",1,FALSE,TRUE,"single",NA,TRUE,0.12394,6.06934,9.11535617794502,"HM",8.56897102881903,9.11535617794502,0.214879002464767,0.996318292068139,1.06376321582701,0.775259641945608,0.11836831393008,FALSE,"emission","",NA,NA,-0.173067981846793,"HM",-0.172609904098696,-0.173067981846793,0.0195101657780387,0.929764862162433,1.00265383235388,0.136286346792209,0.020808493321023,FALSE,"uptake","AICc | Intercept",TRUE,"convex (accelerating) trace",0.0751414047177621,"HM",0.0751917877991027,0.0751414047177621,0.104769254970417,0.068097835458046,0.999329939042344,1.01388655161388,0.15485738193923,TRUE,"below detection","SE | AICc | Intercept",TRUE,"convex (accelerating) trace","control"
"2025-06-03-10C_1",2025-06-03,10,"C",2025-06-03 14:28:14,2025-06-03 14:29:48,2025-06-03 14:27:49,5.98044,0.04696,318,101.222768421053,29.8976905263158,"2025-06-03_hudsoncarbonfieldfluxes.json",FALSE,2025-06-03,"",1,FALSE,TRUE,"single",NA,TRUE,0.12394,6.05742,9.27464525336015,"HM",8.95764770160244,9.27464525336015,0.223767358802229,0.996421846992175,1.03538848169939,0.775259641945608,0.119145320769859,FALSE,"emission","AICc",NA,NA,-0.169062474461816,"HM",-0.1681266936969,-0.169062474461816,0.0172525777430283,0.941838877874658,1.00556592617352,0.136286346792209,0.0209450868155075,FALSE,"uptake","AICc",TRUE,"convex (accelerating) trace",0.375990600308448,"HM",0.192792080441154,0.375990600308448,0.16990913017797,0.363695879543564,1.95023882437542,1.01388655161388,0.155812653107065,FALSE,"emission","SE | AICc | Intercept",FALSE,NA,"control"
"2025-06-03-11A2_1",2025-06-03,11,"A",2025-06-03 13:49:57,2025-06-03 13:51:32,2025-06-03 13:49:32,6.21814,0.04696,318,101.211208333333,28.4794666666667,"2025-06-03_hudsoncarbonfieldfluxes.json",FALSE,2025-06-03,"",1,FALSE,TRUE,"single",NA,TRUE,0.12394,6.29512,12.2617080800835,"HM",12.0726490727764,12.2617080800835,0.155213937628802,0.999056421549375,1.01566010957226,0.775259641945608,0.123859824480665,FALSE,"emission","AICc",NA,NA,-0.178634737755108,"HM",-0.178187556951182,-0.178634737755108,0.0207433813774703,0.925583528069106,1.00250960735742,0.136286346792209,0.0217738704293063,FALSE,"uptake","AICc | Intercept",TRUE,"convex (accelerating) trace",0.207735594707652,"HM",0.207267666598272,0.207735594707652,0.115641808505642,0.345644554860558,1.00225760301671,1.01388655161388,0.162011763864927,FALSE,"emission","SE | AICc | Intercept",FALSE,NA,"slurry"
"2025-06-03-11B_1",2025-06-03,11,"B",2025-06-03 13:53:37,2025-06-03 13:55:12,2025-06-03 13:53:12,6.19906,0.04696,318,101.189,29.2054291666667,"2025-06-03_hudsoncarbonfieldfluxes.json",FALSE,2025-06-03,"",1,FALSE,TRUE,"single",NA,TRUE,0.12394,6.27604,14.8513435143629,"HM",14.7203718662991,14.8513435143629,0.240310961358492,0.998545807781569,1.00889730566954,0.775259641945608,0.122519889330915,FALSE,"emission","AICc",NA,NA,-0.210140087688087,"HM",-0.208902892296048,-0.210140087688087,0.015660304582058,0.967949936463761,1.00592234687821,0.136286346792209,0.0215383172589651,FALSE,"uptake","AICc",TRUE,"convex (accelerating) trace",0.21293416551735,"LM",0.21293416551735,0.527878785732184,0.0267264614420204,0.396732472840657,2.47907039459655,1.01388655161388,0.160228381680767,FALSE,"emission","SE | g-fact. > 2 | Intercept",FALSE,NA,"slurry"
"2025-06-03-11C_1",2025-06-03,11,"C",2025-06-03 13:56:58,2025-06-03 13:58:33,2025-06-03 13:56:33,5.94069,0.04696,318,101.191802083333,29.4614447916667,"2025-06-03_hudsoncarbonfieldfluxes.json",FALSE,2025-06-03,"",1,FALSE,TRUE,"single",NA,TRUE,0.12394,6.01767,12.2804761836225,"HM",11.8867237142876,12.2804761836225,0.173670983787992,0.998710641186388,1.03312539929413,0.775259641945608,0.11773534879975,FALSE,"emission","",NA,NA,-0.112289892249347,"HM",-0.11183061802279,-0.112289892249347,0.0153226056098316,0.899640722648911,1.00410687372275,0.136286346792209,0.0206972215604513,FALSE,"uptake","AICc | Intercept",TRUE,"convex (accelerating) trace",0.268978801715782,"HM",0.249269635019529,0.268978801715782,0.104079196027811,0.514942230328957,1.07906765978419,1.01388655161388,0.153980092976683,FALSE,"emission","SE | AICc | Intercept",FALSE,NA,"slurry"
"2025-06-03-12A_1",2025-06-03,12,"A",2025-06-03 12:27:10,2025-06-03 12:28:45,2025-06-03 12:26:45,6.33819,0.04696,318,101.298583333333,29.344903125,"2025-06-03_hudsoncarbonfieldfluxes.json",FALSE,2025-06-03,"",1,FALSE,TRUE,"single",NA,TRUE,0.12394,6.41517,8.92854819616276,"HM",8.70833467332546,8.92854819616276,0.188774746103852,0.997253774245943,1.02528767337248,0.775259641945608,0.126118197365797,FALSE,"emission","AICc",NA,NA,-0.21125054383512,"HM",-0.210389430227931,-0.21125054383512,0.016514690492749,0.964875170015686,1.00409295089709,0.136286346792209,0.0221708798614454,FALSE,"uptake","AICc",TRUE,"convex (accelerating) trace",0.253243664147407,"HM",0.253113549231992,0.253243664147407,0.168797650947492,0.267357463850394,1.00051405748847,1.01388655161388,0.16495256845408,FALSE,"emission","SE | AICc | Intercept",TRUE,"convex (accelerating) trace","slurry"
"2025-06-03-12B_1",2025-06-03,12,"B",2025-06-03 12:30:43,2025-06-03 12:32:18,2025-06-03 12:30:18,6.07981,0.04696,318,101.307635416667,28.6889645833333,"2025-06-03_hudsoncarbonfieldfluxes.json",FALSE,2025-06-03,"",1,FALSE,TRUE,"single",NA,TRUE,0.12394,6.15679,16.0689291685974,"HM",15.7552618367652,16.0689291685974,0.378667077873352,0.99663689338447,1.01990873494087,0.775259641945608,0.120671932460503,FALSE,"emission","AICc",NA,NA,-0.21269190784103,"HM",-0.211178380187344,-0.21269190784103,0.0166398529647093,0.964694762457961,1.00716705778472,0.136286346792209,0.0212134566867495,FALSE,"uptake","AICc",FALSE,NA,0.620994056655711,"HM",0.556794653920093,0.620994056655711,0.107769405489584,0.838915938788198,1.11530175852736,1.01388655161388,0.157817916310489,FALSE,"emission","SE | AICc",FALSE,NA,"slurry"
"2025-06-03-12C_1",2025-06-03,12,"C",2025-06-03 12:33:59,2025-06-03 12:35:34,2025-06-03 12:33:34,5.84131,0.04696,318,101.309260416667,28.8094177083333,"2025-06-03_hudsoncarbonfieldfluxes.json",FALSE,2025-06-03,"",1,FALSE,TRUE,"single",NA,TRUE,0.12394,5.91829,11.3187889236352,"HM",10.4392465036777,11.3187889236352,0.216394745209617,0.997277761072577,1.08425343913928,0.775259641945608,0.116117711290721,FALSE,"emission","",NA,NA,-0.0652376765952038,"HM",-0.0651192167979809,-0.0652376765952038,0.0159797818642656,0.73759795291787,1.00181912195889,0.136286346792209,0.0204128498550104,FALSE,"uptake","AICc | Intercept",FALSE,NA,0.597270266385448,"HM",0.415316351890836,0.597270266385448,0.133836590646171,0.726726770399285,1.43810919956852,1.01388655161388,0.151852974862086,FALSE,"emission","SE | Intercept",FALSE,NA,"slurry"
"2025-06-03-13A_1",2025-06-03,13,"A",2025-06-03 14:13:39,2025-06-03 14:15:14,2025-06-03 14:13:14,6.35806,0.04696,318,101.1951875,30.105434375,"2025-06-03_hudsoncarbonfieldfluxes.json",FALSE,2025-06-03,"",1,FALSE,TRUE,"single",NA,TRUE,0.12394,6.43504,11.8074102598048,"HM",11.6697391464794,11.8074102598048,0.165689091751743,0.998881314681231,1.01179727426614,0.775259641945608,0.125452696265244,FALSE,"emission","AICc",NA,NA,-0.229944049292007,"HM",-0.229103471668969,-0.229944049292007,0.017552831963766,0.966427099181879,1.00366898684212,0.136286346792209,0.0220538884576972,FALSE,"uptake","AICc | Intercept",TRUE,"convex (accelerating) trace",0.351860201763959,"HM",0.28653157603278,0.351860201763959,0.140174217947774,0.482872628106434,1.2279979981114,1.01388655161388,0.164065981055846,FALSE,"emission","SE | AICc | Intercept",FALSE,NA,"slurry"
"2025-06-03-13B_1",2025-06-03,13,"B",2025-06-03 14:16:57,2025-06-03 14:18:32,2025-06-03 14:16:32,6.27856,0.04696,318,101.205864583333,31.0408885416667,"2025-06-03_hudsoncarbonfieldfluxes.json",FALSE,2025-06-03,"",1,FALSE,TRUE,"single",NA,TRUE,0.12394,6.35554,19.5433632297237,"HM",18.5075320885543,19.5433632297237,0.214997748660288,0.99905049586625,1.05596808565362,0.775259641945608,0.123108562367339,FALSE,"emission","",NA,NA,0.521463221792449,"HM",0.464432415702608,0.521463221792449,0.0153783900328624,0.993582449234444,1.12279678196786,0.136286346792209,0.0216418027149961,FALSE,"emission","",FALSE,NA,1.08575582858922,"HM",0.956906060410688,1.08575582858922,0.127012062751712,0.918604403133294,1.13465247374777,1.01388655161388,0.16100273716069,FALSE,"emission","SE | AICc",FALSE,NA,"slurry"
"2025-06-03-13C_1",2025-06-03,13,"C",2025-06-03 14:20:21,2025-06-03 14:21:56,2025-06-03 14:19:56,6.00031,0.04696,318,101.207614583333,30.4416583333333,"2025-06-03_hudsoncarbonfieldfluxes.json",FALSE,2025-06-03,"",1,FALSE,TRUE,"single",NA,TRUE,0.12394,6.07729,14.4615909723106,"HM",14.2410112240863,14.4615909723106,0.191656625307235,0.998959987214914,1.0154890509356,0.775259641945608,0.118512486949931,FALSE,"emission","AICc",NA,NA,-0.151342403883966,"HM",-0.150354936689679,-0.151342403883966,0.0172750549080461,0.927536580724311,1.00656757414175,0.136286346792209,0.0208338381385762,FALSE,"uptake","AICc",FALSE,NA,0.426113109046947,"HM",0.353493758578957,0.426113109046947,0.123903795570996,0.639823768259331,1.20543318999441,1.01388655161388,0.154995293849945,FALSE,"emission","SE | AICc",FALSE,NA,"slurry"
"2025-06-03-14A_1",2025-06-03,14,"A",2025-06-03 14:09:46,2025-06-03 14:11:21,2025-06-03 14:09:21,5.98044,0.04696,318,101.1946875,28.951215625,"2025-06-03_hudsoncarbonfieldfluxes.json",FALSE,2025-06-03,"",1,FALSE,TRUE,"single",NA,TRUE,0.12394,6.05742,11.6566941816588,"HM",10.8318695515475,11.6566941816588,0.127129292500414,0.998893183752433,1.07614794714671,0.775259641945608,0.118511335850444,FALSE,"emission","",NA,NA,0.318596229884831,"HM",0.17595788582693,0.318596229884831,0.0454431079401457,0.842557563779833,1.81063911053239,0.136286346792209,0.0208336357816685,FALSE,"emission","",TRUE,"closure sigma = 0.21 ppb = 1.5x campaign sigma (disturbed closure?)",0.183948373888262,"HM",0.183515060530329,0.183948373888262,0.117024067600724,0.286674186749607,1.00236118690576,1.01388655161388,0.155004076501213,FALSE,"emission","SE | AICc | Intercept",FALSE,NA,"compost"
"2025-06-03-14B2_1",2025-06-03,14,"B",2025-06-03 14:02:36,2025-06-03 14:04:11,2025-06-03 14:02:11,6.3199,0.04696,318,101.203604166667,30.2609958333333,"2025-06-03_hudsoncarbonfieldfluxes.json",FALSE,2025-06-03,"",1,FALSE,TRUE,"single",NA,TRUE,0.12394,6.39688,10.5587520745794,"HM",10.4104890537128,10.5587520745794,0.164044446383135,0.998595028576884,1.01424169605305,0.775259641945608,0.12481263512738,FALSE,"emission","AICc",NA,NA,-0.198443374314539,"HM",-0.197152733699371,-0.198443374314539,0.0172909583069921,0.956540936703032,1.00654639979345,0.136286346792209,0.0219413692583432,FALSE,"uptake","AICc",FALSE,NA,0.280459889222477,"HM",0.278774682950283,0.280459889222477,0.122954441414128,0.461366734800081,1.00604504775814,1.01388655161388,0.16322439317191,FALSE,"emission","SE | AICc",FALSE,NA,"compost"
"2025-06-03-14C_1",2025-06-03,14,"C",2025-06-03 14:06:01,2025-06-03 14:07:36,2025-06-03 14:05:36,6.45744,0.04696,318,101.191166666667,30.407034375,"2025-06-03_hudsoncarbonfieldfluxes.json",FALSE,2025-06-03,"",1,FALSE,TRUE,"single",NA,TRUE,0.12394,6.53442,13.0985928377418,"HM",12.3455410914686,13.0985928377418,0.198945218973063,0.998340669453322,1.06099787289143,0.775259641945608,0.12711748785887,FALSE,"emission","",NA,NA,-0.086241434163026,"HM",-0.0861825005061844,-0.086241434163026,0.0210512991125289,0.739849115235386,1.00068382393752,0.136286346792209,0.0223465495897745,FALSE,"uptake","AICc | Intercept",TRUE,"convex (accelerating) trace",0.156450674663383,"HM",0.156443391027569,0.156450674663383,0.118144846202635,0.221056171448601,1.0000465576447,1.01388655161388,0.166302483146636,TRUE,"below detection","SE | AICc | Intercept",TRUE,"convex (accelerating) trace","compost"
"2025-06-03-15A_1",2025-06-03,15,"A",2025-06-03 12:09:55,2025-06-03 12:11:30,2025-06-03 12:09:30,6.00031,0.04696,318,101.280385416667,26.3483385416667,"2025-06-03_hudsoncarbonfieldfluxes.json",FALSE,2025-06-03,"",1,FALSE,TRUE,"single",NA,TRUE,0.12394,6.07729,10.5263773174979,"HM",9.99085417180414,10.5263773174979,0.184815439973791,0.99792246385403,1.0536013374317,0.775259641945608,0.120332178665787,FALSE,"emission","",NA,NA,-0.181652621296066,"HM",-0.180364496774723,-0.181652621296066,0.0168229244494092,0.951085448096693,1.00714178535342,0.136286346792209,0.0211537298533309,FALSE,"uptake","AICc",FALSE,NA,0.22004152257654,"HM",0.190821084072784,0.22004152257654,0.132528447652356,0.294353952109992,1.1531300309174,1.01388655161388,0.157348764369463,FALSE,"emission","SE | AICc | Intercept",FALSE,NA,"control"
"2025-06-03-15B2_1",2025-06-03,15,"B",2025-06-03 12:18:48,2025-06-03 12:20:23,2025-06-03 12:18:23,6.33898,0.04696,318,101.291864583333,26.7169270833333,"2025-06-03_hudsoncarbonfieldfluxes.json",FALSE,2025-06-03,"",1,FALSE,TRUE,"single",NA,TRUE,0.12394,6.41596,10.140872938065,"HM",9.60799098573989,10.140872938065,0.187887325973577,0.997694915082682,1.0554623701371,0.775259641945608,0.127175519655118,FALSE,"emission","",NA,NA,-0.210318059987751,"HM",-0.209652973514084,-0.210318059987751,0.0201198805405446,0.948218876939231,1.00317232072848,0.136286346792209,0.0223567512578099,FALSE,"uptake","AICc | Intercept",TRUE,"convex (accelerating) trace",0.188979000120342,"HM",0.187283151576708,0.188979000120342,0.114697704691364,0.306046201476188,1.00905499789681,1.01388655161388,0.166351816103191,FALSE,"emission","SE | AICc",FALSE,NA,"control"
"2025-06-03-15C_1",2025-06-03,15,"C",2025-06-03 12:22:08,2025-06-03 12:23:43,2025-06-03 12:21:43,6.23881,0.04696,318,101.2784375,28.1974947916667,"2025-06-03_hudsoncarbonfieldfluxes.json",FALSE,2025-06-03,"",1,FALSE,TRUE,"single",NA,TRUE,0.12394,6.31579,11.7561223019139,"HM",11.5963902993904,11.7561223019139,0.194891405145629,0.998399698356279,1.013774286515,0.775259641945608,0.124198173998674,FALSE,"emission","AICc",NA,NA,-0.167364153459826,"HM",-0.166738637808608,-0.167364153459826,0.0204555858164932,0.91824028681847,1.00375147392014,0.136286346792209,0.0218333503986655,FALSE,"uptake","AICc | Intercept",TRUE,"convex (accelerating) trace",0.24362430735575,"HM",0.22386130865013,0.24362430735575,0.149686322115978,0.292251366580237,1.08828233348938,1.01388655161388,0.162400179520338,FALSE,"emission","SE | AICc | Intercept",FALSE,NA,"control"
"2025-06-19_1A_1",2025-06-19,1,"A",2025-06-19 13:59:25,2025-06-19 14:01:00,2025-06-19 13:59:00,6.22291,0.04696,318,99.8583958333333,34.0418739583333,"2025-06-19_hudsoncarbonfieldfluxes.json",FALSE,2025-06-19,"",1,FALSE,TRUE,"single",NA,TRUE,0.12394,6.29989,16.45378219704,"LM",16.45378219704,16.5374510355308,0.141155405682522,0.993056268602726,1.00508508241381,0.985455122959823,0.14912929997787,FALSE,"emission","RMSE | SE | AICc",NA,NA,-0.199395949618315,"HM",-0.198322070148734,-0.199395949618315,0.0154688784638517,0.965310703896111,1.00541482583747,0.136286346792209,0.0206242648905402,FALSE,"uptake","AICc | Intercept",TRUE,"convex (accelerating) trace",-0.081145808713071,"LM",-0.081145808713071,-0.905804430750701,0.953492971038504,-0.010560434780885,11.1626767311371,0.962611434524569,0.145713752238057,TRUE,"below detection","MAE | SE | AICc | g-fact. > 2 | p-value | Intercept",FALSE,NA,"slurry"
"2025-06-19_1B_1",2025-06-19,1,"B",2025-06-19 14:02:33,2025-06-19 14:04:08,2025-06-19 14:02:08,6.22132,0.04696,318,99.83751875,33.5020333333333,"2025-06-19_hudsoncarbonfieldfluxes.json",FALSE,2025-06-19,"",1,FALSE,TRUE,"single",NA,TRUE,0.12394,6.2983,17.7843865480804,"HM",16.1645821801145,17.7843865480804,0.236200867033172,0.998254669662671,1.10020700503837,0.985455122959823,0.14962732971346,FALSE,"emission","",NA,NA,-0.237346629132026,"HM",-0.236067948829423,-0.237346629132026,0.015664676548108,0.974721065448706,1.00541657734115,0.136286346792209,0.0206931413433346,FALSE,"uptake","AICc | Intercept",TRUE,"convex (accelerating) trace",0.359543084311982,"HM",0.300758413594501,0.359543084311982,0.110954909943945,0.612932707008567,1.19545478384102,0.962611434524569,0.146217957865471,FALSE,"emission","SE | AICc",FALSE,NA,"slurry"
"2025-06-19_1C_1",2025-06-19,1,"C",2025-06-19 14:05:54,2025-06-19 14:07:29,2025-06-19 14:05:29,6.00031,0.04696,318,99.8480489583333,34.4760635416667,"2025-06-19_hudsoncarbonfieldfluxes.json",FALSE,2025-06-19,"",1,FALSE,TRUE,"single",NA,TRUE,0.12394,6.07729,15.3971375410448,"HM",15.3056193507392,15.3971375410448,0.414052162928904,0.995862677549448,1.00597938497021,0.985455122959823,0.143450353243222,FALSE,"emission","RMSE | AICc",NA,NA,-0.305365171141538,"HM",-0.301803787196526,-0.305365171141538,0.0141276125582265,0.987360622789027,1.01180032887623,0.136286346792209,0.0198388786400044,FALSE,"uptake","AICc",FALSE,NA,0.0586830123194955,"HM",0.0586626006918753,0.0586830123194955,0.0783750441129065,0.0767207953680871,1.00034794958593,0.962611434524569,0.14015836411005,TRUE,"below detection","SE | AICc | Intercept",FALSE,NA,"slurry"
"2025-06-19_2A2_1",2025-06-19,2,"A",2025-06-19 13:49:16,2025-06-19 13:50:51,2025-06-19 13:48:51,6.18316,0.04696,318,99.9015385416667,32.5130041666667,"2025-06-19_hudsoncarbonfieldfluxes.json",FALSE,2025-06-19,"",1,FALSE,TRUE,"single",NA,TRUE,0.12394,6.26014,14.3348080622033,"HM",14.1102515561051,14.3348080622033,0.219566609103697,0.998589221794771,1.01591442258881,0.985455122959823,0.150100590517455,FALSE,"emission","AICc",NA,NA,-0.17251332051071,"HM",-0.171949543278971,-0.17251332051071,0.0176000518145355,0.941328052953474,1.0032787364304,0.136286346792209,0.0207585923055891,FALSE,"uptake","AICc",TRUE,"convex (accelerating) trace",0.197349276808635,"HM",0.196616752680873,0.197349276808635,0.111983275398272,0.336796796957168,1.00372564452304,0.962611434524569,0.146661668863509,FALSE,"emission","SE | AICc",FALSE,NA,"control"
"2025-06-19_2B_1",2025-06-19,2,"B",2025-06-19 13:52:33,2025-06-19 13:54:08,2025-06-19 13:52:08,6.07186,0.04696,318,99.8923885416667,31.2512458333333,"2025-06-19_hudsoncarbonfieldfluxes.json",FALSE,2025-06-19,"",1,FALSE,TRUE,"single",NA,TRUE,0.12394,6.14884,19.400552414446,"HM",19.0760798896656,19.400552414446,0.166983021932245,0.999558066029936,1.01700939221565,0.985455122959823,0.147930901799117,FALSE,"emission","AICc",NA,NA,-0.284019163010682,"HM",-0.280875163911206,-0.284019163010682,0.0144338013678393,0.98475068871117,1.01119358171686,0.136286346792209,0.0204585289722022,FALSE,"uptake","AICc",FALSE,NA,0.142876324148628,"HM",0.121265054336846,0.142876324148628,0.0961038664042617,0.247353381660116,1.17821514969804,0.962611434524569,0.144556400608166,TRUE,"below detection","SE | AICc | Intercept",FALSE,NA,"control"
"2025-06-19_2C_1",2025-06-19,2,"C",2025-06-19 13:55:48,2025-06-19 13:57:23,2025-06-19 13:55:23,6.23086,0.04696,318,99.8736416666667,33.0697083333333,"2025-06-19_hudsoncarbonfieldfluxes.json",FALSE,2025-06-19,"",1,FALSE,TRUE,"single",NA,TRUE,0.12394,6.30784,17.9395930048801,"HM",17.786725409301,17.9395930048801,0.297890326555427,0.998507715274099,1.00859447661452,0.985455122959823,0.150468235415907,FALSE,"emission","AICc",NA,NA,-0.178967285890772,"HM",-0.178556527922331,-0.178967285890772,0.0189364678747347,0.937534179630509,1.00230043658006,0.136286346792209,0.0208094368128218,FALSE,"uptake","AICc | Intercept",TRUE,"convex (accelerating) trace",0.195020421648249,"HM",0.194569811308439,0.195020421648249,0.104458702840125,0.363834129802723,1.00231593142214,0.962611434524569,0.147045687592746,FALSE,"emission","SE | AICc | Intercept",FALSE,NA,"control"
"2025-06-19_3A_1",2025-06-19,3,"A",2025-06-19 13:37:52,2025-06-19 13:39:27,2025-06-19 13:37:27,6.12751,0.04696,318,99.9166135416667,33.041946875,"2025-06-19_hudsoncarbonfieldfluxes.json",FALSE,2025-06-19,"",1,FALSE,TRUE,"single",NA,TRUE,0.12394,6.20449,21.5948664898093,"HM",17.6665723693965,21.5948664898093,0.389872462856007,0.995073652697896,1.22235745781778,0.985455122959823,0.147923643913417,FALSE,"emission","",NA,NA,-0.0744753674792726,"HM",-0.0743628642478473,-0.0744753674792726,0.0201095141409751,0.695005851280115,1.00151289534855,0.136286346792209,0.0204575252220522,FALSE,"uptake","AICc | Intercept",TRUE,"convex (accelerating) trace",0.228963913739121,"HM",0.191627805140751,0.228963913739121,0.125037344280862,0.333356543893295,1.19483659258606,0.962611434524569,0.144553933497277,FALSE,"emission","SE | AICc",FALSE,NA,"compost"
"2025-06-19_3B_1",2025-06-19,3,"B",2025-06-19 13:41:04,2025-06-19 13:42:39,2025-06-19 13:40:39,5.97646,0.04696,318,99.8978770833333,33.168534375,"2025-06-19_hudsoncarbonfieldfluxes.json",FALSE,2025-06-19,"",1,FALSE,TRUE,"single",NA,TRUE,0.12394,6.05344,21.9404602298238,"HM",20.7070203565102,21.9404602298238,0.734354913167878,0.992925186724874,1.05956626555041,0.985455122959823,0.144115222438836,FALSE,"emission","SE",NA,NA,0.470912810708237,"HM",0.382467067189476,0.470912810708237,0.0201945763825186,0.985067536539463,1.23125061242186,0.136286346792209,0.0199308286351426,FALSE,"emission","Intercept (LM)",FALSE,NA,0.214624953317111,"LM",0.214624953317111,0.472254126840187,0.0234878604533868,0.464781222949793,2.20036915345266,0.962611434524569,0.140828774464838,FALSE,"emission","SE | g-fact. > 2 | Intercept",FALSE,NA,"compost"
"2025-06-19_3C_1",2025-06-19,3,"C",2025-06-19 13:44:17,2025-06-19 13:45:52,2025-06-19 13:43:52,6.35011,0.04696,318,99.886109375,32.7550302083333,"2025-06-19_hudsoncarbonfieldfluxes.json",FALSE,2025-06-19,"",1,FALSE,TRUE,"single",NA,TRUE,0.12394,6.42709,15.2812724652447,"HM",15.0702742970587,15.2812724652447,0.444663370456171,0.994971354635954,1.0140009507476,0.985455122959823,0.153273045153154,FALSE,"emission","AICc",NA,NA,-0.161748847243245,"HM",-0.161174630731085,-0.161748847243245,0.0160600781721181,0.944329668059051,1.00356269786104,0.136286346792209,0.0211973360318025,FALSE,"uptake","AICc | Intercept",TRUE,"convex (accelerating) trace",0.237344958532696,"HM",0.209807452726367,0.237344958532696,0.115446303918851,0.394465430551993,1.13125132328947,0.962611434524569,0.14978307998368,FALSE,"emission","SE | AICc | Intercept",FALSE,NA,"compost"
"2025-06-19_4A_1",2025-06-19,4,"A",2025-06-19 14:32:20,2025-06-19 14:33:55,2025-06-19 14:31:55,6.16726,0.04696,318,99.8192177083333,28.7666885416667,"2025-06-19_hudsoncarbonfieldfluxes.json",FALSE,2025-06-19,"",1,FALSE,TRUE,"single",NA,TRUE,0.12394,6.24424,14.0352944039358,"HM",13.3863242229586,14.0352944039358,0.171286249526686,0.998934847890499,1.04848008834749,0.985455122959823,0.152187144413412,FALSE,"emission","",NA,NA,-0.233791257898928,"HM",-0.231167935285372,-0.233791257898928,0.0154679006010797,0.974420228684422,1.01134812494785,0.136286346792209,0.0210471582699234,FALSE,"uptake","AICc",FALSE,NA,0.197807504174568,"HM",0.196438519091401,0.197807504174568,0.0946838959342824,0.417574854875472,1.0069690256753,0.962611434524569,0.148742966046956,FALSE,"emission","SE | AICc | Intercept",FALSE,NA,"compost"
"2025-06-19_4B_1",2025-06-19,4,"B",2025-06-19 14:35:33,2025-06-19 14:37:08,2025-06-19 14:35:08,6.17521,0.04696,318,99.8329833333333,28.3315354166667,"2025-06-19_hudsoncarbonfieldfluxes.json",FALSE,2025-06-19,"",1,FALSE,TRUE,"single",NA,TRUE,0.12394,6.25219,14.1136369929926,"HM",13.4050239016647,14.1136369929926,0.122908959863119,0.999352520603539,1.05286175515435,0.985455122959823,0.152570059057121,FALSE,"emission","",NA,NA,-0.28030623332671,"HM",-0.249398741696072,-0.28030623332671,0.019846833567078,0.968196577552856,1.12392801752105,0.136286346792209,0.0211001145504363,FALSE,"uptake","",FALSE,NA,0.178917034037346,"HM",0.178561628132431,0.178917034037346,0.291311947081096,0.0498793076395082,1.0019903823046,0.962611434524569,0.149118801898442,FALSE,"emission","SE | AICc | Intercept",FALSE,NA,"compost"
"2025-06-19_4C_1",2025-06-19,4,"C",2025-06-19 14:38:51,2025-06-19 14:40:26,2025-06-19 14:38:26,6.09571,0.04696,318,99.8258395833333,27.893115625,"2025-06-19_hudsoncarbonfieldfluxes.json",FALSE,2025-06-19,"",1,FALSE,TRUE,"single",NA,TRUE,0.12394,6.17269,17.3952423951818,"HM",17.0969590371459,17.3952423951818,0.129946343068242,0.999646160433762,1.01744657382567,0.985455122959823,0.150913107284804,FALSE,"emission","",NA,NA,-0.261101567578629,"HM",-0.258746381712249,-0.261101567578629,0.0147030697154768,0.981415074590539,1.00910229488349,0.136286346792209,0.0208709616457543,FALSE,"uptake","AICc",FALSE,NA,0.374444607981384,"HM",0.2821317618787,0.374444607981384,0.116710994541802,0.593939063323822,1.32719763803968,0.962611434524569,0.147498981119108,FALSE,"emission","SE | AICc | Intercept",FALSE,NA,"compost"
"2025-06-19_5A_1",2025-06-19,5,"A",2025-06-19 14:22:35,2025-06-19 14:24:10,2025-06-19 14:22:10,6.03211,0.04696,318,99.8222072916667,29.2846572916667,"2025-06-19_hudsoncarbonfieldfluxes.json",FALSE,2025-06-19,"",1,FALSE,TRUE,"single",NA,TRUE,0.12394,6.10909,19.0989620218692,"HM",18.8512625800683,19.0989620218692,0.136101990625031,0.99974233541259,1.01313967384142,0.985455122959823,0.148277910959811,FALSE,"emission","AICc",NA,NA,-0.35172179789228,"HM",-0.350146159153552,-0.35172179789228,0.017445095713005,0.985675832840864,1.00449994580131,0.136286346792209,0.0205065196008088,FALSE,"uptake","AICc",TRUE,"convex (accelerating) trace",0.16800256268299,"HM",0.167520195756422,0.16800256268299,0.0901548461588196,0.362846160477472,1.0028794553659,0.962611434524569,0.144918089551961,FALSE,"emission","SE | AICc | Intercept",FALSE,NA,"control"
"2025-06-19_5B_1",2025-06-19,5,"B",2025-06-19 14:25:46,2025-06-19 14:27:21,2025-06-19 14:25:21,6.18316,0.04696,318,99.8181479166667,29.2093375,"2025-06-19_hudsoncarbonfieldfluxes.json",FALSE,2025-06-19,"",1,FALSE,TRUE,"single",NA,TRUE,0.12394,6.26014,14.9652300105701,"HM",14.7488497686211,14.9652300105701,0.153728943396541,0.999394286928377,1.01467099098191,0.985455122959823,0.152078830926502,FALSE,"emission","AICc",NA,NA,-0.354389223464647,"HM",-0.351849978873792,-0.354389223464647,0.0161750749701455,0.987800614474441,1.0072168388328,0.136286346792209,0.021032178745138,FALSE,"uptake","AICc",TRUE,"convex (accelerating) trace",0.172108540283446,"HM",0.171652637662048,0.172108540283446,0.0841975012421242,0.407544615250606,1.00265596047697,0.962611434524569,0.148638025727607,FALSE,"emission","SE | AICc | Intercept",FALSE,NA,"control"
"2025-06-19_5C_1",2025-06-19,5,"C",2025-06-19 14:29:00,2025-06-19 14:30:35,2025-06-19 14:28:35,6.31036,0.04696,318,99.81790625,28.55131875,"2025-06-19_hudsoncarbonfieldfluxes.json",FALSE,2025-06-19,"",1,FALSE,TRUE,"single",NA,TRUE,0.12394,6.38734,15.3771721962965,"HM",14.5790020589795,15.3771721962965,0.111254889944219,0.999482482090672,1.05474792678457,0.985455122959823,0.155581354220117,FALSE,"emission","",NA,NA,-0.32436765622302,"HM",-0.32106694250916,-0.32436765622302,0.0144268880108571,0.988356216121761,1.01028045331626,0.136286346792209,0.0215165702644673,FALSE,"uptake","AICc",FALSE,NA,0.183328762579455,"HM",0.182999330031926,0.183328762579455,0.0820605452256498,0.451700366058505,1.00180018444587,0.962611434524569,0.152064261089945,FALSE,"emission","SE | AICc | Intercept",FALSE,NA,"control"
"2025-06-19_6A_1",2025-06-19,6,"A",2025-06-19 14:12:02,2025-06-19 14:13:37,2025-06-19 14:11:37,5.96851,0.04696,318,99.8289916666667,32.485053125,"2025-06-19_hudsoncarbonfieldfluxes.json",FALSE,2025-06-19,"",1,FALSE,TRUE,"single",NA,TRUE,0.12394,6.04549,18.2291987524389,"HM",17.4577066269908,18.2291987524389,0.161643326344633,0.999389178295265,1.04419206611338,0.985455122959823,0.144687004542414,FALSE,"emission","",NA,NA,-0.29764175366069,"HM",-0.295149465414834,-0.29764175366069,0.0143405397335867,0.986374043959776,1.00844415639497,0.136286346792209,0.0200099048835096,FALSE,"uptake","AICc",TRUE,"convex (accelerating) trace",0.38005600461137,"HM",0.21126074885867,0.38005600461137,0.133964205159517,0.489228943839173,1.79899014210927,0.962611434524569,0.141402547784549,FALSE,"emission","SE | Intercept (HM)",FALSE,NA,"slurry"
"2025-06-19_6B_1",2025-06-19,6,"B",2025-06-19 14:15:20,2025-06-19 14:16:55,2025-06-19 14:14:55,6.43756,0.04696,318,99.8342489583333,31.354428125,"2025-06-19_hudsoncarbonfieldfluxes.json",FALSE,2025-06-19,"",1,FALSE,TRUE,"single",NA,TRUE,0.12394,6.51454,18.2124374583457,"HM",17.1998312967853,18.2124374583457,0.193317639743129,0.999079415302291,1.0588730286994,0.985455122959823,0.156562116002417,FALSE,"emission","",NA,NA,-0.15962937421763,"HM",-0.158158913258589,-0.15962937421763,0.0143395635774457,0.953759773523915,1.00929736382695,0.136286346792209,0.0216522075322321,FALSE,"uptake","AICc | Intercept",FALSE,NA,0.306544048248912,"HM",0.252932605280506,0.306544048248912,0.125999098309858,0.469008456807076,1.21195939886418,0.962611434524569,0.153002646273659,FALSE,"emission","SE | AICc | Intercept",FALSE,NA,"slurry"
"2025-06-19_6C_1",2025-06-19,6,"C",2025-06-19 14:18:57,2025-06-19 14:20:32,2025-06-19 14:18:32,6.36601,0.04696,318,99.8358104166667,30.3834520833333,"2025-06-19_hudsoncarbonfieldfluxes.json",FALSE,2025-06-19,"",1,FALSE,TRUE,"single",NA,TRUE,0.12394,6.44299,24.0057919702917,"HM",23.6948662973728,24.0057919702917,0.195959044640617,0.999646861546657,1.01312206910209,0.985455122959823,0.155404112679921,FALSE,"emission","AICc",NA,NA,-0.381087254449554,"HM",-0.378615283572789,-0.381087254449554,0.0174118493866196,0.987793143545633,1.00652897805244,0.136286346792209,0.0214920581365679,FALSE,"uptake","AICc",TRUE,"convex (accelerating) trace",0.696088126860974,"HM",0.599519121829129,0.696088126860974,0.267245353793682,0.509097271198875,1.16107743942714,0.962611434524569,0.151873944911998,FALSE,"emission","SE | AICc | Intercept",FALSE,NA,"slurry"
"2025-06-19_7A_1",2025-06-19,7,"A",2025-06-19 11:45:29,2025-06-19 11:47:04,2025-06-19 11:45:04,6.16726,0.04696,318,99.9498791666667,31.2730729166667,"2025-06-19_hudsoncarbonfieldfluxes.json",FALSE,2025-06-19,"",1,FALSE,TRUE,"single",NA,TRUE,0.12394,6.24424,19.8869373168961,"HM",18.3096586191993,19.8869373168961,0.209395487293144,0.998841641458266,1.08614462620526,0.985455122959823,0.150126718268306,FALSE,"emission","",NA,NA,-0.172096305444425,"HM",-0.165551607338695,-0.172096305444425,0.0148708115437464,0.956260684953291,1.03953267631126,0.136286346792209,0.0207622057179408,FALSE,"uptake","AICc",FALSE,NA,0.545173583768421,"HM",0.515185407513671,0.545173583768421,0.0976525788382547,0.83445813547871,1.05820851254207,0.962611434524569,0.146709577843915,FALSE,"emission","SE | AICc | Intercept",FALSE,NA,"control"
"2025-06-19_7B_1",2025-06-19,7,"B",2025-06-19 11:48:50,2025-06-19 11:50:25,2025-06-19 11:48:25,6.32626,0.04696,318,99.9569166666667,31.6940239583333,"2025-06-19_hudsoncarbonfieldfluxes.json",FALSE,2025-06-19,"",1,FALSE,TRUE,"single",NA,TRUE,0.12394,6.40324,17.9277684671363,"HM",17.6185904141226,17.9277684671363,0.228356999018773,0.999003234043594,1.01754839892105,0.985455122959823,0.153403707237984,FALSE,"emission","AICc",NA,NA,-0.238191827614801,"HM",-0.236766664671917,-0.238191827614801,0.0177884812458201,0.967791356585167,1.00601927194801,0.136286346792209,0.02121540632013,FALSE,"uptake","AICc",TRUE,"convex (accelerating) trace",0.854037284183161,"HM",0.81248543434568,0.854037284183161,0.110872433956699,0.905936739929886,1.05114165507588,0.962611434524569,0.149918544443549,FALSE,"emission","SE | AICc",FALSE,NA,"control"
"2025-06-19_7C_1",2025-06-19,7,"C",2025-06-19 11:52:37,2025-06-19 11:54:12,2025-06-19 11:52:12,6.22291,0.04696,318,99.9521927083333,30.765934375,"2025-06-19_hudsoncarbonfieldfluxes.json",FALSE,2025-06-19,"",1,FALSE,TRUE,"single",NA,TRUE,0.12394,6.29989,15.7128445209872,"HM",15.4837352817714,15.7128445209872,0.144908394854385,0.999513757202968,1.01479676803087,0.985455122959823,0.151977387425985,FALSE,"emission","AICc",NA,NA,-0.195428123832515,"HM",-0.192915368951466,-0.195428123832515,0.016761720797403,0.957607502107643,1.01302516691493,0.136286346792209,0.0210181493248538,FALSE,"uptake","AICc",FALSE,NA,0.309518901504345,"HM",0.308928011072058,0.309518901504345,0.108124641302759,0.576137949939689,1.00191271238317,0.962611434524569,0.148532811943786,FALSE,"emission","SE | AICc",FALSE,NA,"control"
"2025-06-19_8A_1",2025-06-19,8,"A",2025-06-19 11:58:11,2025-06-19 11:59:46,2025-06-19 11:57:46,6.22132,0.04696,318,99.96041875,32.5996510416667,"2025-06-19_hudsoncarbonfieldfluxes.json",FALSE,2025-06-19,"",1,FALSE,TRUE,"single",NA,TRUE,0.12394,6.2983,15.5494863160251,"HM",12.8978148685466,15.5494863160251,0.240549302644964,0.995950129725231,1.20559075118569,0.985455122959823,0.15015720819116,FALSE,"emission","",NA,NA,-0.208387517849886,"HM",-0.206973185262055,-0.208387517849886,0.0158700722887746,0.966486769585075,1.0068334097774,0.136286346792209,0.0207664224093994,FALSE,"uptake","AICc | Intercept",TRUE,"convex (accelerating) trace",0.161822391966763,"HM",0.0895865971560281,0.161822391966763,0.140003551963152,0.130837845704975,1.80632368126368,0.962611434524569,0.146764366394264,FALSE,"emission","SE | AICc | Intercept",FALSE,NA,"compost"
"2025-06-19_8B_1",2025-06-19,8,"B",2025-06-19 12:01:32,2025-06-19 12:03:07,2025-06-19 12:01:07,6.33421,0.04696,318,99.9576822916667,32.1675697916667,"2025-06-19_hudsoncarbonfieldfluxes.json",FALSE,2025-06-19,"",1,FALSE,TRUE,"single",NA,TRUE,0.12394,6.41119,19.1744545782828,"HM",17.3892225192742,19.1744545782828,0.242507145945892,0.99831488082065,1.10266313269784,0.985455122959823,0.153225790012489,FALSE,"emission","",NA,NA,-0.184947448373526,"HM",-0.183932704318593,-0.184947448373526,0.0183588478312204,0.944351803794178,1.00551693109006,0.136286346792209,0.0211908007463914,FALSE,"uptake","AICc",TRUE,"convex (accelerating) trace",0.111016513926576,"LM",0.111016513926576,0.264050069750577,0.0247785033166546,0.16720423279071,2.37847560161378,0.962611434524569,0.149741047626183,TRUE,"below detection","SE | AICc | g-fact. > 2 | Intercept (LM)",FALSE,NA,"compost"
"2025-06-19_8C_1",2025-06-19,8,"C",2025-06-19 12:04:46,2025-06-19 12:06:21,2025-06-19 12:04:21,6.27856,0.04696,318,99.9592270833333,32.704140625,"2025-06-19_hudsoncarbonfieldfluxes.json",FALSE,2025-06-19,"",1,FALSE,TRUE,"single",NA,TRUE,0.12394,6.35554,22.40261531703,"HM",22.1724380988569,22.40261531703,0.395158173237586,0.998216381812032,1.01038123174126,0.985455122959823,0.15121420090063,FALSE,"emission","AICc",NA,NA,-0.515159848100485,"HM",-0.459168064551177,-0.515159848100485,0.0167734186180437,0.992381609854118,1.12194180708983,0.136286346792209,0.0209126022521984,FALSE,"uptake","",FALSE,NA,0.222685815697442,"HM",0.222509035539382,0.222685815697442,0.100127831230708,0.449029604824516,1.00079448530093,0.962611434524569,0.147744040881766,FALSE,"emission","SE | AICc | Intercept",TRUE,"convex (accelerating) trace","compost"
"2025-06-19_9A_1",2025-06-19,9,"A",2025-06-19 12:13:21,2025-06-19 12:14:56,2025-06-19 12:12:56,6.19111,0.04696,318,99.96809375,32.0658822916667,"2025-06-19_hudsoncarbonfieldfluxes.json",FALSE,2025-06-19,"",1,FALSE,TRUE,"single",NA,TRUE,0.12394,6.26809,16.8005875907376,"HM",15.6322567154819,16.8005875907376,0.235793648714534,0.99842130444788,1.07473846524658,0.985455122959823,0.1503247619367,FALSE,"emission","",NA,NA,-0.129765226695265,"HM",-0.129591965515542,-0.129765226695265,0.0202169116267963,0.872186283004329,1.0013369747039,0.136286346792209,0.0207895947359103,FALSE,"uptake","AICc | Intercept",TRUE,"convex (accelerating) trace",0.184628303911592,"HM",0.184511488062752,0.184628303911592,0.118059495512844,0.284779423222781,1.00063310881109,0.962611434524569,0.146919363214965,FALSE,"emission","SE | AICc | Intercept",TRUE,"convex (accelerating) trace","compost"
"2025-06-19_9B_1",2025-06-19,9,"B",2025-06-19 12:10:03,2025-06-19 12:11:37,2025-06-19 12:09:38,6.23086,0.04696,318,99.9720989473684,32.709072631579,"2025-06-19_hudsoncarbonfieldfluxes.json",FALSE,2025-06-19,"",1,FALSE,TRUE,"single",NA,TRUE,0.12394,6.30784,15.2842597395742,"HM",15.0913801811731,15.2842597395742,0.308205609299256,0.997660477428185,1.01278077658144,0.985455122959823,0.151856195998606,FALSE,"emission","AICc",NA,NA,-0.0595212844175527,"HM",-0.059364268625671,-0.0595212844175527,0.0133397204438107,0.770471720057038,1.00264495454112,0.136286346792209,0.0210013888083014,FALSE,"uptake","AICc",FALSE,NA,0.403231794391645,"HM",0.398784220534216,0.403231794391645,0.103816074207404,0.716088992179659,1.01115283310727,0.962611434524569,0.148378583823864,FALSE,"emission","SE | AICc",FALSE,NA,"compost"
"2025-06-19_9C2_1",2025-06-19,9,"C",2025-06-19 12:18:12,2025-06-19 12:19:47,2025-06-19 12:17:47,6.1609,0.04696,318,99.963953125,32.8938166666667,"2025-06-19_hudsoncarbonfieldfluxes.json",FALSE,2025-06-19,"",1,FALSE,TRUE,"single",NA,TRUE,0.12394,6.23788,16.9001360218846,"HM",16.2535983103721,16.9001360218846,0.291295875438044,0.998086285259937,1.03977812784385,0.985455122959823,0.148362458704285,FALSE,"emission","",NA,NA,-0.2870960933121,"HM",-0.283937202711006,-0.2870960933121,0.0162755830356589,0.981099505133761,1.0111253142277,0.136286346792209,0.0205182123739807,FALSE,"uptake","AICc",FALSE,NA,0.503863629961819,"HM",0.461340776098824,0.503863629961819,0.116971379640528,0.746589552331428,1.09217232914588,0.962611434524569,0.144987335186116,FALSE,"emission","SE | AICc",FALSE,NA,"compost"
"2025-06-19_10A_1",2025-06-19,10,"A",2025-06-19 12:49:09,2025-06-19 12:50:44,2025-06-19 12:48:44,6.35011,0.04696,318,99.9380375,32.8910416666667,"2025-06-19_hudsoncarbonfieldfluxes.json",FALSE,2025-06-19,"",1,FALSE,TRUE,"single",NA,TRUE,0.12394,6.42709,16.0424638078593,"HM",14.0268119879404,16.0424638078593,0.336952835242763,0.995921467166764,1.14369992423452,0.985455122959823,0.153554346717614,FALSE,"emission","",NA,NA,-0.130971148949164,"HM",-0.130454105276907,-0.130971148949164,0.0186189265481801,0.892128576478638,1.0039634143453,0.136286346792209,0.0212362394396534,FALSE,"uptake","AICc",TRUE,"convex (accelerating) trace",0.655612979663583,"HM",0.434965206223488,0.655612979663583,0.157789452714058,0.693075026215537,1.50727683567114,0.962611434524569,0.150073935431472,FALSE,"emission","SE | Intercept (LM)",FALSE,NA,"control"
"2025-06-19_10B_1",2025-06-19,10,"B",2025-06-19 12:52:41,2025-06-19 12:54:16,2025-06-19 12:52:16,5.99236,0.04696,318,99.9438239583333,32.9115927083333,"2025-06-19_hudsoncarbonfieldfluxes.json",FALSE,2025-06-19,"",1,FALSE,TRUE,"single",NA,TRUE,0.12394,6.06934,13.7876292484528,"HM",13.5798584389707,13.7876292484528,0.248962378636746,0.998054885916058,1.01529992454751,0.985455122959823,0.145141838230404,FALSE,"emission","AICc",NA,NA,-0.170215471111968,"HM",-0.168811808755418,-0.170215471111968,0.0145542990737507,0.95802894397274,1.00831495359773,0.136286346792209,0.0200728074148273,FALSE,"uptake","AICc",FALSE,NA,0.255820564834942,"HM",0.135910340747124,0.255820564834942,0.145535436761445,0.263246901970539,1.88227447174843,0.962611434524569,0.141841409864695,FALSE,"emission","SE | AICc | Intercept (LM)",FALSE,NA,"control"
"2025-06-19_10C_1",2025-06-19,10,"C",2025-06-19 12:55:57,2025-06-19 12:57:32,2025-06-19 12:55:32,5.98044,0.04696,318,99.9356322916667,33.5968229166667,"2025-06-19_hudsoncarbonfieldfluxes.json",FALSE,2025-06-19,"",1,FALSE,TRUE,"single",NA,TRUE,0.12394,6.05742,13.8005018483603,"HM",10.8044746873993,13.8005018483603,0.46407179677364,0.988564690247258,1.27729503262709,0.985455122959823,0.143980543798627,FALSE,"emission","SE",NA,NA,-0.141508208339412,"HM",-0.140863224700077,-0.141508208339412,0.0164140768129352,0.92550677355915,1.00457879365397,0.136286346792209,0.019912202865752,FALSE,"uptake","AICc | Intercept",TRUE,"convex (accelerating) trace",0.36622125737425,"HM",0.272845159626835,0.36622125737425,0.108228280238372,0.617507767188576,1.34223109501053,0.962611434524569,0.140706048764197,FALSE,"emission","SE | AICc | Intercept (LM)",FALSE,NA,"control"
"2025-06-19_11A_1",2025-06-19,11,"A",2025-06-19 12:37:28,2025-06-19 12:39:03,2025-06-19 12:37:03,6.21894,0.04696,318,99.9580041666667,32.6704510416667,"2025-06-19_hudsoncarbonfieldfluxes.json",FALSE,2025-06-19,"",1,FALSE,TRUE,"single",NA,TRUE,0.12394,6.29592,16.8119425031985,"HM",16.5833361327372,16.8119425031985,0.242422330326243,0.998804869312392,1.01378530644446,0.985455122959823,0.150671776260584,FALSE,"emission","AICc",NA,NA,-0.202135800695904,"HM",-0.201432897356509,-0.202135800695904,0.0157017541426131,0.965307122425113,1.00348951610496,0.136286346792209,0.0208375860785751,FALSE,"uptake","AICc | Intercept",TRUE,"convex (accelerating) trace",0.286736920290914,"HM",0.214206418210837,0.286736920290914,0.256525056155335,0.144681329120826,1.33860097510565,0.962611434524569,0.147230731913895,FALSE,"emission","SE | AICc | Intercept",TRUE,"closure sigma = 1.82 ppb = 1.9x campaign sigma (disturbed closure?)","slurry"
"2025-06-19_11B_1",2025-06-19,11,"B",2025-06-19 12:44:14,2025-06-19 12:45:49,2025-06-19 12:43:49,6.19906,0.04696,318,99.9678875,33.0290645833333,"2025-06-19_hudsoncarbonfieldfluxes.json",FALSE,2025-06-19,"",1,FALSE,TRUE,"single",NA,TRUE,0.12394,6.27604,18.0179682632293,"HM",17.7504754543793,18.0179682632293,0.202408818203925,0.999262054268375,1.01506961374289,0.985455122959823,0.149605731335974,FALSE,"emission","AICc",NA,NA,-0.146098694791678,"HM",-0.145499165062515,-0.146098694791678,0.0154800555860848,0.937164836600893,1.00412050288334,0.136286346792209,0.0206901543336823,FALSE,"uptake","AICc",TRUE,"convex (accelerating) trace",0.150994739820655,"LM",0.150994739820655,0.922770142585459,0.0367551929037058,0.143192009908719,6.11127343695209,0.962611434524569,0.146199098295404,FALSE,"emission","SE | g-fact. > 2 | Intercept",FALSE,NA,"slurry"
"2025-06-19_11C_1",2025-06-19,11,"C",2025-06-19 12:40:43,2025-06-19 12:42:18,2025-06-19 12:40:18,5.94069,0.04696,318,99.9550791666667,32.6596114583333,"2025-06-19_hudsoncarbonfieldfluxes.json",FALSE,2025-06-19,"",1,FALSE,TRUE,"single",NA,TRUE,0.12394,6.01767,16.3794813096927,"HM",16.1107636466361,16.3794813096927,0.19345059461044,0.999161390438552,1.01667938708248,0.985455122959823,0.143991007721009,FALSE,"emission","AICc",NA,NA,-0.125176336445944,"HM",-0.124333206948891,-0.125176336445944,0.0143320411223065,0.927170363979998,1.00678120928225,0.136286346792209,0.0199136500039537,FALSE,"uptake","AICc | Intercept",FALSE,NA,0.0778268667379488,"LM",0.0778268667379488,0.163700154694996,0.0257642214616198,0.0787864034093476,2.103388733947,0.962611434524569,0.140716563220615,TRUE,"below detection","SE | AICc | g-fact. > 2 | Intercept",FALSE,NA,"slurry"
"2025-06-19_12A_1",2025-06-19,12,"A",2025-06-19 12:28:37,2025-06-19 12:30:12,2025-06-19 12:28:12,6.33819,0.04696,318,99.9805979166667,32.8185541666667,"2025-06-19_hudsoncarbonfieldfluxes.json",FALSE,2025-06-19,"",1,FALSE,TRUE,"single",NA,TRUE,0.12394,6.41517,17.484967995333,"HM",15.9748234099859,17.484967995333,0.365832973832036,0.996710782876924,1.09453278741117,0.985455122959823,0.153197388063881,FALSE,"emission","",NA,NA,-0.16096106952816,"HM",-0.159947537169927,-0.16096106952816,0.0172930141913875,0.935342647049554,1.00633665498179,0.136286346792209,0.0211868728173287,FALSE,"uptake","AICc | Intercept",FALSE,NA,0.324101938586286,"HM",0.321426889018578,0.324101938586286,0.10837702690156,0.596358442612036,1.00832241999378,0.962611434524569,0.149701205573959,FALSE,"emission","SE | AICc",FALSE,NA,"slurry"
"2025-06-19_12B_1",2025-06-19,12,"B",2025-06-19 12:32:00,2025-06-19 12:33:35,2025-06-19 12:31:35,6.07981,0.04696,318,99.9787291666667,32.21955625,"2025-06-19_hudsoncarbonfieldfluxes.json",FALSE,2025-06-19,"",1,FALSE,TRUE,"single",NA,TRUE,0.12394,6.15679,24.3128162762126,"HM",23.5406999751342,24.3128162762126,0.203671902371487,0.999501211836093,1.03279920741074,0.985455122959823,0.147161670091514,FALSE,"emission","",NA,NA,-0.214372647600323,"HM",-0.21312827449184,-0.214372647600323,0.0135352786520504,0.976842589685006,1.00583861109676,0.136286346792209,0.0203521458637041,FALSE,"uptake","AICc | Intercept",TRUE,"convex (accelerating) trace",0.547166701112521,"HM",0.402717768651829,0.547166701112521,0.104703058229734,0.791436189536299,1.35868527218022,0.962611434524569,0.143793151037642,FALSE,"emission","SE | Intercept (LM)",FALSE,NA,"slurry"
"2025-06-19_12C_1",2025-06-19,12,"C",2025-06-19 12:25:03,2025-06-19 12:26:38,2025-06-19 12:24:38,5.84131,0.04696,318,99.9721645833333,33.2406708333333,"2025-06-19_hudsoncarbonfieldfluxes.json",FALSE,2025-06-19,"",1,FALSE,TRUE,"single",NA,TRUE,0.12394,5.91829,15.932292931443,"HM",15.5144081158474,15.932292931443,0.151180348735019,0.999405866831989,1.02693527284285,0.985455122959823,0.140684131877751,FALSE,"emission","",NA,NA,-0.199993551788916,"HM",-0.198155124443385,-0.199993551788916,0.0141219903779403,0.970961679670668,1.00927771790255,0.136286346792209,0.0194563161107375,FALSE,"uptake","AICc",FALSE,NA,0.15326340114416,"LM",0.15326340114416,0.358536124545552,0.0278784030726531,0.235247823062616,2.33934600086495,0.962611434524569,0.137468157695044,FALSE,"emission","SE | AICc | g-fact. > 2 | Intercept (LM)",FALSE,NA,"slurry"
"2025-06-19_13A_1",2025-06-19,13,"A",2025-06-19 13:03:19,2025-06-19 13:04:54,2025-06-19 13:02:54,6.35806,0.04696,318,99.9360583333333,34.0625604166667,"2025-06-19_hudsoncarbonfieldfluxes.json",FALSE,2025-06-19,"",1,FALSE,TRUE,"single",NA,TRUE,0.12394,6.43504,18.117385491083,"HM",13.5389008680075,18.117385491083,0.341952312928119,0.991608789267581,1.33817254943453,0.985455122959823,0.152965322660443,FALSE,"emission","",NA,NA,-0.217993945839777,"HM",-0.216610972823135,-0.217993945839777,0.0178635282978046,0.961407963832473,1.00638459353475,0.136286346792209,0.0211547786657894,FALSE,"uptake","AICc | Intercept",TRUE,"convex (accelerating) trace",0.489552242888269,"HM",0.247374505237372,0.489552242888269,0.178526073728513,0.457757038845418,1.97899230730552,0.962611434524569,0.149460881310568,FALSE,"emission","SE | Intercept (LM)",FALSE,NA,"slurry"
"2025-06-19_13B_1",2025-06-19,13,"B",2025-06-19 13:06:56,2025-06-19 13:08:31,2025-06-19 13:06:31,6.27856,0.04696,318,99.9244145833333,34.2981552083333,"2025-06-19_hudsoncarbonfieldfluxes.json",FALSE,2025-06-19,"",1,FALSE,TRUE,"single",NA,TRUE,0.12394,6.35554,19.4658168935291,"LM",19.4658168935291,19.6038793893343,0.129394489269465,0.995819677735092,1.00709256110649,0.985455122959823,0.150128511053049,FALSE,"emission","MAE | SE | AICc",NA,NA,0.177639766037381,"HM",0.0934387470560799,0.177639766037381,0.0295869586752098,0.794131637299999,1.90113600229213,0.136286346792209,0.0207624536562564,FALSE,"emission","Intercept",FALSE,NA,0.67121052466368,"HM",0.444821646273485,0.67121052466368,0.162886581000234,0.689175048988894,1.50894303433023,0.962611434524569,0.146633558345259,FALSE,"emission","SE | Intercept",FALSE,NA,"slurry"
"2025-06-19_13C_1",2025-06-19,13,"C",2025-06-19 13:10:12,2025-06-19 13:11:47,2025-06-19 13:09:47,6.00031,0.04696,318,99.9267791666667,35.20539375,"2025-06-19_hudsoncarbonfieldfluxes.json",FALSE,2025-06-19,"",1,FALSE,TRUE,"single",NA,TRUE,0.12394,6.07729,23.6287765655435,"LM",23.6287765655435,23.7650276851896,0.181722781842837,0.994412056751887,1.00576632138647,0.985455122959823,0.143041061523563,FALSE,"emission","RMSE | MAE | SE | AICc",NA,NA,-0.226783797026344,"HM",-0.220401913124207,-0.226783797026344,0.0178558434865276,0.963625081396232,1.02895566472937,0.136286346792209,0.0197822744660091,FALSE,"uptake","AICc",FALSE,NA,1.86357752995649,"HM",1.84873470105488,1.86357752995649,0.125247066124856,0.973699553932222,1.00802864191013,0.962611434524569,0.139748243667875,FALSE,"emission","SE | AICc",FALSE,NA,"slurry"
"2025-06-19_14A_1",2025-06-19,14,"A",2025-06-19 13:15:09,2025-06-19 13:16:44,2025-06-19 13:14:44,5.98044,0.04696,318,99.917703125,34.1596125,"2025-06-19_hudsoncarbonfieldfluxes.json",FALSE,2025-06-19,"",1,FALSE,TRUE,"single",NA,TRUE,0.12394,6.05742,11.6590945965171,"HM",11.6212609019284,11.6590945965171,0.649103349443312,0.981994716605899,1.00325555848956,0.985455122959823,0.143208947681063,FALSE,"emission","SE | AICc",NA,NA,-0.149600163993507,"HM",-0.148390752666495,-0.149600163993507,0.015601864336984,0.938730981721315,1.00815017988169,0.136286346792209,0.0198054927643867,FALSE,"uptake","AICc | Intercept",FALSE,NA,0.135519713083233,"HM",0.123691983224802,0.135519713083233,0.149318370991312,0.107740592026453,1.09562244496424,0.962611434524569,0.13989453596947,TRUE,"below detection","SE | AICc | Intercept",FALSE,NA,"compost"
"2025-06-19_14B_1",2025-06-19,14,"B",2025-06-19 13:18:49,2025-06-19 13:20:24,2025-06-19 13:18:24,6.31831,0.04696,318,99.9222875,33.8005229166667,"2025-06-19_hudsoncarbonfieldfluxes.json",FALSE,2025-06-19,"",1,FALSE,TRUE,"single",NA,TRUE,0.12394,6.39529,16.3375224438258,"HM",13.2259884591628,16.3375224438258,0.465659610353959,0.991705045152677,1.23525908814077,0.985455122959823,0.152059049621107,FALSE,"emission","SE",NA,NA,-0.17404132952833,"HM",-0.173381112673448,-0.17404132952833,0.0184354304093954,0.936894880451934,1.00380789374749,0.136286346792209,0.0210294430326898,FALSE,"uptake","AICc | Intercept",TRUE,"convex (accelerating) trace",0.294936719068987,"HM",0.293242089924829,0.294936719068987,0.106014658467493,0.561390388674837,1.00577894239054,0.962611434524569,0.148588820762611,FALSE,"emission","SE | AICc",FALSE,NA,"compost"
"2025-06-19_14C_1",2025-06-19,14,"C",2025-06-19 13:22:05,2025-06-19 13:23:40,2025-06-19 13:21:40,6.45744,0.04696,318,99.9235666666667,34.6896489583333,"2025-06-19_hudsoncarbonfieldfluxes.json",FALSE,2025-06-19,"",1,FALSE,TRUE,"single",NA,TRUE,0.12394,6.53442,12.7247550875634,"HM",12.704245542325,12.7247550875634,1.07521953784795,0.95928481200538,1.00161438514157,0.985455122959823,0.15435291301726,FALSE,"emission","SE | AICc | Intercept",NA,NA,-0.158738144165785,"HM",-0.122435603291316,-0.158738144165785,0.0209528427814991,0.890025554603297,1.2965031404149,0.136286346792209,0.021346679459817,FALSE,"uptake","",FALSE,NA,0.361960580936198,"HM",0.331102384381128,0.361960580936198,0.139091294488891,0.516722057197042,1.09319835196218,0.962611434524569,0.150839290830723,FALSE,"emission","SE | AICc | Intercept",FALSE,NA,"compost"
"2025-06-19_15A_1",2025-06-19,15,"A",2025-06-19 13:25:49,2025-06-19 13:27:24,2025-06-19 13:25:24,6.00031,0.04696,318,99.9155875,34.189734375,"2025-06-19_hudsoncarbonfieldfluxes.json",FALSE,2025-06-19,"",1,FALSE,TRUE,"single",NA,TRUE,0.12394,6.07729,14.0595238952408,"HM",11.3969824247213,14.0595238952408,0.579716375021003,0.986066400108386,1.23361810796024,0.985455122959823,0.144344970832714,FALSE,"emission","SE",NA,NA,-0.186391551536856,"HM",-0.184828905824443,-0.186391551536856,0.0223592442212658,0.920359035417936,1.00845455263311,0.136286346792209,0.0199626023491894,FALSE,"uptake","AICc",FALSE,NA,0.451447713370632,"HM",0.448769192090211,0.451447713370632,0.140277480813519,0.631834418939089,1.00596859438578,0.962611434524569,0.141054880121335,FALSE,"emission","SE | AICc | Intercept",FALSE,NA,"control"
"2025-06-19_15B_1",2025-06-19,15,"B",2025-06-19 13:29:05,2025-06-19 13:30:39,2025-06-19 13:28:40,6.33819,0.04696,318,99.9032263157895,33.6015652631579,"2025-06-19_hudsoncarbonfieldfluxes.json",FALSE,2025-06-19,"",1,FALSE,TRUE,"single",NA,TRUE,0.12394,6.41517,15.4193703360759,"HM",12.4988847898139,15.4193703360759,0.310779985909831,0.994265699639203,1.23365969007427,0.985455122959823,0.154140270090274,FALSE,"emission","",NA,NA,-0.214966845719193,"HM",-0.212940853182857,-0.214966845719193,0.0177777164037806,0.960962749546238,1.00951434403523,0.136286346792209,0.0213172713954466,FALSE,"uptake","AICc | Intercept",FALSE,NA,0.527240975114738,"HM",0.440894907330437,0.527240975114738,0.124614701807397,0.731958234100176,1.19584274245106,0.962611434524569,0.150620069935696,FALSE,"emission","SE | AICc | Intercept",FALSE,NA,"control"
"2025-06-19_15C_1",2025-06-19,15,"C",2025-06-19 13:32:21,2025-06-19 13:33:56,2025-06-19 13:31:56,6.23881,0.04696,318,99.90820625,34.584428125,"2025-06-19_hudsoncarbonfieldfluxes.json",FALSE,2025-06-19,"",1,FALSE,TRUE,"single",NA,TRUE,0.12394,6.31579,24.4542977190054,"LM",24.4542977190054,24.6328928843275,0.124702619419527,0.997535640569285,1.00730322200925,0.985455122959823,0.148765224451297,FALSE,"emission","RMSE | MAE | SE | AICc",NA,NA,-0.40137247909567,"HM",-0.393004297119925,-0.40137247909567,0.0142191527402405,0.992436920517861,1.02129285108858,0.136286346792209,0.020573914019844,FALSE,"uptake","AICc",FALSE,NA,0.595173380003977,"HM",0.590781214753533,0.595173380003977,0.107880892953768,0.83502813254089,1.00743450390899,0.962611434524569,0.145344810130513,FALSE,"emission","SE | AICc",FALSE,NA,"control"
"2025-07-09_1A_1",2025-07-09,1,"A",2025-07-09 15:04:20,2025-07-09 15:05:54,2025-07-09 15:03:55,6.22291,0.04696,318,100.769368421053,34.3745473684211,"2025-07-09_hudsoncarbonfieldfluxes.json",FALSE,2025-07-09,"",1,FALSE,TRUE,"single",NA,TRUE,0.12394,6.29989,18.4088866152315,"HM",16.6952242565353,18.4088866152315,0.154100246134733,0.998907909864907,1.10264386583639,0.755865046440557,0.116719424272614,FALSE,"emission","",NA,NA,-0.67249182139284,"HM",-0.662653667424285,-0.67249182139284,0.0161302586608803,0.99663911366077,1.01484660004493,0.136286346792447,0.021045111172611,FALSE,"uptake","AICc",FALSE,NA,-0.022222865919886,"HM",-0.022245950575959,-0.022222865919886,0.0921672524122088,-0.00230480518052056,0.998962298509381,1.03279890312258,0.159504370876448,TRUE,"below detection","SE | AICc | p-value | MDF | Intercept",FALSE,NA,"slurry"
"2025-07-09_1B_1",2025-07-09,1,"B",2025-07-09 15:07:43,2025-07-09 15:09:18,2025-07-09 15:07:18,6.22132,0.04696,318,100.769114583333,33.5930895833333,"2025-07-09_hudsoncarbonfieldfluxes.json",FALSE,2025-07-09,"",1,FALSE,TRUE,"single",NA,TRUE,0.12394,6.2983,15.5355424380495,"HM",12.7647066703388,15.5355424380495,0.201311242823099,0.996128125442785,1.21707006978463,0.755865046440557,0.116381064135833,FALSE,"emission","",NA,NA,-0.684482982941217,"HM",-0.610219329871618,-0.684482982941217,0.0214740899872631,0.992816733624313,1.12169993547275,0.136286346792447,0.0209841031035659,FALSE,"uptake","",FALSE,NA,0.0865762107262101,"HM",0.0864932551561598,0.0865762107262101,0.111243647421399,0.0835007146690832,1.00095909871701,1.03279890312258,0.159109263469504,TRUE,"below detection","SE | AICc | Intercept",FALSE,NA,"slurry"
"2025-07-09_1C_1",2025-07-09,1,"C",2025-07-09 15:10:58,2025-07-09 15:12:32,2025-07-09 15:10:33,6.00031,0.04696,318,100.756884210526,32.2059168421053,"2025-07-09_hudsoncarbonfieldfluxes.json",FALSE,2025-07-09,"",1,FALSE,TRUE,"single",NA,TRUE,0.12394,6.07729,14.278309234145,"HM",13.9429908751475,14.278309234145,0.174081757753703,0.999072341472732,1.02404924180186,0.755865046440557,0.114283706734584,FALSE,"emission","",NA,NA,-0.612894260226404,"HM",-0.607712222160055,-0.612894260226404,0.0178219028376739,0.995119415290345,1.00852712497361,0.136286346792447,0.0206059388009824,FALSE,"uptake","AICc",TRUE,"convex (accelerating) trace",0.0985217417357544,"HM",0.0985108522555937,0.0985217417357544,0.105387363435316,0.120192328816688,1.00011054091921,1.03279890312258,0.156219994163267,TRUE,"below detection","SE | AICc | Intercept",FALSE,NA,"slurry"
"2025-07-09_2A_1",2025-07-09,2,"A",2025-07-09 14:50:51,2025-07-09 14:52:26,2025-07-09 14:50:26,6.18316,0.04696,318,100.78325,33.1087322916667,"2025-07-09_hudsoncarbonfieldfluxes.json",FALSE,2025-07-09,"",1,FALSE,TRUE,"single",NA,TRUE,0.12394,6.26014,13.9849585350971,"HM",13.8177130469061,13.9849585350971,0.173623852158636,0.999140856505864,1.01210370251743,0.755865046440557,0.115906650482698,FALSE,"emission","AICc",NA,NA,-0.713505058488388,"HM",-0.70898117350198,-0.713505058488388,0.0196289306216729,0.995648357346271,1.00638082526799,0.136286346792447,0.0208985638873277,FALSE,"uptake","AICc",TRUE,"convex (accelerating) trace",0.0226112879523018,"HM",0.0226123200504192,0.0226112879523018,0.10687617748712,-0.0032508802362814,0.999954356823396,1.03279890312258,0.158437476753282,TRUE,"below detection","SE | AICc | p-value | MDF | Intercept",FALSE,NA,"control"
"2025-07-09_2B_1",2025-07-09,2,"B",2025-07-09 14:54:24,2025-07-09 14:55:59,2025-07-09 14:53:59,6.07186,0.04696,318,100.773072916667,32.2121364583333,"2025-07-09_hudsoncarbonfieldfluxes.json",FALSE,2025-07-09,"",1,FALSE,TRUE,"single",NA,TRUE,0.12394,6.14884,17.5603986711947,"HM",16.2822293999024,17.5603986711947,0.199292991341007,0.998810492298651,1.07850087601026,0.755865046440557,0.114064949676366,FALSE,"emission","",NA,NA,-0.757854724092053,"HM",-0.746280259438147,-0.757854724092053,0.0169114916670405,0.997062107053572,1.01550954149936,0.136286346792447,0.0205664957807766,FALSE,"uptake","AICc",FALSE,NA,0.108757320304151,"HM",0.108382892973047,0.108757320304151,0.109709154560788,0.133110329336143,1.00345467186595,1.03279890312258,0.155921680438552,TRUE,"below detection","SE | AICc | Intercept",FALSE,NA,"control"
"2025-07-09_2C_1",2025-07-09,2,"C",2025-07-09 14:57:38,2025-07-09 14:59:12,2025-07-09 14:57:13,6.23086,0.04696,318,100.778694736842,31.6855642105263,"2025-07-09_hudsoncarbonfieldfluxes.json",FALSE,2025-07-09,"",1,FALSE,TRUE,"single",NA,TRUE,0.12394,6.30784,14.6754101957771,"HM",14.4700281269821,14.6754101957771,0.117072713219674,0.999665201305258,1.01419361918254,0.755865046440557,0.118664335433704,FALSE,"emission","AICc",NA,NA,-0.60262664905612,"HM",-0.596770553548911,-0.60262664905612,0.0168403260435244,0.995508852928912,1.00981297664971,0.136286346792447,0.0213957886357758,FALSE,"uptake","AICc",TRUE,"convex (accelerating) trace",0.14174108893339,"HM",0.14171506218277,0.14174108893339,0.10576033914951,0.225204302572062,1.00018365550012,1.03279890312258,0.162233744144317,TRUE,"below detection","SE | AICc",TRUE,"convex (accelerating) trace","control"
"2025-07-09_3A_1",2025-07-09,3,"A",2025-07-09 13:06:29,2025-07-09 13:08:04,2025-07-09 13:06:04,6.12751,0.04696,318,100.7790625,34.0739520833333,"2025-07-09_hudsoncarbonfieldfluxes.json",FALSE,2025-07-09,"",1,FALSE,TRUE,"single",NA,TRUE,0.12394,6.20449,19.9732263396447,"HM",19.6862355822051,19.9732263396447,0.220502830534343,0.9993008255768,1.01457824459334,0.755865046440557,0.113361270407511,FALSE,"emission","AICc",NA,NA,-0.906477515242086,"HM",-0.857744600342264,-0.906477515242086,0.0157647415832943,0.997929395717687,1.05681518120939,0.136286346792447,0.0204396187974879,FALSE,"uptake","",FALSE,NA,0.775761550820726,"HM",0.469303789833321,0.775761550820726,0.169659611306285,0.717460848382061,1.65300508460894,1.03279890312258,0.154910389841823,FALSE,"emission","SE | Intercept",FALSE,NA,"compost"
"2025-07-09_3B_1",2025-07-09,3,"B",2025-07-09 13:10:00,2025-07-09 13:11:34,2025-07-09 13:09:35,5.97646,0.04696,318,100.786736842105,34.45922,"2025-07-09_hudsoncarbonfieldfluxes.json",FALSE,2025-07-09,"",1,FALSE,TRUE,"single",NA,TRUE,0.12394,6.05344,20.9878964053959,"LM",20.9878964053959,21.1048990438449,0.157227374866381,0.994752100119315,1.00557476729392,0.755865046440557,0.111612362169743,FALSE,"emission","RMSE | MAE | SE | AICc",NA,NA,-0.712504026297857,"HM",-0.704571082583163,-0.712504026297857,0.0186005345312224,0.996049155799381,1.01125925248821,0.136286346792447,0.0201242816672382,FALSE,"uptake","AICc",TRUE,"convex (accelerating) trace",2.53482816779683,"HM",2.49858400817078,2.53482816779683,0.132385039667879,0.984008012907751,1.0145058799334,1.03279890312258,0.15253415724643,FALSE,"emission","SE | AICc",FALSE,NA,"compost"
"2025-07-09_3C_1",2025-07-09,3,"C",2025-07-09 13:13:13,2025-07-09 13:14:48,2025-07-09 13:12:48,6.35011,0.04696,318,100.789166666667,33.562434375,"2025-07-09_hudsoncarbonfieldfluxes.json",FALSE,2025-07-09,"",1,FALSE,TRUE,"single",NA,TRUE,0.12394,6.42709,15.6838090558885,"HM",15.4865372460692,15.6838090558885,0.218629774441811,0.998902207075673,1.01273827755585,0.755865046440557,0.117866496491202,FALSE,"emission","AICc",NA,NA,-0.739447219083376,"HM",-0.730473491588899,-0.739447219083376,0.0175585477896348,0.996720570857546,1.01228480923374,0.136286346792447,0.0212519341801235,FALSE,"uptake","AICc",TRUE,"convex (accelerating) trace",0.24430038142424,"HM",0.244008197662623,0.24430038142424,0.115441167647619,0.424959024786968,1.00119743420269,1.03279890312258,0.161129182829549,FALSE,"emission","SE | AICc | Intercept",TRUE,"convex (accelerating) trace","compost"
"2025-07-09_4A_1",2025-07-09,4,"A",2025-07-09 15:15:07,2025-07-09 15:16:41,2025-07-09 15:14:42,6.16726,0.04696,318,100.749947368421,32.2721094736842,"2025-07-09_hudsoncarbonfieldfluxes.json",FALSE,2025-07-09,"",1,FALSE,TRUE,"single",NA,TRUE,0.12394,6.24424,11.884090723386,"HM",11.7268724099178,11.884090723386,0.149102496666884,0.99911041613018,1.01340667042094,0.755865046440557,0.117156894888273,FALSE,"emission","AICc",NA,NA,-0.680145683090695,"HM",-0.664328635060472,-0.680145683090695,0.0161069586550249,0.996612052710492,1.02380907158817,0.136286346792447,0.0211239893696092,FALSE,"uptake","AICc",FALSE,NA,0.16991360627003,"HM",0.138307305075681,0.16991360627003,0.153922959503281,0.148344655218546,1.22852228359922,1.03279890312258,0.160125360613653,FALSE,"emission","SE | AICc | Intercept",FALSE,NA,"compost"
"2025-07-09_4B_1",2025-07-09,4,"B",2025-07-09 15:18:20,2025-07-09 15:19:54,2025-07-09 15:17:55,6.17521,0.04696,318,100.750536842105,31.7569905263158,"2025-07-09_hudsoncarbonfieldfluxes.json",FALSE,2025-07-09,"",1,FALSE,TRUE,"single",NA,TRUE,0.12394,6.25219,14.310146560422,"HM",12.9509001829127,14.310146560422,0.129978869386149,0.998798624397091,1.10495381466245,0.755865046440557,0.117543137533316,FALSE,"emission","",NA,NA,-0.682714797618744,"HM",-0.657151755758758,-0.682714797618744,0.0144026934233087,0.997217592926645,1.03889975433524,0.136286346792447,0.0211936309006156,FALSE,"uptake","",FALSE,NA,0.148251142451568,"HM",0.148149396413367,0.148251142451568,0.107769860369642,0.235955948105585,1.00068677997119,1.03279890312258,0.160693144923493,TRUE,"below detection","SE | AICc | Intercept",FALSE,NA,"compost"
"2025-07-09_4C_1",2025-07-09,4,"C",2025-07-09 15:21:37,2025-07-09 15:23:11,2025-07-09 15:21:12,6.09571,0.04696,318,100.749547368421,32.0588694736842,"2025-07-09_hudsoncarbonfieldfluxes.json",FALSE,2025-07-09,"",1,FALSE,TRUE,"single",NA,TRUE,0.12394,6.17269,14.271306148551,"HM",14.1371212681388,14.271306148551,0.22219754618944,0.998681893288621,1.00949166933403,0.755865046440557,0.115627284371263,FALSE,"emission","AICc",NA,NA,-0.562030834405526,"HM",-0.55728727350052,-0.562030834405526,0.0134044990726497,0.996758804440112,1.00851187732174,0.136286346792447,0.0208481927437958,FALSE,"uptake","AICc",TRUE,"convex (accelerating) trace",0.0670860488657611,"LM",0.0670860488657611,0.212127338973234,0.0238036317932351,0.0687802775618703,3.16201866945093,1.03279890312258,0.158067806620581,TRUE,"below detection","SE | g-fact. > 2 | Intercept",FALSE,NA,"compost"
"2025-07-09_5A_1",2025-07-09,5,"A",2025-07-09 14:39:56,2025-07-09 14:41:30,2025-07-09 14:39:31,6.03211,0.04696,318,100.811263157895,33.4897378947368,"2025-07-09_hudsoncarbonfieldfluxes.json",FALSE,2025-07-09,"",1,FALSE,TRUE,"single",NA,TRUE,0.12394,6.10909,16.133037626239,"HM",15.2781160442048,16.133037626239,0.158930513044763,0.999202323161885,1.05595726459732,0.755865046440557,0.113949896996793,FALSE,"emission","",NA,NA,-0.759818769438162,"HM",-0.727319547996949,-0.759818769438162,0.0188144696324749,0.99616297225016,1.04468355282175,0.136286346792447,0.0205457511922267,FALSE,"uptake","",FALSE,NA,0.0465327287459001,"LM",0.0465327287459001,0.121000449409647,0.0289809884416467,0.0165105464022823,2.60032997571216,1.03279890312258,0.155768049245386,TRUE,"below detection","SE | AICc | g-fact. > 2 | p-value | Intercept",FALSE,NA,"control"
"2025-07-09_5B_1",2025-07-09,5,"B",2025-07-09 14:43:38,2025-07-09 14:45:12,2025-07-09 14:43:13,6.18316,0.04696,318,100.810115789474,33.4081305263158,"2025-07-09_hudsoncarbonfieldfluxes.json",FALSE,2025-07-09,"",1,FALSE,TRUE,"single",NA,TRUE,0.12394,6.26014,14.4892462164429,"HM",14.0098786963201,14.4892462164429,0.0837295592566975,0.999720465509592,1.03421639334027,0.755865046440557,0.116525086557754,FALSE,"emission","",NA,NA,-0.819465719774234,"HM",-0.808806987276011,-0.819465719774234,0.0164993686622467,0.99763975222232,1.01317833879517,0.136286346792447,0.0210100710853269,FALSE,"uptake","AICc",FALSE,NA,0.0837320149952123,"HM",0.0834936657992231,0.0837320149952123,0.111375531391279,0.0781415725910651,1.00285469794274,1.03279890312258,0.159280211909375,TRUE,"below detection","SE | AICc | Intercept",FALSE,NA,"control"
"2025-07-09_5C_1",2025-07-09,5,"C",2025-07-09 14:46:53,2025-07-09 14:48:28,2025-07-09 14:46:28,6.31036,0.04696,318,100.80115625,33.4513135416667,"2025-07-09_hudsoncarbonfieldfluxes.json",FALSE,2025-07-09,"",1,FALSE,TRUE,"single",NA,TRUE,0.12394,6.38734,14.330019279682,"HM",13.7291062593633,14.330019279682,0.20690684003636,0.998597124847184,1.04376927448638,0.755865046440557,0.1175032519234,FALSE,"emission","",NA,NA,-0.727699531854328,"HM",-0.719088157022627,-0.727699531854328,0.0156764474524149,0.997299928711711,1.0119754090616,0.136286346792447,0.0211864393204643,FALSE,"uptake","AICc",TRUE,"convex (accelerating) trace",0.0681601454317807,"LM",0.0681601454317807,0.148559948908589,0.0288109376294756,0.0461548933237458,2.17957206469399,1.03279890312258,0.160628361970156,TRUE,"below detection","SE | AICc | g-fact. > 2 | Intercept",FALSE,NA,"control"
"2025-07-09_6A_1",2025-07-09,6,"A",2025-07-09 13:19:44,2025-07-09 13:21:18,2025-07-09 13:19:19,5.96851,0.04696,318,100.803115789474,35.0948031578947,"2025-07-09_hudsoncarbonfieldfluxes.json",FALSE,2025-07-09,"",1,FALSE,TRUE,"single",NA,TRUE,0.12394,6.04549,14.150302990497,"HM",14.0073970539324,14.150302990497,0.341446846129605,0.996649289088671,1.01020217646536,0.755865046440557,0.111601466232704,FALSE,"emission","AICc",NA,NA,-0.757153454769636,"HM",-0.748058425828353,-0.757153454769636,0.0180732340919327,0.996699476496801,1.01215817993255,0.136286346792447,0.0201223170738747,FALSE,"uptake","AICc",FALSE,NA,0.112881734276037,"HM",0.112662161495136,0.112881734276037,0.133072755436838,0.0998432712627483,1.00194894876849,1.03279890312258,0.152606255262649,TRUE,"below detection","SE | AICc | Intercept",FALSE,NA,"slurry"
"2025-07-09_6B_1",2025-07-09,6,"B",2025-07-09 13:22:58,2025-07-09 13:24:33,2025-07-09 13:22:33,6.66811,0.04696,318,100.80490625,36.6167364583333,"2025-07-09_hudsoncarbonfieldfluxes.json",FALSE,2025-07-09,"",1,FALSE,TRUE,"single",NA,TRUE,0.12394,6.74509,25.993924397393,"HM",23.5744982964673,25.993924397393,0.235580021616248,0.998826027569254,1.10262895398662,0.755865046440557,0.121439834294901,FALSE,"emission","",NA,NA,-0.741364191395176,"HM",-0.733696662572318,-0.741364191395176,0.018086682414435,0.996559485245023,1.01045054341119,0.136286346792447,0.0218962253236481,FALSE,"uptake","AICc",TRUE,"convex (accelerating) trace",0.133617893505108,"LM",0.133617893505108,0.528974001057323,0.0371113373519454,0.111845008162591,3.95885601232817,1.03279890312258,0.166000690113793,TRUE,"below detection","SE | g-fact. > 2 | Intercept",FALSE,NA,"slurry"
"2025-07-09_6C_1",2025-07-09,6,"C",2025-07-09 13:26:19,2025-07-09 13:27:53,2025-07-09 13:25:54,6.36601,0.04696,318,100.805915789474,36.4581073684211,"2025-07-09_hudsoncarbonfieldfluxes.json",FALSE,2025-07-09,"",1,FALSE,TRUE,"single",NA,TRUE,0.12394,6.44299,23.7245825244486,"HM",22.8987230492365,23.7245825244486,0.201243883887636,0.999479334338449,1.03606574364153,0.755865046440557,0.11742409826918,FALSE,"emission","",NA,NA,-0.685913073696099,"HM",-0.679022147150878,-0.685913073696099,0.0207989068361201,0.99466777146283,1.01014830896773,0.136286346792447,0.0211721675104108,FALSE,"uptake","AICc",TRUE,"convex (accelerating) trace",0.202061506183435,"HM",0.201585664267351,0.202061506183435,0.131534829681039,0.279575394496487,1.00236049481898,1.03279890312258,0.16049813732771,FALSE,"emission","SE | AICc | Intercept",FALSE,NA,"slurry"
"2025-07-09_7A_1",2025-07-09,7,"A",2025-07-09 15:25:07,2025-07-09 15:26:41,2025-07-09 15:24:42,6.16726,0.04696,318,100.749147368421,33.0800873684211,"2025-07-09_hudsoncarbonfieldfluxes.json",FALSE,2025-07-09,"",1,FALSE,TRUE,"single",NA,TRUE,0.12394,6.24424,15.6680412199684,"HM",14.4303339834774,15.6680412199684,0.179821128405207,0.998720877405214,1.08577121208061,0.755865046440557,0.116538152974096,FALSE,"emission","",NA,NA,-0.596686740965075,"HM",-0.588184616938972,-0.596686740965075,0.014012075584153,0.996755808489415,1.01445485614763,0.136286346792447,0.021012427027247,FALSE,"uptake","AICc",FALSE,NA,0.160146544772693,"HM",0.0988818975662397,0.160146544772693,0.168386978250424,0.0985972705227879,1.61957394340469,1.03279890312258,0.159303043663583,FALSE,"emission","SE | AICc | Intercept",FALSE,NA,"control"
"2025-07-09_7B_1",2025-07-09,7,"B",2025-07-09 15:28:23,2025-07-09 15:29:57,2025-07-09 15:27:58,6.32626,0.04696,318,100.744557894737,32.4466136842105,"2025-07-09_hudsoncarbonfieldfluxes.json",FALSE,2025-07-09,"",1,FALSE,TRUE,"single",NA,TRUE,0.12394,6.40324,13.3360285369725,"HM",13.1882940802469,13.3360285369725,0.145281595267676,0.999370681655181,1.01120193831186,0.755865046440557,0.120181493668496,FALSE,"emission","AICc",NA,NA,-0.616017881324416,"HM",-0.611945331676569,-0.616017881324416,0.0189650159512538,0.994569932918199,1.0066550873698,0.136286346792447,0.0216693400512031,FALSE,"uptake","AICc",TRUE,"convex (accelerating) trace",0.179808393129454,"LM",0.179808393129454,0.671212754843503,0.0295553222549012,0.276992633465702,3.73293339182593,1.03279890312258,0.164315512460697,FALSE,"emission","SE | g-fact. > 2 | Intercept (LM)",FALSE,NA,"control"
"2025-07-09_7C_1",2025-07-09,7,"C",2025-07-09 15:31:33,2025-07-09 15:33:07,2025-07-09 15:31:08,6.22291,0.04696,318,100.737989473684,33.1324821052632,"2025-07-09_hudsoncarbonfieldfluxes.json",FALSE,2025-07-09,"",1,FALSE,TRUE,"single",NA,TRUE,0.12394,6.29989,13.8269229374798,"HM",13.6316166979129,13.8269229374798,0.137562791569627,0.999447925840457,1.01432744507823,0.755865046440557,0.11756087807009,FALSE,"emission","AICc",NA,NA,-0.555538584690119,"HM",-0.550804319874797,-0.555538584690119,0.0192649916110071,0.993035096740745,1.00859518461365,0.136286346792447,0.0211968296104361,FALSE,"uptake","AICc",TRUE,"convex (accelerating) trace",0.144624756970124,"HM",0.0876228629829535,0.144624756970124,0.16202588796993,0.0850331274383769,1.65053676685113,1.03279890312258,0.160724822985964,TRUE,"below detection","SE | AICc | Intercept",FALSE,NA,"control"
"2025-07-09_8A_1",2025-07-09,8,"A",2025-07-09 14:26:37,2025-07-09 14:28:11,2025-07-09 14:26:12,6.22291,0.04696,318,100.811421052632,36.5409915789474,"2025-07-09_hudsoncarbonfieldfluxes.json",FALSE,2025-07-09,"",1,FALSE,TRUE,"single",NA,TRUE,0.12394,6.29989,13.6171906972396,"HM",13.5876268308536,13.6171906972396,0.861436153204167,0.977127669035603,1.00217579322379,0.755865046440557,0.115370486568441,FALSE,"emission","SE | AICc",NA,NA,-0.706797624937925,"HM",-0.701642074299172,-0.706797624937925,0.0216318935503513,0.994613796815086,1.00734783563814,0.136286346792447,0.0208018907821219,FALSE,"uptake","AICc",TRUE,"convex (accelerating) trace",-0.0272871727667671,"HM",-0.0195712939350921,-0.0272871727667671,0.173581572333676,-0.007331538789767,1.39424469619968,1.03279890312258,0.157688806547682,TRUE,"below detection","SE | AICc | p-value | MDF | Intercept",FALSE,NA,"compost"
"2025-07-09_8B2_1",2025-07-09,8,"B",2025-07-09 14:32:39,2025-07-09 14:34:14,2025-07-09 14:32:14,5.64256,0.04696,318,100.804791666667,35.050046875,"2025-07-09_hudsoncarbonfieldfluxes.json",FALSE,2025-07-09,"",1,FALSE,TRUE,"single",NA,TRUE,0.12394,5.71954,12.8445375027783,"HM",12.7618065225184,12.8445375027783,0.273478543875529,0.997462049404358,1.00648270134122,0.755865046440557,0.104264429116041,FALSE,"emission","AICc",NA,NA,-0.64707438770591,"HM",-0.640432401858896,-0.64707438770591,0.0150842670739713,0.996866997597096,1.01037109588418,0.136286346792447,0.0187994116298151,FALSE,"uptake","AICc",TRUE,"convex (accelerating) trace",0.136412859135344,"LM",0.136412859135344,0.43305070392335,0.0238540635966601,0.250214304854602,3.17455925099914,1.03279890312258,0.142508096249665,TRUE,"below detection","SE | g-fact. > 2 | Intercept",FALSE,NA,"compost"
"2025-07-09_8C_1",2025-07-09,8,"C",2025-07-09 14:35:55,2025-07-09 14:37:29,2025-07-09 14:35:30,6.27856,0.04696,318,100.800968421053,34.0871168421053,"2025-07-09_hudsoncarbonfieldfluxes.json",FALSE,2025-07-09,"",1,FALSE,TRUE,"single",NA,TRUE,0.12394,6.35554,19.3586674609946,"HM",17.1504000158055,19.3586674609946,0.25799201339186,0.997820778760244,1.12875894691401,0.755865046440557,0.117983763068994,FALSE,"emission","",NA,NA,-1.03036112760308,"HM",-0.993951741457055,-1.03036112760308,0.0165181430533764,0.998361541150242,1.03663093953903,0.136286346792447,0.0212730779458836,FALSE,"uptake","",FALSE,NA,0.0204463461265636,"HM",0.0146364788318984,0.0204463461265636,0.111048561822866,-0.00660341947128784,1.39694433076372,1.03279890312258,0.161271307995972,TRUE,"below detection","SE | AICc | p-value | MDF | Intercept",FALSE,NA,"compost"
"2025-07-09_9A_1",2025-07-09,9,"A",2025-07-09 13:31:00,2025-07-09 13:32:35,2025-07-09 13:30:35,6.19111,0.04696,318,100.8049375,33.6536479166667,"2025-07-09_hudsoncarbonfieldfluxes.json",FALSE,2025-07-09,"",1,FALSE,TRUE,"single",NA,TRUE,0.12394,6.26809,16.8826478448303,"HM",12.6567979878736,16.8826478448303,0.418793451733221,0.990097621929214,1.33387985341992,0.755865046440557,0.115138215451765,FALSE,"emission","",NA,NA,-0.681813888768268,"HM",-0.55282161791699,-0.681813888768268,0.017645261659569,0.99243299478684,1.23333434632552,0.136286346792447,0.0207600111078252,FALSE,"uptake","",FALSE,NA,0.115993669142852,"LM",0.115993669142852,0.316322230570793,0.0272842304631971,0.152342887042667,2.72706461402844,1.03279890312258,0.157323431846145,TRUE,"below detection","SE | g-fact. > 2 | Intercept (HM)",FALSE,NA,"compost"
"2025-07-09_9B_1",2025-07-09,9,"B",2025-07-09 13:34:14,2025-07-09 13:35:48,2025-07-09 13:33:49,6.23086,0.04696,318,100.807652631579,33.5602431578947,"2025-07-09_hudsoncarbonfieldfluxes.json",FALSE,2025-07-09,"",1,FALSE,TRUE,"single",NA,TRUE,0.12394,6.30784,19.7242334765465,"HM",14.0063734486638,19.7242334765465,0.424534910206304,0.988760071668711,1.40823272696817,0.755865046440557,0.117252705389368,FALSE,"emission","",NA,NA,-0.590355785816734,"HM",-0.585920346940009,-0.590355785816734,0.0182148618229966,0.994500105301935,1.00757003729242,0.136286346792447,0.0211412644946333,FALSE,"uptake","AICc",TRUE,"convex (accelerating) trace",0.254200405885502,"HM",0.218113100877036,0.254200405885502,0.163635880800801,0.267653605663674,1.16545225785778,1.03279890312258,0.160284592304134,FALSE,"emission","SE | AICc | Intercept",FALSE,NA,"compost"
"2025-07-09_9C_1",2025-07-09,9,"C",2025-07-09 13:37:30,2025-07-09 13:39:04,2025-07-09 13:37:05,6.15931,0.04696,318,100.811831578947,34.6803168421053,"2025-07-09_hudsoncarbonfieldfluxes.json",FALSE,2025-07-09,"",1,FALSE,TRUE,"single",NA,TRUE,0.12394,6.23629,15.0700017808458,"LM",15.0700017808458,15.1453645738547,0.113418460823026,0.994703523703775,1.00500084831475,0.755865046440557,0.115043968350191,FALSE,"emission","MAE | SE | AICc",NA,NA,-0.718192426943874,"HM",-0.712296990671912,-0.718192426943874,0.0172503233425887,0.99672218414487,1.00827665475099,0.136286346792447,0.0207430178717578,FALSE,"uptake","AICc",TRUE,"convex (accelerating) trace",0.187500249236002,"HM",0.187442890657129,0.187500249236002,0.109632282133682,0.326799713203646,1.00030600562481,1.03279890312258,0.157259358083441,FALSE,"emission","SE | AICc",TRUE,"convex (accelerating) trace","compost"
"2025-07-09_10A_1",2025-07-09,10,"A",2025-07-09 15:36:38,2025-07-09 15:38:12,2025-07-09 15:36:13,6.35011,0.04696,318,100.733663157895,32.9528084210526,"2025-07-09_hudsoncarbonfieldfluxes.json",FALSE,2025-07-09,"",1,FALSE,TRUE,"single",NA,TRUE,0.12394,6.42709,14.0794809433194,"HM",13.9206175351235,14.0794809433194,0.172580172164945,0.99919175052912,1.01141209488696,0.755865046440557,0.120197047006342,FALSE,"emission","AICc",NA,NA,-0.508377059046909,"HM",-0.500690060038297,-0.508377059046909,0.0155602439572346,0.994490340067078,1.01535280929688,0.136286346792447,0.0216721443978328,FALSE,"uptake","AICc",FALSE,NA,0.0900362675450951,"LM",0.0900362675450951,0.313154340014821,0.0296335322414061,0.0805174438140084,3.47809109099259,1.03279890312258,0.16430740912164,TRUE,"below detection","SE | g-fact. > 2 | Intercept (HM)",FALSE,NA,"control"
"2025-07-09_10B_1",2025-07-09,10,"B",2025-07-09 15:39:51,2025-07-09 15:41:26,2025-07-09 15:39:26,5.99236,0.04696,318,100.731854166667,32.8537791666667,"2025-07-09_hudsoncarbonfieldfluxes.json",FALSE,2025-07-09,"",1,FALSE,TRUE,"single",NA,TRUE,0.12394,6.06934,13.0965915832013,"HM",12.8995415743492,13.0965915832013,0.093925549183729,0.999709792261893,1.01527573733658,0.755865046440557,0.11205649521573,FALSE,"emission","AICc",NA,NA,-0.595755259194208,"HM",-0.59059783385518,-0.595755259194208,0.0159539046725041,0.995841982165513,1.00873255038096,0.136286346792447,0.0202043611346144,FALSE,"uptake","AICc",TRUE,"convex (accelerating) trace",0.0140263106559606,"HM",0.0109979865403189,0.0140263106559606,0.121169697676554,-0.00881415568048638,1.27535259336241,1.03279890312258,0.15319651666612,TRUE,"below detection","SE | AICc | p-value | MDF | Intercept",FALSE,NA,"control"
"2025-07-09_10C_1",2025-07-09,10,"C",2025-07-09 15:43:15,2025-07-09 15:44:50,2025-07-09 15:42:50,5.98044,0.04696,318,100.73,32.523634375,"2025-07-09_hudsoncarbonfieldfluxes.json",FALSE,2025-07-09,"",1,FALSE,TRUE,"single",NA,TRUE,0.12394,6.05742,11.4614331635942,"HM",11.3171122528912,11.4614331635942,0.144382957526569,0.999102786951967,1.01275245022564,0.755865046440557,0.112230770481064,FALSE,"emission","AICc",NA,NA,-0.450134947452041,"HM",-0.446988843806029,-0.450134947452041,0.0158254684084225,0.992789851921243,1.00703843885503,0.136286346792447,0.0202357838592934,FALSE,"uptake","AICc",TRUE,"convex (accelerating) trace",0.156772598334803,"HM",0.156535986236212,0.156772598334803,0.100688458561501,0.283007052765125,1.00151155082151,1.03279890312258,0.153432198303221,FALSE,"emission","SE | AICc | Intercept",FALSE,NA,"control"
"2025-07-09_11A_1",2025-07-09,11,"A",2025-07-09 14:15:43,2025-07-09 14:17:18,2025-07-09 14:15:18,6.21894,0.04696,318,100.825270833333,34.7744239583333,"2025-07-09_hudsoncarbonfieldfluxes.json",FALSE,2025-07-09,"",1,FALSE,TRUE,"single",NA,TRUE,0.12394,6.29592,10.8337346607887,"HM",10.8044710134729,10.8337346607887,0.569136098388838,0.983962813197147,1.00270847571152,0.755865046440557,0.114960015581552,FALSE,"emission","SE | AICc",NA,NA,-0.484983256673011,"HM",-0.48217619106928,-0.484983256673011,0.0204184299672093,0.98964924108885,1.00582165950066,0.136286346792447,0.0207278807567466,FALSE,"uptake","AICc | Intercept",TRUE,"convex (accelerating) trace",-0.00666655294815665,"HM",-0.00667480829762073,-0.00666655294815665,0.0384724501133942,-0.0101267020262905,0.998763208005986,1.03279890312258,0.157104767748781,TRUE,"below detection","AICc | p-value | MDF | Intercept",TRUE,"convex (accelerating) trace","slurry"
"2025-07-09_11B_1",2025-07-09,11,"B",2025-07-09 14:18:56,2025-07-09 14:20:30,2025-07-09 14:18:31,6.19906,0.04696,318,100.806715789474,35.0634557894737,"2025-07-09_hudsoncarbonfieldfluxes.json",FALSE,2025-07-09,"",1,FALSE,TRUE,"single",NA,TRUE,0.12394,6.27604,12.9776544752267,"HM",12.7820024724674,12.9776544752267,0.167983583564529,0.999022170051531,1.01530683499559,0.755865046440557,0.115941608057071,FALSE,"emission","AICc",NA,NA,-0.486666103100422,"HM",-0.481076896616475,-0.486666103100422,0.01426152408151,0.994981227033576,1.01161811453274,0.136286346792447,0.0209048669173811,FALSE,"uptake","AICc",FALSE,NA,0.0310728565069368,"HM",0.0310888197089715,0.0310728565069368,0.121985001413481,0.000523231311155836,0.999486529170804,1.03279890312258,0.158482360803055,TRUE,"below detection","SE | AICc | p-value | Intercept",FALSE,NA,"slurry"
"2025-07-09_11C_1",2025-07-09,11,"C",2025-07-09 14:22:15,2025-07-09 14:23:49,2025-07-09 14:21:50,5.94069,0.04696,318,100.806642105263,35.4461305263158,"2025-07-09_hudsoncarbonfieldfluxes.json",FALSE,2025-07-09,"",1,FALSE,TRUE,"single",NA,TRUE,0.12394,6.01767,17.705338847334,"HM",13.1442944081906,17.705338847334,0.266633217204169,0.992255971587024,1.34699804321952,0.755865046440557,0.111212928490245,FALSE,"emission","",NA,NA,-0.56902866317528,"HM",-0.53752882173448,-0.56902866317528,0.0166556493800256,0.994577418690216,1.05860121386451,0.136286346792447,0.0200522617250262,FALSE,"uptake","",FALSE,NA,0.0874179846643403,"HM",0.0874350439167325,0.0874179846643403,0.120791284666871,0.0718862286606233,0.999804892276276,1.03279890312258,0.152042065468409,TRUE,"below detection","SE | AICc",FALSE,NA,"slurry"
"2025-07-09_12A_1",2025-07-09,12,"A",2025-07-09 13:41:40,2025-07-09 13:43:15,2025-07-09 13:41:15,6.33819,0.04696,318,100.8050625,34.199528125,"2025-07-09_hudsoncarbonfieldfluxes.json",FALSE,2025-07-09,"",1,FALSE,TRUE,"single",NA,TRUE,0.12394,6.41517,18.3963809775942,"HM",14.3117751846879,18.3963809775942,0.327787249509836,0.993520309312342,1.28540175765732,0.755865046440557,0.117860774793352,FALSE,"emission","",NA,NA,-0.699633251288588,"HM",-0.687431293661892,-0.699633251288588,0.016141138385377,0.996817582178856,1.01775007588278,0.136286346792447,0.0212509025286387,FALSE,"uptake","AICc",FALSE,NA,0.0586987208297502,"LM",0.0586987208297502,0.1430415566965,0.0339072855566057,0.0205871842513377,2.43687689739232,1.03279890312258,0.161104700488897,TRUE,"below detection","SE | AICc | g-fact. > 2 | p-value | Intercept (HM)",FALSE,NA,"slurry"
"2025-07-09_12B_1",2025-07-09,12,"B",2025-07-09 13:48:16,2025-07-09 13:49:51,2025-07-09 13:47:51,6.07981,0.04696,318,100.82315625,34.8545302083333,"2025-07-09_hudsoncarbonfieldfluxes.json",FALSE,2025-07-09,"",1,FALSE,TRUE,"single",NA,TRUE,0.12394,6.15679,17.2605955862877,"LM",17.2605955862877,17.3425353582363,0.126720920528845,0.994905355346537,1.00474721579212,0.755865046440557,0.112168062249242,FALSE,"emission","RMSE | MAE | SE | AICc",NA,NA,-0.632131596137408,"HM",-0.616893485660743,-0.632131596137408,0.0153823434396546,0.996397143344385,1.02470136389971,0.136286346792447,0.0202244772432921,FALSE,"uptake","AICc",FALSE,NA,0.167842298468691,"HM",0.167023349879009,0.167842298468691,0.106817796747254,0.286352879323022,1.00490319820717,1.03279890312258,0.153305765680313,FALSE,"emission","SE | AICc | Intercept",FALSE,NA,"slurry"
"2025-07-09_12C_1",2025-07-09,12,"C",2025-07-09 13:45:02,2025-07-09 13:46:37,2025-07-09 13:44:37,5.84131,0.04696,318,100.815989583333,34.8117354166667,"2025-07-09_hudsoncarbonfieldfluxes.json",FALSE,2025-07-09,"",1,FALSE,TRUE,"single",NA,TRUE,0.12394,5.91829,11.0867138519721,"HM",10.8913162856871,11.0867138519721,0.46757151145278,0.989351901517517,1.01794067504419,0.755865046440557,0.108394142602987,FALSE,"emission","SE | AICc",NA,NA,-0.451537605884186,"HM",-0.447734939078159,-0.451537605884186,0.0159265707693639,0.992716331900611,1.00849312053658,0.136286346792447,0.0195440201642164,FALSE,"uptake","AICc",TRUE,"convex (accelerating) trace",-0.0700983759386681,"LM",-0.0700983759386681,-0.2683714398599,0.03026992522374,0.0439079650855361,3.82849725498218,1.03279890312258,0.148190299119736,TRUE,"below detection","SE | g-fact. > 2 | Intercept",FALSE,NA,"slurry"
"2025-07-09_13A_1",2025-07-09,13,"A",2025-07-09 15:47:04,2025-07-09 15:48:39,2025-07-09 15:46:39,6.35806,0.04696,318,100.721708333333,33.3909,"2025-07-09_hudsoncarbonfieldfluxes.json",FALSE,2025-07-09,"",1,FALSE,TRUE,"single",NA,TRUE,0.12394,6.43504,15.3566643413254,"HM",15.1698083587081,15.3566643413254,0.178642450922981,0.999250184659803,1.01231762314981,0.755865046440557,0.118385318224223,FALSE,"emission","AICc",NA,NA,-0.618927153703357,"HM",-0.61484403407696,-0.618927153703357,0.0199985892095853,0.993930029154582,1.00664090305849,0.136286346792447,0.0213454804010566,FALSE,"uptake","AICc",TRUE,"convex (accelerating) trace",0.0691549157503084,"LM",0.0691549157503084,0.212552735168461,0.0301535428295631,0.0429156799219398,3.07357377074837,1.03279890312258,0.161821121700499,TRUE,"below detection","SE | g-fact. > 2 | Intercept (LM)",FALSE,NA,"slurry"
"2025-07-09_13B_1",2025-07-09,13,"B",2025-07-09 15:50:20,2025-07-09 15:51:55,2025-07-09 15:49:55,6.27856,0.04696,318,100.717864583333,32.7953020833333,"2025-07-09_hudsoncarbonfieldfluxes.json",FALSE,2025-07-09,"",1,FALSE,TRUE,"single",NA,TRUE,0.12394,6.35554,24.5084475232411,"HM",23.4609154290809,24.5084475232411,0.317418918197598,0.99883871050689,1.0446500946362,0.755865046440557,0.117348961076389,FALSE,"emission","",NA,NA,-0.583350762617276,"HM",-0.578748977525878,-0.583350762617276,0.021258110353399,0.992219816312567,1.0079512625855,0.136286346792447,0.0211586198889644,FALSE,"uptake","AICc",TRUE,"convex (accelerating) trace",0.62475743848754,"HM",0.394088969341905,0.62475743848754,0.190495201987829,0.5795820324382,1.58532079578586,1.03279890312258,0.16041895408136,FALSE,"emission","SE",FALSE,NA,"slurry"
"2025-07-09_13C_1",2025-07-09,13,"C",2025-07-09 15:53:35,2025-07-09 15:55:09,2025-07-09 15:53:10,6.00031,0.04696,318,100.7172,32.4502621052632,"2025-07-09_hudsoncarbonfieldfluxes.json",FALSE,2025-07-09,"",1,FALSE,TRUE,"single",NA,TRUE,0.12394,6.07729,17.1518517724767,"HM",16.9378459178891,17.1518517724767,0.181514277888802,0.999390596897178,1.0126347739627,0.755865046440557,0.113672094912101,FALSE,"emission","AICc",NA,NA,-0.564219761978431,"HM",-0.556712236214025,-0.564219761978431,0.0255298982604217,0.988025837718473,1.01348546928924,0.136286346792447,0.0204956620507426,FALSE,"uptake","AICc",TRUE,"closure sigma = 0.21 ppb = 1.5x campaign sigma (disturbed closure?)",0.149647292952762,"HM",0.149727659223575,0.149647292952762,0.184858147929709,0.0913465269975077,0.999463250335781,1.03279890312258,0.155418219033322,TRUE,"below detection","SE | AICc | Intercept",TRUE,"convex (accelerating) trace","slurry"
"2025-07-09_14A_1",2025-07-09,14,"A",2025-07-09 14:04:26,2025-07-09 14:06:00,2025-07-09 14:04:01,5.98044,0.04696,318,100.827315789474,36.1147284210526,"2025-07-09_hudsoncarbonfieldfluxes.json",FALSE,2025-07-09,"",1,FALSE,TRUE,"single",NA,TRUE,0.12394,6.05742,13.6097666196222,"LM",13.6097666196222,13.639341542338,0.214132993018387,0.977253815245503,1.00217306611806,0.755865046440557,0.110924187003034,FALSE,"emission","MAE | SE | AICc",NA,NA,-0.40487580626802,"HM",-0.40313941006502,-0.40487580626802,0.0208128163125195,0.984766114417701,1.00430718545408,0.136286346792447,0.0200002001531296,FALSE,"uptake","AICc",TRUE,"convex (accelerating) trace",-0.0367384211607939,"HM",-0.0367402136154664,-0.0367384211607939,0.0826081988742768,0.00380722290034841,0.999951212731334,1.03279890312258,0.151581076024055,TRUE,"below detection","SE | AICc | p-value | Intercept",FALSE,NA,"compost"
"2025-07-09_14B_1",2025-07-09,14,"B",2025-07-09 14:11:22,2025-07-09 14:12:57,2025-07-09 14:10:57,6.31831,0.04696,318,100.819541666667,35.2537125,"2025-07-09_hudsoncarbonfieldfluxes.json",FALSE,2025-07-09,"",1,FALSE,TRUE,"single",NA,TRUE,0.12394,6.39529,15.5285345228448,"LM",15.5285345228448,15.6034968700204,0.118814053784025,0.994468856630975,1.00482739353578,0.755865046440557,0.116369797315283,FALSE,"emission","RMSE | SE | AICc",NA,NA,-0.497656812743725,"HM",-0.49340218178641,-0.497656812743725,0.0177247627916387,0.992568671117551,1.0086230485279,0.136286346792447,0.020982071638002,FALSE,"uptake","AICc",TRUE,"convex (accelerating) trace",0.0533256530264534,"LM",0.0533256530264534,0.152231637369061,0.0332159582421822,0.0163328297092482,2.85475430171559,1.03279890312258,0.159040770039993,TRUE,"below detection","SE | g-fact. > 2 | p-value | Intercept",FALSE,NA,"compost"
"2025-07-09_14C_1",2025-07-09,14,"C",2025-07-09 14:07:46,2025-07-09 14:09:20,2025-07-09 14:07:21,6.45744,0.04696,318,100.820557894737,36.0476284210526,"2025-07-09_hudsoncarbonfieldfluxes.json",FALSE,2025-07-09,"",1,FALSE,TRUE,"single",NA,TRUE,0.12394,6.53442,13.4949809358165,"LM",13.4949809358165,13.5286252131486,0.190426075009092,0.981623300041269,1.00249309558066,0.755865046440557,0.119968090532938,FALSE,"emission","RMSE | MAE | SE | AICc",NA,NA,-0.29353012168424,"HM",-0.291656435900384,-0.29353012168424,0.0165269490836537,0.981688773834757,1.00642429088894,0.136286346792447,0.0216308623707281,FALSE,"uptake","AICc | Intercept",TRUE,"convex (accelerating) trace",0.0431319353579317,"HM",0.0431688769238313,0.0431319353579317,0.180452008319674,-0.00110270230524856,0.999144254645197,1.03279890312258,0.163985651557197,TRUE,"below detection","SE | AICc | p-value | Intercept",FALSE,NA,"compost"
"2025-07-09_15A_1",2025-07-09,15,"A",2025-07-09 13:52:10,2025-07-09 13:53:44,2025-07-09 13:51:45,6.00031,0.04696,318,100.824210526316,34.4863063157895,"2025-07-09_hudsoncarbonfieldfluxes.json",FALSE,2025-07-09,"",1,FALSE,TRUE,"single",NA,TRUE,0.12394,6.07729,12.8368638431979,"HM",12.5885618060173,12.8368638431979,0.241302218129968,0.997866016215002,1.01972441657807,0.755865046440557,0.112521151197419,FALSE,"emission","AICc",NA,NA,-0.484960375164056,"HM",-0.480965887949483,-0.484960375164056,0.015384689653788,0.994190781191125,1.0083051362158,0.136286346792447,0.0202881409926168,FALSE,"uptake","AICc",TRUE,"convex (accelerating) trace",0.153106532579624,"LM",0.153106532579624,0.576566308775605,0.0247230580107837,0.284363319344763,3.76578516318862,1.03279890312258,0.153797544497778,TRUE,"below detection","SE | g-fact. > 2 | Intercept",FALSE,NA,"control"
"2025-07-09_15B_1",2025-07-09,15,"B",2025-07-09 13:55:45,2025-07-09 13:57:20,2025-07-09 13:55:20,6.33819,0.04696,318,100.831572916667,34.9905677083333,"2025-07-09_hudsoncarbonfieldfluxes.json",FALSE,2025-07-09,"",1,FALSE,TRUE,"single",NA,TRUE,0.12394,6.41517,10.4070125753546,"HM",10.2344048016853,10.4070125753546,0.516001271067107,0.985376963504773,1.01686544327823,0.755865046440557,0.11740061484261,FALSE,"emission","SE | AICc",NA,NA,-0.513396212342676,"HM",-0.509324585533522,-0.513396212342676,0.0197421378333512,0.991317983301517,1.00799416899321,0.136286346792447,0.0211679333280888,FALSE,"uptake","AICc",TRUE,"convex (accelerating) trace",0.102863983813172,"HM",0.102942112957221,0.102863983813172,0.117641509121245,0.102686522858562,0.999241038076598,1.03279890312258,0.160489602559944,TRUE,"below detection","SE | AICc",TRUE,"convex (accelerating) trace","control"
"2025-07-09_15C_1",2025-07-09,15,"C",2025-07-09 13:58:58,2025-07-09 14:00:32,2025-07-09 13:58:33,6.23881,0.04696,318,100.833757894737,35.605072631579,"2025-07-09_hudsoncarbonfieldfluxes.json",FALSE,2025-07-09,"",1,FALSE,TRUE,"single",NA,TRUE,0.12394,6.31579,20.5936663846451,"HM",20.4538532877695,20.5936663846451,0.417754099625899,0.997720039676984,1.00683553826795,0.755865046440557,0.115817399760765,FALSE,"emission","RMSE | AICc",NA,NA,-0.570177225376699,"HM",-0.56533414290726,-0.570177225376699,0.0163369856261819,0.995279619387809,1.00856676096818,0.136286346792447,0.0208824715241499,FALSE,"uptake","AICc",TRUE,"convex (accelerating) trace",0.141053099276109,"HM",0.11779792715892,0.141053099276109,0.144943896727284,0.119031545884552,1.19741580075357,1.03279890312258,0.158294896343615,TRUE,"below detection","SE | AICc",FALSE,NA,"control"
"2025-07-23_1A_1",2025-07-23,1,"A",2025-07-23 13:09:15,2025-07-23 13:10:50,2025-07-23 13:08:50,6.22291,0.04696,318,101.529052083333,34.12725,"2025-07-23_hudsoncarbonfieldfluxes.json",FALSE,2025-07-23,"",1,FALSE,TRUE,"single",NA,TRUE,0.12394,6.29989,8.52200843826785,"HM",8.38262132720667,8.52200843826785,0.184283094484386,0.997175642111017,1.01662810541242,0.616433630106882,0.0965189178714465,FALSE,"emission","AICc",NA,NA,-0.498132902552055,"HM",-0.495498898606803,-0.498132902552055,0.0204934861467781,0.990135960214751,1.00531586236147,0.136286346792209,0.021339216536184,FALSE,"uptake","AICc",TRUE,"convex (accelerating) trace",0.139814676671746,"LM",0.139814676671746,0.286527268558148,0.0308514246853756,0.170579883733581,2.04933613107621,1.04309376408799,0.163362435550558,TRUE,"below detection","SE | AICc | g-fact. > 2 | Intercept",FALSE,NA,"slurry"
"2025-07-23_1B_1",2025-07-23,1,"B",2025-07-23 13:12:32,2025-07-23 13:14:07,2025-07-23 13:12:07,6.22132,0.04696,318,101.531083333333,35.1311677083333,"2025-07-23_hudsoncarbonfieldfluxes.json",FALSE,2025-07-23,"",1,FALSE,TRUE,"single",NA,TRUE,0.12394,6.2983,7.95747400457359,"HM",7.39050539612837,7.95747400457359,0.153143746169368,0.997335953667179,1.07671581009091,0.616433630106882,0.0961471152328696,FALSE,"emission","",NA,NA,-0.57078905956396,"HM",-0.56516157070679,-0.57078905956396,0.0176629104630208,0.994391696170462,1.00995730981873,0.136286346792209,0.0212570152725531,FALSE,"uptake","AICc",TRUE,"convex (accelerating) trace",0.074580017064846,"HM",0.0667541233606763,0.074580017064846,0.125084230586931,0.0435716227672838,1.11723461128964,1.04309376408799,0.162740160813186,TRUE,"below detection","SE | AICc | Intercept",FALSE,NA,"slurry"
"2025-07-23_1C_1",2025-07-23,1,"C",2025-07-23 13:15:51,2025-07-23 13:17:25,2025-07-23 13:15:26,6.00031,0.04696,318,101.514705263158,35.2894726315789,"2025-07-23_hudsoncarbonfieldfluxes.json",FALSE,2025-07-23,"",1,FALSE,TRUE,"single",NA,TRUE,0.12394,6.07729,10.8271516599604,"HM",9.95044867422385,10.8271516599604,0.236858791937814,0.996550472075984,1.08810687984428,0.616433630106882,0.0934746880444716,FALSE,"emission","",NA,NA,-0.664293047962958,"HM",-0.654033703370106,-0.664293047962958,0.0197919809443016,0.994749828835427,1.01568626286381,0.136286346792209,0.0206661725268194,FALSE,"uptake","AICc",FALSE,NA,0.152545170964072,"HM",0.152386540197942,0.152545170964072,0.125744125950582,0.191602060914389,1.00104097623007,1.04309376408799,0.158204841424118,TRUE,"below detection","SE | AICc",FALSE,NA,"slurry"
"2025-07-23_2A_1",2025-07-23,2,"A",2025-07-23 13:19:36,2025-07-23 13:21:11,2025-07-23 13:19:11,6.18316,0.04696,318,101.510927083333,33.7480739583333,"2025-07-23_hudsoncarbonfieldfluxes.json",FALSE,2025-07-23,"",1,FALSE,TRUE,"single",NA,TRUE,0.12394,6.26014,8.96054556688292,"HM",8.273085266442,8.96054556688292,0.129995258451227,0.998240147444283,1.08309600086312,0.616433630106882,0.0959912054816455,FALSE,"emission","",NA,NA,-0.72607119122789,"HM",-0.666719544667221,-0.72607119122789,0.0187840239875417,0.995339850411641,1.08902040900915,0.136286346792209,0.0212225454295954,FALSE,"uptake","",FALSE,NA,0.0493123796767111,"LM",0.0493123796767111,0.126323901052192,0.0282227932787637,0.0211523374921416,2.56170766611476,1.04309376408799,0.162426677005466,TRUE,"below detection","SE | AICc | g-fact. > 2 | p-value | Intercept",FALSE,NA,"control"
"2025-07-23_2B_1",2025-07-23,2,"B",2025-07-23 13:22:47,2025-07-23 13:24:22,2025-07-23 13:22:22,6.07186,0.04696,318,101.50796875,32.090325,"2025-07-23_hudsoncarbonfieldfluxes.json",FALSE,2025-07-23,"",1,FALSE,TRUE,"single",NA,TRUE,0.12394,6.14884,12.4526065275045,"HM",12.2610340710729,12.4526065275045,0.223384030585173,0.998072380137365,1.01562449425726,0.616433630106882,0.094752556238214,FALSE,"emission","AICc",NA,NA,-0.809020730658045,"HM",-0.800245052875416,-0.809020730658045,0.0163393809359865,0.99767125356462,1.01096623809306,0.136286346792209,0.020948694406388,FALSE,"uptake","AICc",TRUE,"convex (accelerating) trace",0.0812159229460822,"HM",0.0810442862407343,0.0812159229460822,0.126379069664969,0.0552754992747976,1.0021178137696,1.04309376408799,0.160395442455478,TRUE,"below detection","SE | AICc | Intercept",FALSE,NA,"control"
"2025-07-23_2C_1",2025-07-23,2,"C",2025-07-23 13:26:08,2025-07-23 13:27:43,2025-07-23 13:25:43,6.23086,0.04696,318,101.504104166667,32.8819708333333,"2025-07-23_hudsoncarbonfieldfluxes.json",FALSE,2025-07-23,"",1,FALSE,TRUE,"single",NA,TRUE,0.12394,6.30784,12.2010773391931,"HM",11.9054006982236,12.2010773391931,0.16944205746869,0.998791323557021,1.02483550520174,0.616433630106882,0.0967725701391563,FALSE,"emission","",NA,NA,-0.681727875224518,"HM",-0.675642908326123,-0.681727875224518,0.0189633489929003,0.995500226975758,1.0090061877708,0.136286346792209,0.021395296119181,FALSE,"uptake","AICc",TRUE,"convex (accelerating) trace",0.0830655826751388,"HM",0.082999108071885,0.0830655826751388,0.121622043885398,0.0631389687340395,1.00080090744103,1.04309376408799,0.163800991302304,TRUE,"below detection","SE | AICc | Intercept",FALSE,NA,"control"
"2025-07-23_3A_1",2025-07-23,3,"A",2025-07-23 15:35:54,2025-07-23 15:37:29,2025-07-23 15:35:29,6.12751,0.04696,318,101.44203125,34.753803125,"2025-07-23_hudsoncarbonfieldfluxes.json",FALSE,2025-07-23,"",1,FALSE,TRUE,"single",NA,TRUE,0.12394,6.20449,12.2958471544028,"HM",11.5518862468217,12.2958471544028,0.311568223625139,0.995774339097596,1.06440168226083,0.616433630106882,0.0939520431986905,FALSE,"emission","",NA,NA,-0.744873193155984,"HM",-0.734134543215208,-0.744873193155984,0.0200005026601462,0.995703059594101,1.01462763200563,0.136286346792209,0.0207717102309833,FALSE,"uptake","AICc",FALSE,NA,0.0562745239255993,"LM",0.0562745239255993,0.158835828525802,0.0411518842576541,0.0090749043710644,2.82251749896275,1.04309376408799,0.158924963003388,TRUE,"below detection","SE | AICc | g-fact. > 2 | p-value | Intercept",FALSE,NA,"compost"
"2025-07-23_3B_1",2025-07-23,3,"B",2025-07-23 15:42:52,2025-07-23 15:44:27,2025-07-23 15:42:27,5.97646,0.04696,318,101.439427083333,35.098259375,"2025-07-23_hudsoncarbonfieldfluxes.json",FALSE,2025-07-23,"",1,FALSE,TRUE,"single",NA,TRUE,0.12394,6.05344,12.8453322693574,"HM",11.5267106077572,12.8453322693574,0.186328409097476,0.99785672093701,1.1143970475595,0.616433630106882,0.0918566499330231,FALSE,"emission","",NA,NA,-0.688756720333984,"HM",-0.680344397716719,-0.688756720333984,0.0157447911480076,0.996918924019731,1.01236480030628,0.136286346792209,0.0203084430123838,FALSE,"uptake","AICc",FALSE,NA,0.245247399742074,"HM",0.204662547523207,0.245247399742074,0.133342399125306,0.33504875158262,1.19830131457865,1.04309376408799,0.155507750710598,FALSE,"emission","SE | AICc | Intercept",FALSE,NA,"compost"
"2025-07-23_3C_1",2025-07-23,3,"C",2025-07-23 15:39:36,2025-07-23 15:41:11,2025-07-23 15:39:11,6.35011,0.04696,318,101.438010416667,34.3780322916667,"2025-07-23_hudsoncarbonfieldfluxes.json",FALSE,2025-07-23,"",1,FALSE,TRUE,"single",NA,TRUE,0.12394,6.42709,11.4761310317028,"HM",11.3228659145151,11.4761310317028,0.167252709514606,0.99876868702017,1.01353589438794,0.616433630106882,0.0976461296271265,FALSE,"emission","AICc",NA,NA,-0.792381907945949,"HM",-0.742621570030507,-0.792381907945949,0.0141537298284185,0.997737410968184,1.06700631913156,0.136286346792209,0.0215884300195823,FALSE,"uptake","",FALSE,NA,0.456484983591353,"HM",0.27904614864506,0.456484983591353,0.157549025050807,0.513053427594967,1.6358763086603,1.04309376408799,0.165273719366285,FALSE,"emission","SE | Intercept (HM)",FALSE,NA,"compost"
"2025-07-23_4A_1",2025-07-23,4,"A",2025-07-23 12:57:57,2025-07-23 12:59:32,2025-07-23 12:57:32,6.16726,0.04696,318,101.5075,33.80455625,"2025-07-23_hudsoncarbonfieldfluxes.json",FALSE,2025-07-23,"",1,FALSE,TRUE,"single",NA,TRUE,0.12394,6.24424,7.66153323113618,"HM",7.17208196157095,7.66153323113618,0.16179674517395,0.99694600356567,1.06824395931164,0.616433630106882,0.0955614240442223,FALSE,"emission","",NA,NA,-0.55458463160973,"HM",-0.547983357814476,-0.55458463160973,0.0150717967419878,0.995677063667897,1.01204648590348,0.136286346792209,0.0211275257240427,FALSE,"uptake","AICc",TRUE,"convex (accelerating) trace",0.107353042879182,"LM",0.107353042879182,0.468775719560609,0.0283239458487411,0.123337357673574,4.36667379878728,1.04309376408799,0.161784681566511,TRUE,"below detection","SE | g-fact. > 2 | Intercept",FALSE,NA,"compost"
"2025-07-23_4B_1",2025-07-23,4,"B",2025-07-23 13:01:50,2025-07-23 13:03:25,2025-07-23 13:01:25,6.17521,0.04696,318,101.5186875,36.2290677083333,"2025-07-23_hudsoncarbonfieldfluxes.json",FALSE,2025-07-23,"",1,FALSE,TRUE,"single",NA,TRUE,0.12394,6.25219,10.3543533481655,"HM",9.71052614141668,10.3543533481655,0.109969082976219,0.999015055193013,1.06630198996147,0.616433630106882,0.0946425030476301,FALSE,"emission","",NA,NA,-0.786520626802186,"HM",-0.777931476108169,-0.786520626802186,0.0151996329839911,0.997835779268114,1.01104101191147,0.136286346792209,0.0209243629186739,FALSE,"uptake","AICc",TRUE,"convex (accelerating) trace",0.0670984691459009,"LM",0.0670984691459009,0.181737528951776,0.0308445116910358,0.0378019112658409,2.70851975112279,1.04309376408799,0.160212214927188,TRUE,"below detection","SE | AICc | g-fact. > 2 | Intercept",FALSE,NA,"compost"
"2025-07-23_4C_1",2025-07-23,4,"C",2025-07-23 13:05:18,2025-07-23 13:06:53,2025-07-23 13:04:53,6.09571,0.04696,318,101.524770833333,34.0790354166667,"2025-07-23_hudsoncarbonfieldfluxes.json",FALSE,2025-07-23,"",1,FALSE,TRUE,"single",NA,TRUE,0.12394,6.17269,11.1951790165939,"HM",10.225282153149,11.1951790165939,0.220479470354259,0.997008572903636,1.09485282155722,0.616433630106882,0.0940953963643583,FALSE,"emission","",NA,NA,-0.536538111424828,"HM",-0.530516353458584,-0.536538111424828,0.0182788453439936,0.993149851966348,1.01135074899574,0.136286346792209,0.0208034039580867,FALSE,"uptake","AICc",FALSE,NA,0.129456897918976,"HM",0.129076694768702,0.129456897918976,0.132264062495143,0.129994802053015,1.00294556000954,1.04309376408799,0.159258928350063,TRUE,"below detection","SE | AICc | Intercept",FALSE,NA,"compost"
"2025-07-23_5A_1",2025-07-23,5,"A",2025-07-23 13:30:15,2025-07-23 13:31:49,2025-07-23 13:29:50,6.03211,0.04696,318,101.487042105263,32.1458389473684,"2025-07-23_hudsoncarbonfieldfluxes.json",FALSE,2025-07-23,"",1,FALSE,TRUE,"single",NA,TRUE,0.12394,6.10909,8.86650959433004,"HM",8.73250208762914,8.86650959433004,0.151361118129524,0.998276998850712,1.01534583162491,0.616433630106882,0.0951412494085873,FALSE,"emission","AICc",NA,NA,-0.768482597169174,"HM",-0.732960397962271,-0.768482597169174,0.0152492412021724,0.997459729262294,1.04846400884094,0.136286346792209,0.0210346299712664,FALSE,"uptake","",FALSE,NA,0.0715691004019062,"LM",0.0715691004019062,0.176685815334076,0.0273640817597055,0.0584985230736422,2.46874439306729,1.04309376408799,0.16102684931182,TRUE,"below detection","SE | AICc | g-fact. > 2 | Intercept",FALSE,NA,"control"
"2025-07-23_5B_1",2025-07-23,5,"B",2025-07-23 13:33:35,2025-07-23 13:35:09,2025-07-23 13:33:10,6.18316,0.04696,318,101.486831578947,33.0897747368421,"2025-07-23_hudsoncarbonfieldfluxes.json",FALSE,2025-07-23,"",1,FALSE,TRUE,"single",NA,TRUE,0.12394,6.26014,8.29810385651537,"HM",7.72123120942343,8.29810385651537,0.139450519703896,0.997905186155334,1.07471252076843,0.616433630106882,0.0970367910328807,FALSE,"emission","",NA,NA,-0.696082452499601,"HM",-0.688251419307647,-0.696082452499601,0.0161165469984259,0.99690330133582,1.01137815770846,0.136286346792209,0.0214537123031676,FALSE,"uptake","AICc",TRUE,"convex (accelerating) trace",0.00304108774281723,"HM",0.00305643081297024,0.00304108774281723,0.0623542326941165,-0.0106359460196757,0.994980069534731,1.04309376408799,0.164286654242231,TRUE,"below detection","SE | AICc | p-value | MDF | Intercept",TRUE,"convex (accelerating) trace","control"
"2025-07-23_5C_1",2025-07-23,5,"C",2025-07-23 13:36:50,2025-07-23 13:38:25,2025-07-23 13:36:25,6.31036,0.04696,318,101.483385416667,33.138728125,"2025-07-23_hudsoncarbonfieldfluxes.json",FALSE,2025-07-23,"",1,FALSE,TRUE,"single",NA,TRUE,0.12394,6.38734,11.1110198677305,"HM",10.7280900772776,11.1110198677305,0.180048248851532,0.998317887923527,1.03569412520724,0.616433630106882,0.0978144926583217,FALSE,"emission","",NA,NA,-0.716903925752452,"HM",-0.710345957246379,-0.716903925752452,0.0202990663925449,0.995329706765216,1.00923207690446,0.136286346792209,0.0216256531387241,FALSE,"uptake","AICc",TRUE,"convex (accelerating) trace",0.0882692372544946,"HM",0.0874737806997358,0.0882692372544946,0.126284725578528,0.0660555236221407,1.00909365696093,1.04309376408799,0.165561109800281,TRUE,"below detection","SE | AICc | Intercept",FALSE,NA,"control"
"2025-07-23_6A_1",2025-07-23,6,"A",2025-07-23 15:25:00,2025-07-23 15:26:35,2025-07-23 15:24:35,5.96851,0.04696,318,101.450541666667,34.2978333333333,"2025-07-23_hudsoncarbonfieldfluxes.json",FALSE,2025-07-23,"",1,FALSE,TRUE,"single",NA,TRUE,0.12394,6.04549,12.3685060398192,"HM",11.4950279072173,12.3685060398192,0.215769917233231,0.997746032960151,1.07598747385846,0.616433630106882,0.0920984659270155,FALSE,"emission","",NA,NA,-0.83080548828764,"HM",-0.819421371190841,-0.83080548828764,0.0173540074892812,0.99746831269731,1.01389287306512,0.136286346792209,0.020361905732144,FALSE,"uptake","AICc",TRUE,"convex (accelerating) trace",0.150205299917572,"HM",0.150070231442764,0.150205299917572,0.132537305455792,0.169853063542735,1.00090003509363,1.04309376408799,0.15583918927906,TRUE,"below detection","SE | AICc | Intercept",FALSE,NA,"slurry"
"2025-07-23_6B_1",2025-07-23,6,"B",2025-07-23 15:29:03,2025-07-23 15:30:38,2025-07-23 15:28:38,6.43756,0.04696,318,101.450822916667,35.8553875,"2025-07-23_hudsoncarbonfieldfluxes.json",FALSE,2025-07-23,"",1,FALSE,TRUE,"single",NA,TRUE,0.12394,6.51454,7.19285023557919,"HM",7.12038655301245,7.19285023557919,0.138009782957957,0.997924180543583,1.01017693098924,0.616433630106882,0.0991953997360333,FALSE,"emission","AICc",NA,NA,-0.715929872192462,"HM",-0.709316550546094,-0.715929872192462,0.0172590815692074,0.996631913939242,1.00932351238848,0.136286346792209,0.0219309557239322,FALSE,"uptake","AICc",TRUE,"convex (accelerating) trace",0.0864912076970536,"HM",0.0865164906331401,0.0864912076970536,0.119083075159106,0.0725741233713975,0.999707767433682,1.04309376408799,0.167896732457078,TRUE,"below detection","SE | AICc | Intercept",TRUE,"convex (accelerating) trace","slurry"
"2025-07-23_6C_1",2025-07-23,6,"C",2025-07-23 15:32:16,2025-07-23 15:33:51,2025-07-23 15:31:51,6.36601,0.04696,318,101.44634375,34.0012645833333,"2025-07-23_hudsoncarbonfieldfluxes.json",FALSE,2025-07-23,"",1,FALSE,TRUE,"single",NA,TRUE,0.12394,6.44299,11.3751326975767,"HM",11.21881699228,11.3751326975767,0.20781167453592,0.9980641424286,1.01393335013881,0.616433630106882,0.097898854474908,FALSE,"emission","AICc",NA,NA,-0.761209253314731,"HM",-0.751910911417523,-0.761209253314731,0.0183733505630736,0.996569101234638,1.01236628137192,0.136286346792209,0.0216443045607585,FALSE,"uptake","AICc",FALSE,NA,0.109159050661912,"HM",0.108817091997316,0.109159050661912,0.112490098467046,0.128019767251409,1.00314250875777,1.04309376408799,0.16566781991824,TRUE,"below detection","SE | AICc",FALSE,NA,"slurry"
"2025-07-23_7A_1",2025-07-23,7,"A",2025-07-23 12:46:27,2025-07-23 12:48:01,2025-07-23 12:46:02,6.16726,0.04696,318,101.518589473684,33.8276063157895,"2025-07-23_hudsoncarbonfieldfluxes.json",FALSE,2025-07-23,"",1,FALSE,TRUE,"single",NA,TRUE,0.12394,6.24424,11.1328536709159,"HM",10.960547378585,11.1328536709159,0.157054539896762,0.998817708385299,1.01572059189923,0.616433630106882,0.0960909542934121,FALSE,"emission","AICc",NA,NA,-0.575998663621992,"HM",-0.527590230445102,-0.575998663621992,0.01509906795182,0.995238022536409,1.09175384679896,0.136286346792209,0.0212445987383193,FALSE,"uptake","",FALSE,NA,0.103341372364687,"LM",0.103341372364687,0.415735539438634,0.0286219644956096,0.113509924903904,4.02293418333485,1.04309376408799,0.162632236331839,TRUE,"below detection","SE | g-fact. > 2 | Intercept (LM)",FALSE,NA,"control"
"2025-07-23_7B_1",2025-07-23,7,"B",2025-07-23 12:50:16,2025-07-23 12:51:50,2025-07-23 12:49:51,6.32626,0.04696,318,101.5182,33.9649147368421,"2025-07-23_hudsoncarbonfieldfluxes.json",FALSE,2025-07-23,"",1,FALSE,TRUE,"single",NA,TRUE,0.12394,6.40324,9.93920861879901,"HM",9.65548548043038,9.93920861879901,0.179650647193658,0.997981705277309,1.02938465796916,0.616433630106882,0.0985886094043381,FALSE,"emission","",NA,NA,-0.66790583187148,"HM",-0.660428338060382,-0.66790583187148,0.0169335747958817,0.996280747233864,1.01132218801068,0.136286346792209,0.0217968013988976,FALSE,"uptake","AICc",TRUE,"convex (accelerating) trace",0.0273126977215954,"HM",0.0171556134415418,0.0273126977215954,0.151518384646691,-0.00754485313722242,1.59205602380027,1.04309376408799,0.166875918202414,TRUE,"below detection","SE | AICc | p-value | MDF | Intercept",FALSE,NA,"control"
"2025-07-23_7C_1",2025-07-23,7,"C",2025-07-23 12:53:52,2025-07-23 12:55:27,2025-07-23 12:53:27,6.22291,0.04696,318,101.50553125,32.96903125,"2025-07-23_hudsoncarbonfieldfluxes.json",FALSE,2025-07-23,"",1,FALSE,TRUE,"single",NA,TRUE,0.12394,6.29989,9.94570314076304,"HM",9.84442776498556,9.94570314076304,0.162423832263844,0.998488464201131,1.0102875838185,0.616433630106882,0.0961889604968135,FALSE,"emission","AICc",NA,NA,-0.613124424607354,"HM",-0.606836844926681,-0.613124424607354,0.015490811120066,0.996277780836643,1.01036123586305,0.136286346792209,0.0212662667764862,FALSE,"uptake","AICc",TRUE,"convex (accelerating) trace",0.079704523363431,"HM",0.0796366441010276,0.079704523363431,0.118456120218409,0.061312169624462,1.0008523621653,1.04309376408799,0.162818760241923,TRUE,"below detection","SE | AICc | Intercept",FALSE,NA,"control"
"2025-07-23_8A_1",2025-07-23,8,"A",2025-07-23 13:41:31,2025-07-23 13:43:06,2025-07-23 13:41:06,6.22291,0.04696,318,101.492760416667,34.7164,"2025-07-23_hudsoncarbonfieldfluxes.json",FALSE,2025-07-23,"",1,FALSE,TRUE,"single",NA,TRUE,0.12394,6.29989,13.4778547067311,"HM",12.6352753445772,13.4778547067311,0.180658298880313,0.998598886413663,1.06668468546794,0.616433630106882,0.0956748591953465,FALSE,"emission","",NA,NA,-0.779571541077719,"HM",-0.769509828019289,-0.779571541077719,0.0160335764766465,0.997536716718194,1.0130754834988,0.136286346792209,0.0211526049241212,FALSE,"uptake","AICc",FALSE,NA,-0.00625472427061925,"HM",-0.00627322861515542,-0.00625472427061925,0.0565143054167281,-0.0102219694142713,0.99705026778532,1.04309376408799,0.161924604686081,TRUE,"below detection","SE | AICc | p-value | MDF | Intercept",TRUE,"convex (accelerating) trace","compost"
"2025-07-23_8B2_1",2025-07-23,8,"B",2025-07-23 13:51:39,2025-07-23 13:53:14,2025-07-23 13:51:14,6.33421,0.04696,318,101.491614583333,31.6693583333333,"2025-07-23_hudsoncarbonfieldfluxes.json",FALSE,2025-07-23,"",2,FALSE,TRUE,"repeat: last kept",NA,TRUE,0.12394,6.41119,11.0396819618618,"HM",10.1213131178624,11.0396819618618,0.173597444591423,0.997936424059837,1.09073613604332,0.616433630106882,0.0988388018136167,FALSE,"emission","",NA,NA,-0.718353357457739,"HM",-0.710079229781972,-0.718353357457739,0.0187404640175318,0.995998969031144,1.01165240064592,0.136286346792209,0.0218521160472075,FALSE,"uptake","AICc",FALSE,NA,0.0559185684003654,"LM",0.0559185684003654,0.136626708271913,0.03848752254593,0.0115587460383252,2.44331556011403,1.04309376408799,0.167303029283116,TRUE,"below detection","SE | AICc | g-fact. > 2 | p-value | Intercept",FALSE,NA,"compost"
"2025-07-23_8C_1",2025-07-23,8,"C",2025-07-23 13:48:25,2025-07-23 13:49:59,2025-07-23 13:48:00,6.27856,0.04696,318,101.488705263158,33.0492663157895,"2025-07-23_hudsoncarbonfieldfluxes.json",FALSE,2025-07-23,"",1,FALSE,TRUE,"single",NA,TRUE,0.12394,6.35554,12.3780794936826,"HM",12.0606454255001,12.3780794936826,0.22927507104417,0.997897812226952,1.02631982427004,0.616433630106882,0.0982997653485579,FALSE,"emission","AICc",NA,NA,-1.01562266507215,"HM",-1.00373488251394,-1.01562266507215,0.0231639652080394,0.996980758679954,1.01184354829678,0.136286346792209,0.0217329413185381,FALSE,"uptake","AICc",FALSE,NA,0.165450122985616,"HM",0.165424225118885,0.165450122985616,0.101583589259667,0.304640983749642,1.00015655425747,1.04309376408799,0.166393033289839,TRUE,"below detection","SE | AICc | Intercept",TRUE,"convex (accelerating) trace","compost"
"2025-07-23_9A_1",2025-07-23,9,"A",2025-07-23 14:41:15,2025-07-23 14:42:50,2025-07-23 14:40:50,6.19111,0.04696,318,101.489541666667,33.464265625,"2025-07-23_hudsoncarbonfieldfluxes.json",FALSE,2025-07-23,"",1,FALSE,TRUE,"single",NA,TRUE,0.12394,6.26809,7.67560548219421,"HM",7.55588898233772,7.67560548219421,0.134658885886682,0.998148622652971,1.01584413166159,0.616433630106882,0.09639264302662,FALSE,"emission","AICc",NA,NA,-0.615354437509604,"HM",-0.609354033902924,-0.615354437509604,0.0179384267644298,0.995011728827375,1.00984715497532,0.136286346792209,0.0213112986283142,FALSE,"uptake","AICc",TRUE,"convex (accelerating) trace",0.0611533128673069,"HM",0.0611788692409076,0.0611533128673069,0.110099141121988,0.0394967876725424,0.999582267964122,1.04309376408799,0.16314692410617,TRUE,"below detection","SE | AICc | Intercept",FALSE,NA,"compost"
"2025-07-23_9B_1",2025-07-23,9,"B",2025-07-23 14:44:29,2025-07-23 14:46:03,2025-07-23 14:44:04,6.23086,0.04696,318,101.489526315789,33.0460147368421,"2025-07-23_hudsoncarbonfieldfluxes.json",FALSE,2025-07-23,"",1,FALSE,TRUE,"single",NA,TRUE,0.12394,6.30784,8.86857413185461,"HM",8.74693487182764,8.86857413185461,0.185713986644182,0.997438447305808,1.01390650116977,0.616433630106882,0.0981360683061096,FALSE,"emission","AICc",NA,NA,-0.735791870819898,"HM",-0.725464532548403,-0.735791870819898,0.0165073964235629,0.997046509055561,1.0142354833464,0.136286346792209,0.0216967497955479,FALSE,"uptake","AICc",FALSE,NA,0.0862918311921033,"HM",0.0862437495901406,0.0862918311921033,0.113338944858842,0.0800472168883719,1.00055750825064,1.04309376408799,0.166142849673183,TRUE,"below detection","SE | AICc | Intercept",FALSE,NA,"compost"
"2025-07-23_9C2_1",2025-07-23,9,"C",2025-07-23 14:49:40,2025-07-23 14:51:14,2025-07-23 14:49:15,6.1609,0.04696,318,101.491810526316,35.3358105263158,"2025-07-23_hudsoncarbonfieldfluxes.json",FALSE,2025-07-23,"",1,FALSE,TRUE,"single",NA,TRUE,0.12394,6.23788,11.681333408193,"HM",10.2891739703141,11.681333408193,0.176937750280514,0.99743942546229,1.13530332385238,0.616433630106882,0.0958016500464439,FALSE,"emission","",NA,NA,-0.801467608881594,"HM",-0.794310732404172,-0.801467608881594,0.0181864542203393,0.997070668759806,1.00901017219767,0.136286346792209,0.0211806369150101,FALSE,"uptake","AICc",TRUE,"convex (accelerating) trace",0.0916378755200814,"LM",0.0916378755200814,0.302026968862044,0.0256520954958767,0.111208402191124,3.29587484594029,1.04309376408799,0.162171272503627,TRUE,"below detection","SE | AICc | g-fact. > 2 | Intercept",FALSE,NA,"compost"
"2025-07-23_10a_1",2025-07-23,10,"A",2025-07-23 12:33:16,2025-07-23 12:34:50,2025-07-23 12:32:51,6.35011,0.04696,318,101.509663157895,31.2245715789474,"2025-07-23_hudsoncarbonfieldfluxes.json",FALSE,2025-07-23,"",1,FALSE,TRUE,"single",NA,TRUE,0.12394,6.42709,10.834591748593,"HM",9.84782751513458,10.834591748593,0.185348749584524,0.997560937363966,1.10020121005795,0.616433630106882,0.100111554475965,FALSE,"emission","",NA,NA,-0.510377793781958,"HM",-0.502054579649453,-0.510377793781958,0.0152860551910756,0.994680308338963,1.01657830536735,0.136286346792209,0.0221335069419442,FALSE,"uptake","AICc",FALSE,NA,0.231803446205256,"HM",0.153897948768134,0.231803446205256,0.165852282973887,0.202622607283148,1.50621530735602,1.04309376408799,0.16948747571364,FALSE,"emission","SE | AICc | Intercept",FALSE,NA,"control"
"2025-07-23_10B_1",2025-07-23,10,"B",2025-07-23 12:38:24,2025-07-23 12:39:58,2025-07-23 12:37:59,5.99236,0.04696,318,101.523421052632,31.2322936842105,"2025-07-23_hudsoncarbonfieldfluxes.json",FALSE,2025-07-23,"",1,FALSE,TRUE,"single",NA,TRUE,0.12394,6.06934,10.4776426876508,"HM",9.80981456903139,10.4776426876508,0.13788428832874,0.998640836184804,1.06807754763558,0.616433630106882,0.0946720661978461,FALSE,"emission","",NA,NA,-0.538143673721571,"HM",-0.534271142011337,-0.538143673721571,0.016312969622472,0.994725465320796,1.00724825169418,0.136286346792209,0.0209308989892999,FALSE,"uptake","AICc",TRUE,"convex (accelerating) trace",0.0778187435369789,"HM",0.0778202257407762,0.0778187435369789,0.107486484523049,0.071959169126042,0.99998095348885,1.04309376408799,0.16024991673743,TRUE,"below detection","SE | AICc | Intercept",FALSE,NA,"control"
"2025-07-23_10C_1",2025-07-23,10,"C",2025-07-23 12:42:26,2025-07-23 12:44:01,2025-07-23 12:42:01,5.98044,0.04696,318,101.524041666667,33.06319375,"2025-07-23_hudsoncarbonfieldfluxes.json",FALSE,2025-07-23,"",1,FALSE,TRUE,"single",NA,TRUE,0.12394,6.05742,9.64835847716991,"HM",9.51951031857469,9.64835847716991,0.137169802112418,0.998824374588064,1.01353516665073,0.616433630106882,0.0924980441516179,FALSE,"emission","AICc",NA,NA,-0.486137916439144,"HM",-0.482226087304374,-0.486137916439144,0.0184091064664568,0.991599469695961,1.00811202304844,0.136286346792209,0.0204502478566308,FALSE,"uptake","AICc",TRUE,"convex (accelerating) trace",0.229925739571087,"LM",0.229925739571087,0.88069157409253,0.034156860599358,0.318080477625866,3.83033050468994,1.04309376408799,0.156568599495372,FALSE,"emission","SE | g-fact. > 2 | Intercept",FALSE,NA,"control"
"2025-07-23_11A_1",2025-07-23,11,"A",2025-07-23 13:56:04,2025-07-23 13:57:38,2025-07-23 13:55:39,6.21894,0.04696,318,101.488747368421,31.8362157894737,"2025-07-23_hudsoncarbonfieldfluxes.json",FALSE,2025-07-23,"",1,FALSE,TRUE,"single",NA,TRUE,0.12394,6.29592,10.9864383280783,"HM",9.9549917057515,10.9864383280783,0.163533997974776,0.997959895483907,1.10361099765968,0.616433630106882,0.0982941464324272,FALSE,"emission","",NA,NA,-0.546728161826827,"HM",-0.528207191054801,-0.546728161826827,0.0214785868109442,0.990698050909162,1.03506383685357,0.136286346792209,0.0217316990411623,FALSE,"uptake","AICc | Intercept (HM)",FALSE,NA,0.122942203844296,"HM",0.122803286526654,0.122942203844296,0.119891366818974,0.142871368113342,1.00113121823993,1.04309376408799,0.166368581380808,TRUE,"below detection","SE | AICc | Intercept",FALSE,NA,"slurry"
"2025-07-23_11B_1",2025-07-23,11,"B",2025-07-23 14:03:48,2025-07-23 14:05:22,2025-07-23 14:03:23,6.19906,0.04696,318,101.490957894737,32.9140452631579,"2025-07-23_hudsoncarbonfieldfluxes.json",FALSE,2025-07-23,"",1,FALSE,TRUE,"single",NA,TRUE,0.12394,6.27604,11.6624362913066,"HM",9.1891973856121,11.6624362913066,0.46289363547691,0.985822028844561,1.2691463467274,0.616433630106882,0.0966419810890143,FALSE,"emission","SE",NA,NA,-0.490766580147949,"HM",-0.430415345602152,-0.490766580147949,0.0241855080375904,0.983658621071936,1.14021627054529,0.136286346792209,0.0213664243904081,FALSE,"uptake","",FALSE,NA,-0.143654984459288,"LM",-0.143654984459288,-0.909775270054888,0.0319193547546745,0.170014894855052,6.33305745344828,1.04309376408799,0.163663633251672,TRUE,"below detection","SE | g-fact. > 2 | Intercept",FALSE,NA,"slurry"
"2025-07-23_11C_1",2025-07-23,11,"C",2025-07-23 13:59:48,2025-07-23 14:01:23,2025-07-23 13:59:23,5.94069,0.04696,318,101.482447916667,32.832746875,"2025-07-23_hudsoncarbonfieldfluxes.json",FALSE,2025-07-23,"",1,FALSE,TRUE,"single",NA,TRUE,0.12394,6.01767,8.96326754620532,"HM",8.34076101634714,8.96326754620532,0.0983629329282807,0.998896592312077,1.07463426042757,0.616433630106882,0.0923906097415538,FALSE,"emission","",NA,NA,-0.496932359331038,"HM",-0.464820760309698,-0.496932359331038,0.0157763836117768,0.993484500085465,1.06908383136748,0.136286346792209,0.0204264953510044,FALSE,"uptake","",FALSE,NA,0.0807549234907686,"LM",0.0807549234907686,0.198644406357622,0.0251149018474562,0.0895056010054106,2.45984266681065,1.04309376408799,0.156398942001793,TRUE,"below detection","SE | AICc | g-fact. > 2 | Intercept",FALSE,NA,"slurry"
"2025-07-23_12A_1",2025-07-23,12,"A",2025-07-23 14:29:39,2025-07-23 14:31:14,2025-07-23 14:29:14,6.33819,0.04696,318,101.499916666667,33.6549927083333,"2025-07-23_hudsoncarbonfieldfluxes.json",FALSE,2025-07-23,"",1,FALSE,TRUE,"single",NA,TRUE,0.12394,6.41517,8.65072978341912,"HM",8.50783866590325,8.65072978341912,0.15815173140194,0.997971376704597,1.0167952312129,0.616433630106882,0.098525353207038,FALSE,"emission","AICc",NA,NA,-0.675242829351256,"HM",-0.668726760627061,-0.675242829351256,0.018641656720158,0.995558575242538,1.00974399277529,0.136286346792209,0.0217828161852089,FALSE,"uptake","AICc",TRUE,"convex (accelerating) trace",0.0945600353183529,"HM",0.0945534542170497,0.0945600353183529,0.107642052538818,0.104815807363196,1.00006960191309,1.04309376408799,0.166770482090098,TRUE,"below detection","SE | AICc | Intercept",TRUE,"convex (accelerating) trace","slurry"
"2025-07-23_12B_1",2025-07-23,12,"B",2025-07-23 14:33:27,2025-07-23 14:35:01,2025-07-23 14:33:02,6.07981,0.04696,318,101.504652631579,34.383327368421,"2025-07-23_hudsoncarbonfieldfluxes.json",FALSE,2025-07-23,"",1,FALSE,TRUE,"single",NA,TRUE,0.12394,6.15679,8.88390812585787,"HM",8.74712696401238,8.88390812585787,0.108225568264394,0.999110642151946,1.01563726723166,0.616433630106882,0.0948485439632836,FALSE,"emission","AICc",NA,NA,-0.661422308262921,"HM",-0.641376970066899,-0.661422308262921,0.0153059531944216,0.996722218124753,1.03125359832289,0.136286346792209,0.0209699161823388,FALSE,"uptake","AICc",FALSE,NA,0.138178410642674,"HM",0.0964376580713502,0.138178410642674,0.151809270645849,0.0949730434650016,1.4328262776813,1.04309376408799,0.160552384865262,TRUE,"below detection","SE | AICc | Intercept",FALSE,NA,"slurry"
"2025-07-23_12C_1",2025-07-23,12,"C",2025-07-23 14:36:51,2025-07-23 14:38:25,2025-07-23 14:36:26,5.84131,0.04696,318,101.494326315789,34.576552631579,"2025-07-23_hudsoncarbonfieldfluxes.json",FALSE,2025-07-23,"",1,FALSE,TRUE,"single",NA,TRUE,0.12394,5.91829,9.46747960517332,"HM",9.10743730881739,9.46747960517332,0.161020713266277,0.998151990167282,1.03953277789871,0.616433630106882,0.0908349189952616,FALSE,"emission","",NA,NA,-0.635271074985103,"HM",-0.630650609536937,-0.635271074985103,0.019422340173786,0.994624512708135,1.00732650595797,0.136286346792209,0.020082550117981,FALSE,"uptake","AICc",TRUE,"convex (accelerating) trace",0.177392030128928,"HM",0.176646402218805,0.177392030128928,0.137667157341598,0.212226769036729,1.00422101950992,1.04309376408799,0.153750460246259,FALSE,"emission","SE | AICc",FALSE,NA,"slurry"
"2025-07-23_13A_1",2025-07-23,13,"A",2025-07-23 12:22:55,2025-07-23 12:24:30,2025-07-23 12:22:30,6.35806,0.04696,318,101.504177083333,29.4215614583333,"2025-07-23_hudsoncarbonfieldfluxes.json",FALSE,2025-07-23,"",1,FALSE,TRUE,"single",NA,TRUE,0.12394,6.43504,11.6589858190621,"HM",10.7636014861091,11.6589858190621,0.118562276538632,0.998909951269927,1.08318631399616,0.616433630106882,0.100063669156363,FALSE,"emission","",NA,NA,-0.681927148372843,"HM",-0.673252721367887,-0.681927148372843,0.0174910392452928,0.996108320417547,1.01288435490811,0.136286346792209,0.022122920051556,FALSE,"uptake","AICc",FALSE,NA,0.186064759330004,"HM",0.186004350553368,0.186064759330004,0.167239639777202,0.164396053533393,1.0003247707726,1.04309376408799,0.169286041205505,FALSE,"emission","SE | AICc",FALSE,NA,"slurry"
"2025-07-23_13B_1",2025-07-23,13,"B",2025-07-23 12:26:06,2025-07-23 12:27:40,2025-07-23 12:25:41,6.27856,0.04696,318,101.515989473684,28.8840421052632,"2025-07-23_hudsoncarbonfieldfluxes.json",FALSE,2025-07-23,"",1,FALSE,TRUE,"single",NA,TRUE,0.12394,6.35554,10.3624217703427,"HM",9.46193190080951,10.3624217703427,0.11942959344567,0.998604842743589,1.09516976860256,0.616433630106882,0.100198975650546,FALSE,"emission","",NA,NA,-0.536035049314045,"HM",-0.527711548725471,-0.536035049314045,0.0155343445836743,0.995033345618257,1.01577282249873,0.136286346792209,0.0221528347526508,FALSE,"uptake","AICc",FALSE,NA,0.197696878693371,"HM",0.197162747802942,0.197696878693371,0.119861902478554,0.309678336951805,1.00270908625681,1.04309376408799,0.169599823636527,FALSE,"emission","SE | AICc | Intercept",FALSE,NA,"slurry"
"2025-07-23_13C_1",2025-07-23,13,"C",2025-07-23 12:29:20,2025-07-23 12:30:55,2025-07-23 12:28:55,6.00031,0.04696,318,101.5039375,31.6970041666667,"2025-07-23_hudsoncarbonfieldfluxes.json",FALSE,2025-07-23,"",1,FALSE,TRUE,"single",NA,TRUE,0.12394,6.07729,11.5908744241614,"HM",10.829782182474,11.5908744241614,0.104889056370109,0.999172010174282,1.07027770539274,0.616433630106882,0.0932193487314154,FALSE,"emission","",NA,NA,-0.63805348214976,"HM",-0.629037641591327,-0.63805348214976,0.0195813966477634,0.994390636425687,1.0143327520681,0.136286346792209,0.0206097199576063,FALSE,"uptake","AICc",FALSE,NA,0.250259955520296,"HM",0.249826697918914,0.250259955520296,0.164866940615932,0.272268646423595,1.00173423259,1.04309376408799,0.157800424345829,FALSE,"emission","SE | AICc | Intercept",FALSE,NA,"slurry"
"2025-07-23_14A_1",2025-07-23,14,"A",2025-07-23 14:07:44,2025-07-23 14:09:18,2025-07-23 14:07:19,5.98044,0.04696,318,101.492547368421,34.9772831578947,"2025-07-23_hudsoncarbonfieldfluxes.json",FALSE,2025-07-23,"",1,FALSE,TRUE,"single",NA,TRUE,0.12394,6.05742,12.4166119435032,"HM",11.7187061193184,12.4166119435032,0.235478362024973,0.997579912846261,1.05955485333268,0.616433630106882,0.0927932852962152,FALSE,"emission","",NA,NA,-0.489236841320147,"HM",-0.486802678178734,-0.489236841320147,0.0208544881829301,0.989510593523555,1.00500030762057,0.136286346792209,0.0205155222593479,FALSE,"uptake","AICc",TRUE,"convex (accelerating) trace",0.0721771230698346,"HM",0.0720689672346262,0.0721771230698346,0.11723099952307,0.0509006978148674,1.00150072686426,1.04309376408799,0.157024526083876,TRUE,"below detection","SE | AICc | Intercept",FALSE,NA,"compost"
"2025-07-23_14B_1",2025-07-23,14,"B",2025-07-23 14:14:39,2025-07-23 14:16:14,2025-07-23 14:14:14,6.31831,0.04696,318,101.485520833333,33.716903125,"2025-07-23_hudsoncarbonfieldfluxes.json",FALSE,2025-07-23,"",1,FALSE,TRUE,"single",NA,TRUE,0.12394,6.39529,10.7759384202198,"HM",10.4464454307884,10.7759384202198,0.178055401952161,0.998275796217981,1.03154115834083,0.616433630106882,0.0974415939987267,FALSE,"emission","",NA,NA,-0.484231307811804,"HM",-0.476700938955568,-0.484231307811804,0.016352671971687,0.993160173732275,1.01579684083009,0.136286346792209,0.0215432095575212,FALSE,"uptake","AICc",FALSE,NA,0.0586517836636781,"HM",0.0298063421958062,0.0586517836636781,0.188261054818455,-0.00254943011014586,1.96776187022138,1.04309376408799,0.164911536544324,TRUE,"below detection","SE | AICc | p-value | Intercept",FALSE,NA,"compost"
"2025-07-23_14C_1",2025-07-23,14,"C",2025-07-23 14:11:04,2025-07-23 14:12:39,2025-07-23 14:10:39,6.45744,0.04696,318,101.491739583333,34.2184291666667,"2025-07-23_hudsoncarbonfieldfluxes.json",FALSE,2025-07-23,"",1,FALSE,TRUE,"single",NA,TRUE,0.12394,6.53442,10.4903862330605,"HM",10.1612724769648,10.4903862330605,0.224663932095652,0.997145292506527,1.03238902970487,0.616433630106882,0.0995712222969267,FALSE,"emission","",NA,NA,-0.283840324401738,"HM",-0.28106605060915,-0.283840324401738,0.0172363399019242,0.978398585690282,1.00987054034657,0.136286346792209,0.0220140457458983,FALSE,"uptake","AICc | Intercept",FALSE,NA,0.144695475830432,"HM",0.1447344839211,0.144695475830432,0.156394719274515,0.117369264631915,0.99973048516421,1.04309376408799,0.168524711807844,TRUE,"below detection","SE | AICc | Intercept",TRUE,"convex (accelerating) trace","compost"
"2025-07-23_15A_1",2025-07-23,15,"A",2025-07-23 14:18:31,2025-07-23 14:20:05,2025-07-23 14:18:06,6.00031,0.04696,318,101.490642105263,35.4149252631579,"2025-07-23_hudsoncarbonfieldfluxes.json",FALSE,2025-07-23,"",1,FALSE,TRUE,"single",NA,TRUE,0.12394,6.07729,10.7652891043284,"HM",9.54961506431809,10.7652891043284,0.136962591035767,0.99796020955501,1.12730084216197,0.616433630106882,0.0933615940202255,FALSE,"emission","",NA,NA,-0.534670878764803,"HM",-0.528588617162638,-0.534670878764803,0.0151011529758206,0.995382838324337,1.01150660722664,0.136286346792209,0.0206411687459487,FALSE,"uptake","AICc",TRUE,"convex (accelerating) trace",0.199154477566518,"HM",0.116395518791704,0.199154477566518,0.15865552629076,0.161528876183819,1.7110149912465,1.04309376408799,0.158021944032887,FALSE,"emission","SE | AICc | Intercept",FALSE,NA,"control"
"2025-07-23_15B_1",2025-07-23,15,"B",2025-07-23 14:22:10,2025-07-23 14:23:45,2025-07-23 14:21:45,6.33819,0.04696,318,101.497958333333,35.485846875,"2025-07-23_hudsoncarbonfieldfluxes.json",FALSE,2025-07-23,"",1,FALSE,TRUE,"single",NA,TRUE,0.12394,6.41517,9.88840553263702,"HM",9.75965276689186,9.88840553263702,0.207996213401251,0.997392822524831,1.01319235108261,0.616433630106882,0.0971680542253882,FALSE,"emission","AICc",NA,NA,-0.567978197451378,"HM",-0.563436742464372,-0.567978197451378,0.0188382780599383,0.993573412341141,1.00806027481833,0.136286346792209,0.0214827330770213,FALSE,"uptake","AICc",TRUE,"convex (accelerating) trace",0.295274779351668,"HM",0.15417546585893,0.295274779351668,0.193671732137869,0.208189282513492,1.91518655518021,1.04309376408799,0.164465072677176,FALSE,"emission","SE | AICc | Intercept",FALSE,NA,"control"
"2025-07-23_15C_1",2025-07-23,15,"C",2025-07-23 14:25:28,2025-07-23 14:27:03,2025-07-23 14:25:03,6.23881,0.04696,318,101.492958333333,34.5631510416667,"2025-07-23_hudsoncarbonfieldfluxes.json",FALSE,2025-07-23,"",1,FALSE,TRUE,"single",NA,TRUE,0.12394,6.31579,16.7852440489904,"HM",15.5205677173347,16.7852440489904,0.265239679408869,0.998013970104487,1.08148389638113,0.616433630106882,0.0957235299562886,FALSE,"emission","",NA,NA,-0.708269377563942,"HM",-0.686157542680657,-0.708269377563942,0.0180545464767764,0.995989335129648,1.03222559471823,0.136286346792209,0.0211633654665063,FALSE,"uptake","AICc",FALSE,NA,0.313618336210418,"HM",0.163445936148992,0.313618336210418,0.172426662447127,0.274525441916994,1.91878943949107,1.04309376408799,0.16198732396572,FALSE,"emission","SE | AICc | Intercept",FALSE,NA,"control"
"2025-08-22_1A2_1",2025-08-22,1,"A",2025-08-22 14:29:05,2025-08-22 14:30:39,2025-08-22 14:28:40,6.22132,0.04696,318,100.851210526316,31.5667136842105,"2025-08-22_hudsoncarbonfieldfluxes.json",FALSE,2025-08-22,"",2,FALSE,TRUE,"repeat: last kept",NA,TRUE,0.12394,6.2983,11.3256640133785,"HM",10.8236089088963,11.3256640133785,0.102973595693421,0.999357423780975,1.04638518526566,0.565064160931334,0.0889048358644356,FALSE,"emission","",NA,NA,-0.518187977500506,"HM",-0.494522997019668,-0.518187977500506,0.0161743513621585,0.993977482537226,1.04785415566811,0.136286346792209,0.02144272479103,FALSE,"uptake","",FALSE,NA,0.0912127786577082,"LM",0.0912127786577082,0.189158273293259,0.0320767238239878,0.0700983153276801,2.07381329762038,1.03551414649329,0.162965646014186,TRUE,"below detection","SE | AICc | g-fact. > 2 | Intercept",FALSE,NA,"slurry"
"2025-08-22_1B_1",2025-08-22,1,"B",2025-08-22 14:32:16,2025-08-22 14:33:50,2025-08-22 14:31:51,6.22132,0.04696,318,100.858757894737,30.8372705263158,"2025-08-22_hudsoncarbonfieldfluxes.json",FALSE,2025-08-22,"",1,FALSE,TRUE,"single",NA,TRUE,0.12394,6.2983,12.9590099395205,"HM",12.5333324487765,12.9590099395205,0.201366887664078,0.998470531022036,1.03396363197767,0.565064160931334,0.0893978254099124,FALSE,"emission","",NA,NA,-0.399603366460454,"HM",-0.396775247670552,-0.399603366460454,0.0173152558109611,0.989127518260773,1.00712776012744,0.136286346792209,0.0215616276498647,FALSE,"uptake","AICc",TRUE,"convex (accelerating) trace",0.0671825627425637,"LM",0.0671825627425637,0.170473275782678,0.0292660108518385,0.0434488101208483,2.53746312768558,1.03551414649329,0.163872119401204,TRUE,"below detection","SE | AICc | g-fact. > 2 | Intercept",FALSE,NA,"slurry"
"2025-08-22_1C_1",2025-08-22,1,"C",2025-08-22 14:35:36,2025-08-22 14:37:10,2025-08-22 14:35:11,6.00031,0.04696,318,100.860210526316,31.2588189473684,"2025-08-22_hudsoncarbonfieldfluxes.json",FALSE,2025-08-22,"",1,FALSE,TRUE,"single",NA,TRUE,0.12394,6.07729,13.2376138684894,"HM",13.0601597191588,13.2376138684894,0.129604882723823,0.99947583051925,1.01358744097672,0.565064160931334,0.0860128924504589,FALSE,"emission","AICc",NA,NA,-0.459163910141951,"HM",-0.450806402430682,-0.459163910141951,0.0155899767276547,0.993130324198022,1.01853901733917,0.136286346792209,0.0207452245242089,FALSE,"uptake","AICc",FALSE,NA,0.0861893063826907,"LM",0.0861893063826907,0.269615729452315,0.0343595568724138,0.0533005222686569,3.12818075429438,1.03551414649329,0.157661722164312,TRUE,"below detection","SE | AICc | g-fact. > 2 | Intercept",FALSE,NA,"slurry"
"2025-08-22_2A_1",2025-08-22,2,"A",2025-08-22 14:47:09,2025-08-22 14:48:43,2025-08-22 14:46:44,6.18316,0.04696,318,100.858378947368,31.2280947368421,"2025-08-22_hudsoncarbonfieldfluxes.json",FALSE,2025-08-22,"",1,FALSE,TRUE,"single",NA,TRUE,0.12394,6.26014,11.0208238968685,"HM",10.656655792033,11.0208238968685,0.134466728804391,0.999026169513908,1.03417283169714,0.565064160931334,0.088905439735055,FALSE,"emission","",NA,NA,-0.442102422289625,"HM",-0.437598073724601,-0.442102422289625,0.0149215599514762,0.993373201486489,1.01029334641875,0.136286346792209,0.021442870437005,FALSE,"uptake","AICc",TRUE,"convex (accelerating) trace",0.24654349204754,"HM",0.246429268749916,0.24654349204754,0.142635678959893,0.33148116923609,1.00046351351933,1.03551414649329,0.162990182510228,FALSE,"emission","SE | AICc | Intercept",TRUE,"convex (accelerating) trace","control"
"2025-08-22_2B_1",2025-08-22,2,"B",2025-08-22 14:40:30,2025-08-22 14:42:04,2025-08-22 14:40:05,6.07186,0.04696,318,100.858063157895,31.07674,"2025-08-22_hudsoncarbonfieldfluxes.json",FALSE,2025-08-22,"",1,FALSE,TRUE,"single",NA,TRUE,0.12394,6.14884,11.649638062666,"HM",11.5089736200753,11.649638062666,0.143507635499006,0.99915405633941,1.01222215353291,0.565064160931334,0.0873440375647677,FALSE,"emission","AICc",NA,NA,-0.55043684094025,"HM",-0.544582445690588,-0.55043684094025,0.0146450171944164,0.995902176124777,1.01075024598385,0.136286346792209,0.0210662799321123,FALSE,"uptake","AICc",TRUE,"convex (accelerating) trace",0.108303486522087,"LM",0.108303486522087,0.277456857178215,0.0264297361377191,0.143834639043042,2.56184603181388,1.03551414649329,0.160083229212534,TRUE,"below detection","SE | AICc | g-fact. > 2 | Intercept",FALSE,NA,"control"
"2025-08-22_2C_1",2025-08-22,2,"C",2025-08-22 14:43:47,2025-08-22 14:45:21,2025-08-22 14:43:22,6.23086,0.04696,318,100.862294736842,30.3118863157895,"2025-08-22_hudsoncarbonfieldfluxes.json",FALSE,2025-08-22,"",1,FALSE,TRUE,"single",NA,TRUE,0.12394,6.30784,14.5452620204668,"HM",13.6748469835987,14.5452620204668,0.0920004498466735,0.999492060814665,1.06365080632434,0.565064160931334,0.0899344503390282,FALSE,"emission","",NA,NA,-0.455837866362929,"HM",-0.451079258261326,-0.455837866362929,0.0167346059510922,0.992145557828605,1.01054938353837,0.136286346792209,0.0216910548127311,FALSE,"uptake","AICc",FALSE,NA,0.20172983755055,"HM",0.201142402685756,0.20172983755055,0.126829627118042,0.293957400060829,1.00292049243198,1.03551414649329,0.16486612451288,FALSE,"emission","SE | AICc | Intercept",FALSE,NA,"control"
"2025-08-22_3A_1",2025-08-22,3,"A",2025-08-22 14:52:31,2025-08-22 14:54:05,2025-08-22 14:52:06,6.12751,0.04696,318,100.854926315789,30.8157915789474,"2025-08-22_hudsoncarbonfieldfluxes.json",FALSE,2025-08-22,"",1,FALSE,TRUE,"single",NA,TRUE,0.12394,6.20449,14.4842105875382,"HM",13.4303680966311,14.4842105875382,0.0899173870756482,0.999363520202008,1.07846713383615,0.565064160931334,0.0878908406570134,FALSE,"emission","",NA,NA,-0.602714628463209,"HM",-0.585953315186764,-0.602714628463209,0.014350506441162,0.996549831559134,1.02860520256823,0.136286346792209,0.0211981619395184,FALSE,"uptake","AICc",FALSE,NA,1.62761064702547,"HM",1.25838639952733,1.62761064702547,0.167178476828227,0.929344587218938,1.2934108693775,1.03551414649329,0.161074424089515,FALSE,"emission","SE",TRUE,"closure sigma = 1.64 ppb = 1.6x campaign sigma (disturbed closure?)","compost"
"2025-08-22_3B_1",2025-08-22,3,"B",2025-08-22 14:59:00,2025-08-22 15:00:34,2025-08-22 14:58:35,5.97646,0.04696,318,100.855989473684,31.61592,"2025-08-22_hudsoncarbonfieldfluxes.json",FALSE,2025-08-22,"",1,FALSE,TRUE,"single",NA,TRUE,0.12394,6.05344,15.6115172025451,"HM",15.055804191945,15.6115172025451,0.258831646960271,0.998251561992481,1.03691021771507,0.565064160931334,0.0855183617857627,FALSE,"emission","",NA,NA,-0.530770326936042,"HM",-0.526586775168776,-0.530770326936042,0.0174677058165836,0.993743991550681,1.0079446578694,0.136286346792209,0.0206259499668611,FALSE,"uptake","AICc",TRUE,"convex (accelerating) trace",1.91488188620934,"HM",1.8973644397496,1.91488188620934,0.154533283235074,0.962789351944616,1.00923251542653,1.03551414649329,0.156748500993968,FALSE,"emission","SE | AICc",FALSE,NA,"compost"
"2025-08-22_3C_1",2025-08-22,3,"C",2025-08-22 14:55:46,2025-08-22 14:57:20,2025-08-22 14:55:21,6.35011,0.04696,318,100.854673684211,31.0891357894737,"2025-08-22_hudsoncarbonfieldfluxes.json",FALSE,2025-08-22,"",1,FALSE,TRUE,"single",NA,TRUE,0.12394,6.42709,11.2638346860077,"HM",11.1064960838706,11.2638346860077,0.23983851065065,0.997348773088352,1.01416635822397,0.565064160931334,0.0913082409072748,FALSE,"emission","AICc",NA,NA,-0.428680089167569,"HM",-0.426013510291832,-0.428680089167569,0.016794166654903,0.991120493970591,1.00625937631394,0.136286346792209,0.0220223957661112,FALSE,"uptake","AICc",TRUE,"convex (accelerating) trace",0.72686603424468,"HM",0.651423822412791,0.72686603424468,0.129359140902964,0.83347328737476,1.11581125718194,1.03551414649329,0.167363116298229,FALSE,"emission","SE | AICc",FALSE,NA,"compost"
"2025-08-22_4A_1",2025-08-22,4,"A",2025-08-22 15:23:09,2025-08-22 15:24:43,2025-08-22 15:22:44,6.16726,0.04696,318,100.854673684211,31.8677463157895,"2025-08-22_hudsoncarbonfieldfluxes.json",FALSE,2025-08-22,"",1,FALSE,TRUE,"single",NA,TRUE,0.12394,6.24424,10.1397198534287,"HM",9.83073971784956,10.1397198534287,0.154621768349482,0.998534444054351,1.03142999860104,0.565064160931334,0.0883655293728789,FALSE,"emission","",NA,NA,-0.452209184401074,"HM",-0.447180404758362,-0.452209184401074,0.0189813300059875,0.989705106157914,1.01124552773154,0.136286346792209,0.0213126508691333,FALSE,"uptake","AICc",FALSE,NA,0.130732934830884,"LM",0.130732934830884,0.803905950429803,0.031376570622527,0.148244987890837,6.14922285244902,1.03551414649329,0.161952315646141,TRUE,"below detection","SE | g-fact. > 2 | Intercept",FALSE,NA,"compost"
"2025-08-22_4B_1",2025-08-22,4,"B",2025-08-22 15:26:21,2025-08-22 15:27:55,2025-08-22 15:25:56,6.17521,0.04696,318,100.848421052632,30.9874873684211,"2025-08-22_hudsoncarbonfieldfluxes.json",FALSE,2025-08-22,"",1,FALSE,TRUE,"single",NA,TRUE,0.12394,6.25219,9.91353662965586,"HM",9.76739536736625,9.91353662965586,0.124204414819887,0.999086288712142,1.01496215283533,0.565064160931334,0.0888637880232784,FALSE,"emission","AICc",NA,NA,-0.491618787053817,"HM",-0.488048502438655,-0.491618787053817,0.0168434702336322,0.993220346801929,1.00731542991593,0.136286346792209,0.0214328245696006,FALSE,"uptake","AICc",TRUE,"convex (accelerating) trace",0.0412960804781751,"HM",0.0413013623061993,0.0412960804781751,0.126905029162575,0.00730567459357934,0.999872114919962,1.03551414649329,0.162891612442899,TRUE,"below detection","SE | AICc | p-value | Intercept",FALSE,NA,"compost"
"2025-08-22_4C_1",2025-08-22,4,"C",2025-08-22 15:29:42,2025-08-22 15:31:16,2025-08-22 15:29:17,6.09571,0.04696,318,100.846789473684,30.5747189473684,"2025-08-22_hudsoncarbonfieldfluxes.json",FALSE,2025-08-22,"",1,FALSE,TRUE,"single",NA,TRUE,0.12394,6.17269,11.1752198732517,"HM",10.3343020703879,11.1752198732517,0.0962141539187544,0.999116625031112,1.08137151373516,0.565064160931334,0.0879883916832465,FALSE,"emission","",NA,NA,-0.391113747499669,"HM",-0.387941930498566,-0.391113747499669,0.0212445106401244,0.98290805297523,1.00817600973689,0.136286346792209,0.0212216900163464,FALSE,"uptake","AICc",TRUE,"convex (accelerating) trace",0.0560635809793245,"HM",0.0559715045414137,0.0560635809793245,0.119376910916798,0.0257437723140768,1.00164505918977,1.03551414649329,0.161315453510812,TRUE,"below detection","SE | AICc | p-value | Intercept",FALSE,NA,"compost"
"2025-08-22_5A_1",2025-08-22,5,"A",2025-08-22 15:12:33,2025-08-22 15:14:07,2025-08-22 15:12:08,6.03211,0.04696,318,100.858568421053,31.351287368421,"2025-08-22_hudsoncarbonfieldfluxes.json",FALSE,2025-08-22,"",1,FALSE,TRUE,"single",NA,TRUE,0.12394,6.10909,12.549381888919,"HM",11.5080706986811,12.549381888919,0.126274723256879,0.998854698333541,1.09048529658035,0.565064160931334,0.0866673908872572,FALSE,"emission","",NA,NA,-0.608433062046399,"HM",-0.600052515973785,-0.608433062046399,0.016880865049477,0.995503627048901,1.01396635435986,0.136286346792209,0.0209030812900413,FALSE,"uptake","AICc",FALSE,NA,0.25346275396116,"HM",0.196699180192322,0.25346275396116,0.167228742520203,0.247834817870142,1.28858063217822,1.03551414649329,0.158884430906022,FALSE,"emission","SE | AICc | Intercept",FALSE,NA,"control"
"2025-08-22_5B_1",2025-08-22,5,"B",2025-08-22 15:15:50,2025-08-22 15:17:24,2025-08-22 15:15:25,6.18316,0.04696,318,100.855578947368,31.1756052631579,"2025-08-22_hudsoncarbonfieldfluxes.json",FALSE,2025-08-22,"",1,FALSE,TRUE,"single",NA,TRUE,0.12394,6.26014,10.7220870669249,"HM",10.2806094816244,10.7220870669249,0.134170985537302,0.998930075634372,1.04294274440534,0.565064160931334,0.0888250039723675,FALSE,"emission","",NA,NA,-0.607613344577461,"HM",-0.601696770458573,-0.607613344577461,0.0152188082897047,0.996376337484272,1.00983314920301,0.136286346792209,0.0214234703458188,FALSE,"uptake","AICc",TRUE,"convex (accelerating) trace",0.114057630840653,"HM",0.113916799218851,0.114057630840653,0.113883072476338,0.137095773441073,1.00123626737029,1.03551414649329,0.162846355251702,TRUE,"below detection","SE | AICc | Intercept",FALSE,NA,"control"
"2025-08-22_5C_1",2025-08-22,5,"C",2025-08-22 15:19:05,2025-08-22 15:20:39,2025-08-22 15:18:40,6.31036,0.04696,318,100.851063157895,31.1410968421053,"2025-08-22_hudsoncarbonfieldfluxes.json",FALSE,2025-08-22,"",1,FALSE,TRUE,"single",NA,TRUE,0.12394,6.38734,14.3142981739034,"HM",13.1454591440715,14.3142981739034,0.186703659318392,0.998447367672481,1.08891580103986,0.565064160931334,0.090466769287597,FALSE,"emission","",NA,NA,-0.635531820278983,"HM",-0.609164996633976,-0.635531820278983,0.0178691742959803,0.995109744853793,1.04328355009021,0.136286346792209,0.0218194434274136,FALSE,"uptake","",FALSE,NA,-0.00660733012431057,"HM",-0.00662673175968144,-0.00660733012431057,0.0727163977597417,-0.0104527149766618,0.997072216580589,1.03551414649329,0.165827219519484,TRUE,"below detection","SE | AICc | p-value | MDF | Intercept",TRUE,"convex (accelerating) trace","control"
"2025-08-22_6A_1",2025-08-22,6,"A",2025-08-22 15:02:23,2025-08-22 15:03:57,2025-08-22 15:01:58,5.96851,0.04696,318,100.853652631579,31.3485105263158,"2025-08-22_hudsoncarbonfieldfluxes.json",FALSE,2025-08-22,"",1,FALSE,TRUE,"single",NA,TRUE,0.12394,6.04549,12.250115189316,"HM",12.0899475279314,12.250115189316,0.114291510694863,0.999528263925727,1.01324800302189,0.565064160931334,0.0852835672037151,FALSE,"emission","AICc",NA,NA,-0.680945022480551,"HM",-0.67318434063658,-0.680945022480551,0.0188582978754463,0.995538541193712,1.01152831605773,0.136286346792209,0.0205693204758293,FALSE,"uptake","AICc",FALSE,NA,0.196514063818529,"LM",0.196514063818529,0.768607243408484,0.0337444235990653,0.259342905262814,3.91120731246113,1.03551414649329,0.156342956430037,FALSE,"emission","SE | g-fact. > 2 | Intercept (LM)",FALSE,NA,"slurry"
"2025-08-22_6B_1",2025-08-22,6,"B",2025-08-22 15:05:33,2025-08-22 15:07:07,2025-08-22 15:05:08,6.43756,0.04696,318,100.859568421053,31.5099610526316,"2025-08-22_hudsoncarbonfieldfluxes.json",FALSE,2025-08-22,"",1,FALSE,TRUE,"single",NA,TRUE,0.12394,6.51454,13.3451125148556,"HM",12.3538962846605,13.3451125148556,0.123235309040698,0.999061429158838,1.08023511023206,0.565064160931334,0.0922390042864941,FALSE,"emission","",NA,NA,-0.613967670380172,"HM",-0.576712467289505,-0.613967670380172,0.0165778428748136,0.995286538113748,1.06459926775255,0.136286346792209,0.0222468841507094,FALSE,"uptake","",FALSE,NA,0.339047719464084,"HM",0.33661502752873,0.339047719464084,0.114512960652456,0.594353564201294,1.00722692612155,1.03551414649329,0.169112985468746,FALSE,"emission","SE | AICc | Intercept",FALSE,NA,"slurry"
"2025-08-22_6C_1",2025-08-22,6,"C",2025-08-22 15:08:51,2025-08-22 15:10:25,2025-08-22 15:08:26,6.36601,0.04696,318,100.859715789474,31.225432631579,"2025-08-22_hudsoncarbonfieldfluxes.json",FALSE,2025-08-22,"",1,FALSE,TRUE,"single",NA,TRUE,0.12394,6.44299,10.183431613687,"HM",10.020284022405,10.183431613687,0.0929074762969537,0.999498299246918,1.01628173322405,0.565064160931334,0.0913189305701212,FALSE,"emission","AICc",NA,NA,-0.41990286779026,"HM",-0.417718144409625,-0.41990286779026,0.019134807535473,0.988001626003507,1.00523013761761,0.136286346792209,0.0220249739779295,FALSE,"uptake","AICc",TRUE,"convex (accelerating) trace",0.261532501825748,"HM",0.260734477819864,0.261532501825748,0.13736324493387,0.375459903026252,1.00306067694828,1.03551414649329,0.167406678603856,FALSE,"emission","SE | AICc | Intercept",FALSE,NA,"slurry"
"2025-08-22_7A_1",2025-08-22,7,"A",2025-08-22 15:33:22,2025-08-22 15:34:56,2025-08-22 15:32:57,6.16726,0.04696,318,100.845831578947,30.7205621052632,"2025-08-22_hudsoncarbonfieldfluxes.json",FALSE,2025-08-22,"",1,FALSE,TRUE,"single",NA,TRUE,0.12394,6.24424,11.9677211698164,"HM",11.7724325473931,11.9677211698164,0.133898759435747,0.999245476125746,1.01658863804376,0.565064160931334,0.0887298874457231,FALSE,"emission","AICc",NA,NA,-0.434910850268212,"HM",-0.425910756806041,-0.434910850268212,0.0181711919716193,0.989633022358413,1.02113140679908,0.136286346792209,0.0214005294395781,FALSE,"uptake","AICc",FALSE,NA,0.126425764367152,"HM",0.125895681407588,0.126425764367152,0.135535831976676,0.119818680319558,1.00421049358991,1.03551414649329,0.162656715151252,TRUE,"below detection","SE | AICc",FALSE,NA,"control"
"2025-08-22_7B_1",2025-08-22,7,"B",2025-08-22 15:36:35,2025-08-22 15:38:09,2025-08-22 15:36:10,6.32626,0.04696,318,100.838957894737,31.8606263157895,"2025-08-22_hudsoncarbonfieldfluxes.json",FALSE,2025-08-22,"",1,FALSE,TRUE,"single",NA,TRUE,0.12394,6.40324,12.5073897209444,"HM",11.7059401862061,12.5073897209444,0.120705766968951,0.999124671245514,1.06846519988908,0.565064160931334,0.0903908800135567,FALSE,"emission","",NA,NA,-0.5405664298904,"HM",-0.533490700173994,-0.5405664298904,0.015631089823446,0.995086570147155,1.01326307977646,0.136286346792209,0.0218011398919308,FALSE,"uptake","AICc",FALSE,NA,0.0898535485952806,"HM",0.0895604493914083,0.0898535485952806,0.112909002073469,0.0876150088950006,1.00327264105824,1.03551414649329,0.165730890901536,TRUE,"below detection","SE | AICc | Intercept",FALSE,NA,"control"
"2025-08-22_7C_1",2025-08-22,7,"C",2025-08-22 15:39:48,2025-08-22 15:41:22,2025-08-22 15:39:23,6.22291,0.04696,318,100.836305263158,30.3638284210526,"2025-08-22_hudsoncarbonfieldfluxes.json",FALSE,2025-08-22,"",1,FALSE,TRUE,"single",NA,TRUE,0.12394,6.29989,11.795788964682,"HM",11.1397047490699,11.795788964682,0.194525847244397,0.998120746959561,1.05889601478594,0.565064160931334,0.089740589212077,FALSE,"emission","",NA,NA,-0.415899758776892,"HM",-0.413447544228029,-0.415899758776892,0.0191521357264696,0.987745532560726,1.00593113826191,0.136286346792209,0.0216442979546539,FALSE,"uptake","AICc",TRUE,"convex (accelerating) trace",0.142227256025286,"HM",0.141917665945982,0.142227256025286,0.12536660597667,0.171267180392353,1.00218147668396,1.03551414649329,0.164532628822898,TRUE,"below detection","SE | AICc | Intercept",FALSE,NA,"control"
"2025-08-22_8A_1",2025-08-22,8,"A",2025-08-22 15:44:38,2025-08-22 15:46:12,2025-08-22 15:44:13,6.22291,0.04696,318,100.841294736842,31.4954515789474,"2025-08-22_hudsoncarbonfieldfluxes.json",FALSE,2025-08-22,"",1,FALSE,TRUE,"single",NA,TRUE,0.12394,6.29989,12.2009402993513,"HM",11.7924039404323,12.2009402993513,0.136122207043116,0.999170040075668,1.03464402686532,0.565064160931334,0.0892964045598687,FALSE,"emission","",NA,NA,-0.605985998789364,"HM",-0.600330009247749,-0.605985998789364,0.0153406922788541,0.996312420015296,1.00942146728381,0.136286346792209,0.0215371662203551,FALSE,"uptake","AICc",TRUE,"convex (accelerating) trace",0.0865307749609719,"LM",0.0865307749609719,0.355306702393696,0.0323932147344234,0.0612733095134954,4.10613105630858,1.03551414649329,0.163685585803292,TRUE,"below detection","SE | g-fact. > 2 | Intercept",FALSE,NA,"compost"
"2025-08-22_8B_1",2025-08-22,8,"B",2025-08-22 15:47:52,2025-08-22 15:49:26,2025-08-22 15:47:27,6.33421,0.04696,318,100.843768421053,30.7789536842105,"2025-08-22_hudsoncarbonfieldfluxes.json",FALSE,2025-08-22,"",1,FALSE,TRUE,"single",NA,TRUE,0.12394,6.41119,12.6935750806842,"HM",11.8512177690086,12.6935750806842,0.156705464617888,0.998741562523315,1.07107770088221,0.565064160931334,0.0911827474420492,FALSE,"emission","",NA,NA,-0.560401215488951,"HM",-0.555679517072544,-0.560401215488951,0.0179143321745019,0.994091001800234,1.00849716117175,0.136286346792209,0.0219921283255188,FALSE,"uptake","AICc",TRUE,"convex (accelerating) trace",0.100179209881387,"HM",0.0942386648507989,0.100179209881387,0.128566180614616,0.0814668941298866,1.06303723678591,1.03551414649329,0.167159009534249,TRUE,"below detection","SE | AICc | Intercept",FALSE,NA,"compost"
"2025-08-22_8C_1",2025-08-22,8,"C",2025-08-22 15:51:07,2025-08-22 15:52:41,2025-08-22 15:50:42,6.27856,0.04696,318,100.838252631579,30.850972631579,"2025-08-22_hudsoncarbonfieldfluxes.json",FALSE,2025-08-22,"",1,FALSE,TRUE,"single",NA,TRUE,0.12394,6.35554,12.449720330844,"HM",12.1595833350358,12.449720330844,0.117420965011827,0.999433389263027,1.02386076790742,0.565064160931334,0.0902422441848031,FALSE,"emission","",NA,NA,-0.716633574553594,"HM",-0.710870371953272,-0.716633574553594,0.0169478369939607,0.996825405732239,1.00810724828,0.136286346792209,0.0217652908052185,FALSE,"uptake","AICc",TRUE,"convex (accelerating) trace",0.168198390459473,"HM",0.167860867848697,0.168198390459473,0.119841070994462,0.24344685667089,1.00201072837941,1.03551414649329,0.165462250779629,FALSE,"emission","SE | AICc",FALSE,NA,"compost"
"2025-08-22_9A_1",2025-08-22,9,"A",2025-08-22 15:54:43,2025-08-22 15:56:17,2025-08-22 15:54:18,6.19111,0.04696,318,100.840136842105,30.6799105263158,"2025-08-22_hudsoncarbonfieldfluxes.json",FALSE,2025-08-22,"",1,FALSE,TRUE,"single",NA,TRUE,0.12394,6.26809,11.090741588707,"HM",10.980398497475,11.090741588707,0.175673158187802,0.998644973166537,1.01004909714865,0.565064160931334,0.0892422385210321,FALSE,"emission","AICc",NA,NA,-0.528472837605443,"HM",-0.524023958480422,-0.528472837605443,0.017833751493282,0.993403581608789,1.00848983916293,0.136286346792209,0.0215241020551441,FALSE,"uptake","AICc",TRUE,"convex (accelerating) trace",0.307377221256834,"HM",0.306817104571597,0.307377221256834,0.113746105194173,0.550237060535987,1.00182557190225,1.03551414649329,0.163563777345393,FALSE,"emission","SE | AICc | Intercept",FALSE,NA,"compost"
"2025-08-22_9B_1",2025-08-22,9,"B",2025-08-22 15:57:54,2025-08-22 15:59:28,2025-08-22 15:57:29,6.23086,0.04696,318,100.841747368421,31.2932105263158,"2025-08-22_hudsoncarbonfieldfluxes.json",FALSE,2025-08-22,"",1,FALSE,TRUE,"single",NA,TRUE,0.12394,6.30784,15.2200141494718,"HM",14.2127415791937,15.2200141494718,0.105473427713113,0.999381229880923,1.07087109581677,0.565064160931334,0.0893656085213203,FALSE,"emission","",NA,NA,-0.612266689716758,"HM",-0.608164742734188,-0.612266689716758,0.0177101654167502,0.995223800447783,1.00674479576723,0.136286346792209,0.0215538573427832,FALSE,"uptake","AICc",TRUE,"convex (accelerating) trace",1.27375074646289,"HM",1.25309737543627,1.27375074646289,0.124059630457214,0.946354486432851,1.01648185642351,1.03551414649329,0.163822439925716,FALSE,"emission","SE | AICc",FALSE,NA,"compost"
"2025-08-22_9C_1",2025-08-22,9,"C",2025-08-22 16:01:16,2025-08-22 16:02:50,2025-08-22 16:00:51,6.15931,0.04696,318,100.844526315789,31.31492,"2025-08-22_hudsoncarbonfieldfluxes.json",FALSE,2025-08-22,"",1,FALSE,TRUE,"single",NA,TRUE,0.12394,6.23629,12.4111514558934,"HM",12.2838651944589,12.4111514558934,0.18632600398016,0.998752200783039,1.01036206922002,0.565064160931334,0.0884394298449083,FALSE,"emission","AICc",NA,NA,-0.60579546485244,"HM",-0.601043045213595,-0.60579546485244,0.0180404729701176,0.99489925032993,1.00790695388074,0.136286346792209,0.0213304747306618,FALSE,"uptake","AICc",TRUE,"convex (accelerating) trace",0.533825388357828,"HM",0.532663713766437,0.533825388357828,0.122649086676699,0.761400015683499,1.00218087803124,1.03551414649329,0.162103216223958,FALSE,"emission","SE | AICc | Intercept",TRUE,"convex (accelerating) trace","compost"
"2025-08-22_10A_1",2025-08-22,10,"A",2025-08-22 16:25:18,2025-08-22 16:26:52,2025-08-22 16:24:53,6.35011,0.04696,318,100.825831578947,29.8842957894737,"2025-08-22_hudsoncarbonfieldfluxes.json",FALSE,2025-08-22,"",1,FALSE,TRUE,"single",NA,TRUE,0.12394,6.42709,9.23190819498625,"HM",9.10134207728013,9.23190819498625,0.10012050597267,0.999342155892679,1.01434580928807,0.565064160931334,0.0919290603981048,FALSE,"emission","AICc",NA,NA,-0.347809323173747,"HM",-0.33610943374938,-0.347809323173747,0.0164337314913545,0.986633303291995,1.03480976208806,0.136286346792209,0.0221721295950682,FALSE,"uptake","AICc",FALSE,NA,0.345079601775246,"HM",0.306473315101268,0.345079601775246,0.124465477258395,0.547169292460934,1.12596948827738,1.03551414649329,0.168512728260487,FALSE,"emission","SE | AICc | Intercept",FALSE,NA,"control"
"2025-08-22_10B_1",2025-08-22,10,"B",2025-08-22 16:28:31,2025-08-22 16:30:05,2025-08-22 16:28:06,5.99236,0.04696,318,100.822863157895,28.3643810526316,"2025-08-22_hudsoncarbonfieldfluxes.json",FALSE,2025-08-22,"",1,FALSE,TRUE,"single",NA,TRUE,0.12394,6.06934,9.222472207656,"HM",9.07396407826464,9.222472207656,0.103089462046346,0.999249448237852,1.01636640040785,0.565064160931334,0.0873412541056492,FALSE,"emission","AICc",NA,NA,-0.396173826326642,"HM",-0.392379330027559,-0.396173826326642,0.0164981923673145,0.989903950321412,1.00967047958112,0.136286346792209,0.021065608596889,FALSE,"uptake","AICc",TRUE,"convex (accelerating) trace",-0.0684272501583106,"LM",-0.0684272501583106,-0.191262576237464,0.0316803124484637,0.0375291658633934,2.7951229341376,1.03551414649329,0.160107312332031,TRUE,"below detection","SE | AICc | g-fact. > 2 | Intercept",FALSE,NA,"control"
"2025-08-22_10C_1",2025-08-22,10,"C",2025-08-22 16:31:59,2025-08-22 16:33:33,2025-08-22 16:31:34,5.98044,0.04696,318,100.819726315789,28.8642157894737,"2025-08-22_hudsoncarbonfieldfluxes.json",FALSE,2025-08-22,"",1,FALSE,TRUE,"single",NA,TRUE,0.12394,6.05742,8.40782187795475,"HM",7.96851156313909,8.40782187795475,0.0771575833196695,0.999289305316323,1.0551307871407,0.565064160931334,0.0868989044488078,FALSE,"emission","",NA,NA,-0.348990683572206,"HM",-0.342702464950225,-0.348990683572206,0.0130698948839444,0.991686441911108,1.01834891564872,0.136286346792209,0.0209589194403225,FALSE,"uptake","AICc",FALSE,NA,0.206443702750379,"HM",0.206173674714404,0.206443702750379,0.12429812443924,0.312842359572385,1.00130971151554,1.03551414649329,0.159306116039482,FALSE,"emission","SE | AICc | Intercept",FALSE,NA,"control"
"2025-08-22_11A_1",2025-08-22,11,"A",2025-08-22 16:15:00,2025-08-22 16:16:34,2025-08-22 16:14:35,6.21894,0.04696,318,100.830621052632,30.4675684210526,"2025-08-22_hudsoncarbonfieldfluxes.json",FALSE,2025-08-22,"",1,FALSE,TRUE,"single",NA,TRUE,0.12394,6.29592,11.421547095728,"HM",11.2467266696798,11.421547095728,0.0844566615410052,0.999689812902386,1.01554411618445,0.565064160931334,0.0895997717557845,FALSE,"emission","AICc",NA,NA,-0.486409383308669,"HM",-0.478756772697628,-0.486409383308669,0.0163666972365408,0.993290596793482,1.01598433912051,0.136286346792209,0.0216103345607429,FALSE,"uptake","AICc",FALSE,NA,0.256046804573111,"HM",0.253754332963157,0.256046804573111,0.137295416722606,0.364651729825894,1.00903421661094,1.03551414649329,0.164232211544541,FALSE,"emission","SE | AICc | Intercept",FALSE,NA,"slurry"
"2025-08-22_11B_1",2025-08-22,11,"B",2025-08-22 16:18:11,2025-08-22 16:19:45,2025-08-22 16:17:46,6.19906,0.04696,318,100.830863157895,30.4909021052632,"2025-08-22_hudsoncarbonfieldfluxes.json",FALSE,2025-08-22,"",1,FALSE,TRUE,"single",NA,TRUE,0.12394,6.27604,10.8049581916717,"HM",10.284379051355,10.8049581916717,0.0668932756231492,0.999597707145913,1.0506184318681,0.565064160931334,0.0892350392240297,FALSE,"emission","",NA,NA,-0.447291150837111,"HM",-0.409691233379518,-0.447291150837111,0.0162398884882014,0.991355298129415,1.0917762314498,0.136286346792209,0.0215223656755331,FALSE,"uptake","",FALSE,NA,0.249953372333044,"HM",0.249137074418399,0.249953372333044,0.115989225335762,0.436099645022618,1.00327650116527,1.03551414649329,0.163593922273954,FALSE,"emission","SE | AICc | Intercept",FALSE,NA,"slurry"
"2025-08-22_11C_1",2025-08-22,11,"C",2025-08-22 16:21:28,2025-08-22 16:23:02,2025-08-22 16:21:03,5.94069,0.04696,318,100.830621052632,29.4624368421053,"2025-08-22_hudsoncarbonfieldfluxes.json",FALSE,2025-08-22,"",1,FALSE,TRUE,"single",NA,TRUE,0.12394,6.01767,9.00995121170408,"HM",8.68378319001849,9.00995121170408,0.0941074007302852,0.999248914989669,1.03756059018845,0.565064160931334,0.0861131542312613,FALSE,"emission","",NA,NA,-0.343536377355582,"HM",-0.33859972861642,-0.343536377355582,0.0152475504428325,0.988412637581854,1.01457960040114,0.136286346792209,0.0207694064008402,FALSE,"uptake","AICc",FALSE,NA,0.088184791433088,"HM",0.0882598584817473,0.088184791433088,0.105256233266687,0.0972084593419049,0.999149476897533,1.03551414649329,0.157855854721248,TRUE,"below detection","SE | AICc | Intercept",TRUE,"convex (accelerating) trace","slurry"
"2025-08-22_12A_1",2025-08-22,12,"A",2025-08-22 16:04:49,2025-08-22 16:06:23,2025-08-22 16:04:24,6.33819,0.04696,318,100.840905263158,30.3752547368421,"2025-08-22_hudsoncarbonfieldfluxes.json",FALSE,2025-08-22,"",1,FALSE,TRUE,"single",NA,TRUE,0.12394,6.41517,12.2596770217212,"HM",11.41634008248,12.2596770217212,0.136859907979228,0.998886078315462,1.07387104213332,0.565064160931334,0.0913111954925983,FALSE,"emission","",NA,NA,-0.518145120958867,"HM",-0.509188667225344,-0.518145120958867,0.0170988252096935,0.99351394297547,1.01758965646727,0.136286346792209,0.0220231083748163,FALSE,"uptake","AICc",FALSE,NA,0.158991620592703,"HM",0.15874322350714,0.158991620592703,0.131362018648588,0.191458248683968,1.00156477284557,1.03551414649329,0.167416519218355,TRUE,"below detection","SE | AICc | Intercept",FALSE,NA,"slurry"
"2025-08-22_12B_1",2025-08-22,12,"B",2025-08-22 16:08:21,2025-08-22 16:09:55,2025-08-22 16:07:56,6.07981,0.04696,318,100.834284210526,29.7888568421053,"2025-08-22_hudsoncarbonfieldfluxes.json",FALSE,2025-08-22,"",1,FALSE,TRUE,"single",NA,TRUE,0.12394,6.15679,13.9465443976665,"HM",13.8309431484863,13.9465443976665,0.25515478824099,0.998152204443237,1.00835816096843,0.565064160931334,0.0876005639708255,FALSE,"emission","AICc",NA,NA,-0.588685564823361,"HM",-0.584632355196086,-0.588685564823361,0.0181198316284274,0.994563645769531,1.00693292047772,0.136286346792209,0.0211281508649277,FALSE,"uptake","AICc",TRUE,"convex (accelerating) trace",0.159352937903986,"HM",0.158768699533355,0.159352937903986,0.122592495461438,0.215206222206383,1.00367980825155,1.03551414649329,0.160590281347256,TRUE,"below detection","SE | AICc | Intercept",FALSE,NA,"slurry"
"2025-08-22_12C_1",2025-08-22,12,"C",2025-08-22 16:11:36,2025-08-22 16:13:10,2025-08-22 16:11:11,5.84131,0.04696,318,100.832484210526,30.2998589473684,"2025-08-22_hudsoncarbonfieldfluxes.json",FALSE,2025-08-22,"",1,FALSE,TRUE,"single",NA,TRUE,0.12394,5.91829,10.1666928683477,"HM",10.022675437958,10.1666928683477,0.118583061660939,0.999232309397385,1.01436916033859,0.565064160931334,0.0842319812309351,FALSE,"emission","AICc",NA,NA,-0.436630033816639,"HM",-0.432899944667466,-0.436630033816639,0.0152449305648415,0.992937028802636,1.00861651565245,0.136286346792209,0.0203156912059568,FALSE,"uptake","AICc",TRUE,"convex (accelerating) trace",0.178344216453616,"LM",0.178344216453616,0.787614452253436,0.0241482406428522,0.362901950053123,4.41626012839212,1.03551414649329,0.15442164308425,FALSE,"emission","SE | g-fact. > 2 | Intercept (LM)",FALSE,NA,"slurry"
"2025-08-22_13A_1",2025-08-22,13,"A",2025-08-22 16:35:44,2025-08-22 16:37:18,2025-08-22 16:35:19,6.35806,0.04696,318,100.810115789474,29.8342473684211,"2025-08-22_hudsoncarbonfieldfluxes.json",FALSE,2025-08-22,"",1,FALSE,TRUE,"single",NA,TRUE,0.12394,6.43504,10.485422818758,"HM",10.3109991881127,10.485422818758,0.088030899791606,0.99956669720216,1.01691626848797,0.565064160931334,0.0918106219630731,FALSE,"emission","",NA,NA,-0.56187194838789,"HM",-0.532732491856553,-0.56187194838789,0.0179894091602267,0.993602366598767,1.05469810266272,0.136286346792209,0.0221435637387526,FALSE,"uptake","",FALSE,NA,0.803703721795526,"HM",0.485858338266107,0.803703721795526,0.191038568085048,0.68608570317772,1.65419353440289,1.03551414649329,0.168293876926606,FALSE,"emission","SE | Intercept",FALSE,NA,"slurry"
"2025-08-22_13B_1",2025-08-22,13,"B",2025-08-22 16:39:23,2025-08-22 16:40:57,2025-08-22 16:38:58,6.27856,0.04696,318,100.810831578947,29.3305115789474,"2025-08-22_hudsoncarbonfieldfluxes.json",FALSE,2025-08-22,"",1,FALSE,TRUE,"single",NA,TRUE,0.12394,6.35554,13.5925724712212,"HM",13.4276768019634,13.5925724712212,0.144343002358301,0.999390442144838,1.01228028285828,0.565064160931334,0.0908413248524918,FALSE,"emission","AICc",NA,NA,-0.462355905330631,"HM",-0.442886928041565,-0.462355905330631,0.0159092184600872,0.992749904078796,1.04395925022027,0.136286346792209,0.0219097815042898,FALSE,"uptake","AICc",FALSE,NA,0.255342831734111,"HM",0.224959720732432,0.255342831734111,0.111050838752329,0.451994488363188,1.13506022723871,1.03551414649329,0.166514233044794,FALSE,"emission","SE | AICc | Intercept",FALSE,NA,"slurry"
"2025-08-22_13C_1",2025-08-22,13,"C",2025-08-22 16:42:41,2025-08-22 16:44:15,2025-08-22 16:42:16,6.00031,0.04696,318,100.809736842105,28.4286315789474,"2025-08-22_hudsoncarbonfieldfluxes.json",FALSE,2025-08-22,"",1,FALSE,TRUE,"single",NA,TRUE,0.12394,6.07729,11.087790543472,"HM",10.3372758855751,11.087790543472,0.10300845982634,0.999132881133773,1.07260275010597,0.565064160931334,0.0874861168401364,FALSE,"emission","",NA,NA,-0.364565635217068,"HM",-0.360152084674689,-0.364565635217068,0.0146429577227573,0.99054047953364,1.01225468553477,0.136286346792209,0.0211005476608654,FALSE,"uptake","AICc",FALSE,NA,7.21717540916069,"LM",7.21717540916069,7.32006489226018,0.0325222662882681,0.99809482209018,1.01425619820309,1.03551414649329,0.160398614112978,FALSE,"emission","RMSE | SE | AICc",FALSE,NA,"slurry"
"2025-08-22_14A_1",2025-08-22,14,"A",2025-08-22 16:46:17,2025-08-22 16:47:51,2025-08-22 16:45:52,5.98044,0.04696,318,100.805863157895,28.294572631579,"2025-08-22_hudsoncarbonfieldfluxes.json",FALSE,2025-08-22,"",1,FALSE,TRUE,"single",NA,TRUE,0.12394,6.05742,11.6452704164978,"HM",11.4895996209509,11.6452704164978,0.0933638520062036,0.999664312852484,1.01354884423152,0.565064160931334,0.0869574673756841,FALSE,"emission","AICc",NA,NA,-0.357244599368642,"HM",-0.351691351883911,-0.357244599368642,0.0165944102764548,0.987289863446674,1.01579011668892,0.136286346792209,0.0209730440794578,FALSE,"uptake","AICc",FALSE,NA,0.24473943603527,"HM",0.146094581402187,0.24473943603527,0.169597182183088,0.204398493566085,1.67521227472169,1.03551414649329,0.159374926339218,FALSE,"emission","SE | AICc | Intercept",FALSE,NA,"compost"
"2025-08-22_14B_1",2025-08-22,14,"B",2025-08-22 16:49:33,2025-08-22 16:51:07,2025-08-22 16:49:08,6.31831,0.04696,318,100.805063157895,28.5118947368421,"2025-08-22_hudsoncarbonfieldfluxes.json",FALSE,2025-08-22,"",1,FALSE,TRUE,"single",NA,TRUE,0.12394,6.39529,9.85968094785693,"HM",9.61472889378616,9.85968094785693,0.0819535977524738,0.999541876186163,1.02547675101157,0.565064160931334,0.0916980067513286,FALSE,"emission","",NA,NA,-0.415926092454992,"HM",-0.411106393441327,-0.415926092454992,0.019568811559656,0.987101251892344,1.01172372673001,0.136286346792209,0.0221164023704284,FALSE,"uptake","AICc",FALSE,NA,0.039870349383158,"HM",0.0398956076836623,0.039870349383158,0.196774621388162,-0.00351327505076249,0.999366890192412,1.03551414649329,0.168097116109901,TRUE,"below detection","SE | AICc | p-value | Intercept",FALSE,NA,"compost"
"2025-08-22_14C_1",2025-08-22,14,"C",2025-08-22 16:52:54,2025-08-22 16:54:28,2025-08-22 16:52:29,6.45744,0.04696,318,100.804863157895,28.2025631578947,"2025-08-22_hudsoncarbonfieldfluxes.json",FALSE,2025-08-22,"",1,FALSE,TRUE,"single",NA,TRUE,0.12394,6.53442,10.056944123188,"HM",9.9379559342926,10.056944123188,0.121656328130521,0.999197579120077,1.01197310490025,0.565064160931334,0.0940600443713943,FALSE,"emission","AICc",NA,NA,-0.218998513389733,"HM",-0.217869394067611,-0.218998513389733,0.0172574892319831,0.964605246069426,1.00518255134896,0.136286346792209,0.0226860960450262,FALSE,"uptake","AICc",TRUE,"convex (accelerating) trace",0.122650676278905,"HM",0.122641678710824,0.122650676278905,0.123756804629789,0.135312191649822,1.00007336468463,1.03551414649329,0.172425869796278,TRUE,"below detection","SE | AICc",FALSE,NA,"compost"
"2025-08-22_15A_1",2025-08-22,15,"A",2025-08-22 16:56:45,2025-08-22 16:58:19,2025-08-22 16:56:20,6.00031,0.04696,318,100.7978,28.8895410526316,"2025-08-22_hudsoncarbonfieldfluxes.json",FALSE,2025-08-22,"",1,FALSE,TRUE,"single",NA,TRUE,0.12394,6.07729,9.59396448857992,"HM",9.26649628585558,9.59396448857992,0.108552943346249,0.999145951702004,1.03533894501465,0.565064160931334,0.0872283994861022,FALSE,"emission","",NA,NA,-0.404472327421233,"HM",-0.398141803612862,-0.404472327421233,0.0144754498307531,0.992452245612763,1.01590017363393,0.136286346792209,0.0210383894864231,FALSE,"uptake","AICc",FALSE,NA,0.181900060734807,"HM",0.181407034503127,0.181900060734807,0.124205468516876,0.259753736830318,1.00271779004067,1.03551414649329,0.159890005188786,FALSE,"emission","SE | AICc | Intercept",FALSE,NA,"control"
"2025-08-22_15B_1",2025-08-22,15,"B",2025-08-22 17:00:04,2025-08-22 17:01:38,2025-08-22 16:59:39,6.33819,0.04696,318,100.795621052632,28.9758252631579,"2025-08-22_hudsoncarbonfieldfluxes.json",FALSE,2025-08-22,"",1,FALSE,TRUE,"single",NA,TRUE,0.12394,6.41517,10.9270840001949,"HM",10.7461177674092,10.9270840001949,0.115736128050594,0.999318794083129,1.0168401497827,0.565064160931334,0.0919694520600455,FALSE,"emission","AICc",NA,NA,-0.505527380681011,"HM",-0.501629934396082,-0.505527380681011,0.0166154132907113,0.993762886643357,1.00776956480801,0.136286346792209,0.0221818715543489,FALSE,"uptake","AICc",TRUE,"convex (accelerating) trace",0.128890969640996,"LM",0.128890969640996,0.681855068425083,0.0310870987784261,0.146930709479418,5.29016943796975,1.03551414649329,0.168592781220452,TRUE,"below detection","SE | g-fact. > 2 | Intercept",FALSE,NA,"control"
"2025-08-22_15C_1",2025-08-22,15,"C",2025-08-22 17:03:21,2025-08-22 17:04:55,2025-08-22 17:02:56,6.23881,0.04696,318,100.792136842105,28.8697357894737,"2025-08-22_hudsoncarbonfieldfluxes.json",FALSE,2025-08-22,"",1,FALSE,TRUE,"single",NA,TRUE,0.12394,6.31579,11.8054020469667,"HM",11.6262017040495,11.8054020469667,0.0968678858726948,0.999612343356299,1.01541348993239,0.565064160931334,0.0903647951258796,FALSE,"emission","AICc",NA,NA,-0.428922232522806,"HM",-0.426033144324294,-0.428922232522806,0.017726309777044,0.990125801899154,1.00678136956479,0.136286346792209,0.0217948485461089,FALSE,"uptake","AICc",TRUE,"convex (accelerating) trace",-0.0303989394116964,"HM",-0.0188308771475964,-0.0303989394116964,0.159893673258502,-0.00715716395216415,1.61431351144344,1.03551414649329,0.165644776383339,TRUE,"below detection","SE | AICc | p-value | MDF | Intercept",FALSE,NA,"control"
"2025-09-10_1A_1",2025-09-10,1,"A",2025-09-10 11:59:45,2025-09-10 12:01:20,2025-09-10 11:59:20,6.22291,0.04696,318,101.541572916667,25.6245552083333,"2025-09-10_hudsoncarbonfieldfluxes.json",FALSE,2025-09-10,"",1,FALSE,TRUE,"single",NA,TRUE,0.12394,6.29989,6.9447489911198,"HM",5.53693338120764,6.9447489911198,0.102694033755448,0.994822708990502,1.25425908404285,0.484340709369664,0.0783015521493687,FALSE,"emission","",NA,NA,-0.576457385614693,"HM",-0.42883280078568,-0.576457385614693,0.0196494309774503,0.9853784791801,1.34424741894404,0.136286346792209,0.0220329042844349,FALSE,"uptake","",FALSE,NA,0.0595591431685013,"LM",0.0595591431685013,0.166100947753135,0.027135462076314,0.0386318966901649,2.78884045197245,1.04248571730995,0.168528918883905,TRUE,"below detection","SE | g-fact. > 2 | Intercept",FALSE,NA,"slurry"
"2025-09-10_1B_1",2025-09-10,1,"B",2025-09-10 12:03:23,2025-09-10 12:04:57,2025-09-10 12:02:58,6.22132,0.04696,318,101.536421052632,24.9381052631579,"2025-09-10_hudsoncarbonfieldfluxes.json",FALSE,2025-09-10,"",1,FALSE,TRUE,"single",NA,TRUE,0.12394,6.2983,8.43497142437096,"HM",8.31726656180509,8.43497142437096,0.0664626270744492,0.999675114857114,1.01415186848843,0.484340709369664,0.0792769404209762,FALSE,"emission","AICc",NA,NA,-0.473854656022929,"HM",-0.470366856609829,-0.473854656022929,0.0165601899375245,0.992948149627985,1.00741506201827,0.136286346792209,0.0223073641877008,FALSE,"uptake","AICc",TRUE,"convex (accelerating) trace",0.0579313615488877,"HM",0.0577960634163613,0.0579313615488877,0.120764367726475,0.0273869057086807,1.00234095757615,1.04248571730995,0.170653320188285,TRUE,"below detection","SE | AICc | p-value | Intercept",FALSE,NA,"slurry"
"2025-09-10_1C_1",2025-09-10,1,"C",2025-09-10 12:06:59,2025-09-10 12:08:33,2025-09-10 12:06:34,6.22132,0.04696,318,101.536105263158,25.7379884210526,"2025-09-10_hudsoncarbonfieldfluxes.json",FALSE,2025-09-10,"",1,FALSE,TRUE,"single",NA,TRUE,0.12394,6.2983,9.52236367489398,"HM",8.6682911483904,9.52236367489398,0.0702906987482566,0.999051305727269,1.09852836180545,0.484340709369664,0.079059520024027,FALSE,"emission","",NA,NA,-0.528711573274779,"HM",-0.521684537071804,-0.528711573274779,0.0147846211616239,0.995403443584881,1.01346989550892,0.136286346792209,0.0222461852881264,FALSE,"uptake","AICc",FALSE,NA,0.130198120612088,"HM",0.129266979995088,0.130198120612088,0.114612459376898,0.171220871823467,1.00720323641069,1.04248571730995,0.170204990245691,TRUE,"below detection","SE | AICc | Intercept",FALSE,NA,"slurry"
"2025-09-10_2A_1",2025-09-10,2,"A",2025-09-10 12:13:32,2025-09-10 12:15:07,2025-09-10 12:13:07,6.18316,0.04696,318,101.51475,26.6362604166667,"2025-09-10_hudsoncarbonfieldfluxes.json",FALSE,2025-09-10,"",1,FALSE,TRUE,"single",NA,TRUE,0.12394,6.26014,7.45436272555125,"HM",6.54916275659351,7.45436272555125,0.104062615719441,0.997616586156559,1.13821613580246,0.484340709369664,0.0775912622339,FALSE,"emission","",NA,NA,-0.476053603065821,"HM",-0.467416076247869,-0.476053603065821,0.0161426440372404,0.993076297821797,1.01847931052626,0.136286346792209,0.0218330391567058,FALSE,"uptake","AICc",FALSE,NA,0.0188248184451327,"HM",0.0188393717054347,0.0188248184451327,0.107572294465162,-0.00582104341311895,0.999227508192445,1.04248571730995,0.16703231875538,TRUE,"below detection","SE | AICc | p-value | MDF | Intercept",FALSE,NA,"control"
"2025-09-10_2B_1",2025-09-10,2,"B",2025-09-10 12:16:50,2025-09-10 12:18:25,2025-09-10 12:16:25,6.07186,0.04696,318,101.5220625,27.2185989583333,"2025-09-10_hudsoncarbonfieldfluxes.json",FALSE,2025-09-10,"",1,FALSE,TRUE,"single",NA,TRUE,0.12394,6.14884,8.23693865279113,"HM",8.1121048194544,8.23693865279113,0.0621512193123945,0.999669998836617,1.01538858731674,0.484340709369664,0.0758796930088505,FALSE,"emission","AICc",NA,NA,-0.590950391066295,"HM",-0.584073337779113,-0.590950391066295,0.0152249870044124,0.996103104582442,1.01177429757936,0.136286346792209,0.0213514287687052,FALSE,"uptake","AICc",FALSE,NA,0.0903144317729543,"HM",0.0901965719131812,0.0903144317729543,0.128120475817245,0.0675518351362568,1.00130669999173,1.04248571730995,0.163362605642451,TRUE,"below detection","SE | AICc | Intercept",FALSE,NA,"control"
"2025-09-10_2C_1",2025-09-10,2,"C",2025-09-10 12:20:11,2025-09-10 12:21:46,2025-09-10 12:19:46,6.23086,0.04696,318,101.506947916667,27.15548125,"2025-09-10_hudsoncarbonfieldfluxes.json",FALSE,2025-09-10,"",1,FALSE,TRUE,"single",NA,TRUE,0.12394,6.30784,10.5034690179445,"HM",9.30691175559365,10.5034690179445,0.0796738107816317,0.998609468546321,1.1285665206433,0.484340709369664,0.077873633512257,FALSE,"emission","",NA,NA,-0.534902977009773,"HM",-0.523439232332917,-0.534902977009773,0.0173560537170616,0.993632291972951,1.02190081287137,0.136286346792209,0.0219124942783213,FALSE,"uptake","AICc",FALSE,NA,0.116375007861434,"HM",0.115581611990954,0.116375007861434,0.10458871303775,0.163725505548157,1.00686437796474,1.04248571730995,0.167655317014147,TRUE,"below detection","SE | AICc | Intercept",FALSE,NA,"control"
"2025-09-10_3A_1",2025-09-10,3,"A",2025-09-10 12:24:56,2025-09-10 12:26:30,2025-09-10 12:24:31,6.12751,0.04696,318,101.504673684211,25.7781136842105,"2025-09-10_hudsoncarbonfieldfluxes.json",FALSE,2025-09-10,"",1,FALSE,TRUE,"single",NA,TRUE,0.12394,6.20449,10.1063020104351,"HM",9.52321299319622,10.1063020104351,0.0878797859961154,0.999292607457226,1.06122818188099,0.484340709369664,0.0777620235968621,FALSE,"emission","",NA,NA,-0.59097168431329,"HM",-0.586120627462332,-0.59097168431329,0.0170316264160471,0.995244295903322,1.008276550293,0.136286346792209,0.0218810888908725,FALSE,"uptake","AICc",TRUE,"convex (accelerating) trace",0.12094484952063,"HM",0.120477804188256,0.12094484952063,0.138090254098878,0.106106928088251,1.00387660893656,1.04248571730995,0.167384900401365,TRUE,"below detection","SE | AICc | Intercept",FALSE,NA,"compost"
"2025-09-10_3B_1",2025-09-10,3,"B",2025-09-10 12:28:21,2025-09-10 12:29:56,2025-09-10 12:27:56,5.97646,0.04696,318,101.50259375,27.9365802083333,"2025-09-10_hudsoncarbonfieldfluxes.json",FALSE,2025-09-10,"",1,FALSE,TRUE,"single",NA,TRUE,0.12394,6.05344,10.5645112969443,"HM",9.41359201304936,10.5645112969443,0.104727345192163,0.998452234445085,1.12226143668639,0.484340709369664,0.0744815797242218,FALSE,"emission","",NA,NA,-0.523754039799116,"HM",-0.518729771030264,-0.523754039799116,0.0167203960289885,0.994028103490982,1.00968571508605,0.136286346792209,0.0209580202687019,FALSE,"uptake","AICc",TRUE,"convex (accelerating) trace",0.0215803563675727,"HM",0.021589832445269,0.0215803563675727,0.116917022554277,-0.00489796652750929,0.999561086093633,1.04248571730995,0.160352420148789,TRUE,"below detection","SE | AICc | p-value | MDF | Intercept",FALSE,NA,"compost"
"2025-09-10_3C_1",2025-09-10,3,"C",2025-09-10 12:31:39,2025-09-10 12:33:13,2025-09-10 12:31:14,6.35011,0.04696,318,101.499642105263,28.3573568421053,"2025-09-10_hudsoncarbonfieldfluxes.json",FALSE,2025-09-10,"",1,FALSE,TRUE,"single",NA,TRUE,0.12394,6.42709,8.25076203118277,"HM",8.16730387878206,8.25076203118277,0.19263571669232,0.996867667057435,1.01021856828635,0.484340709369664,0.0797686734001388,FALSE,"emission","AICc",NA,NA,-0.433943890494264,"HM",-0.430821430381866,-0.433943890494264,0.0177622729152568,0.99031707519823,1.00724768985988,0.136286346792209,0.0224457306104088,FALSE,"uptake","AICc",TRUE,"convex (accelerating) trace",0.0382439353462328,"HM",0.0240085426119432,0.0382439353462328,0.166079296329376,-0.00480933704828357,1.59293031502912,1.04248571730995,0.171753261272169,TRUE,"below detection","SE | AICc | p-value",FALSE,NA,"compost"
"2025-09-10_4A_1",2025-09-10,4,"A",2025-09-10 13:00:00,2025-09-10 13:01:34,2025-09-10 12:59:35,6.16726,0.04696,318,101.492831578947,27.8079957894737,"2025-09-10_hudsoncarbonfieldfluxes.json",FALSE,2025-09-10,"",1,FALSE,TRUE,"single",NA,TRUE,0.12394,6.24424,6.78930114097579,"HM",6.71380283805624,6.78930114097579,0.0897476780415825,0.999035633608015,1.01124523682638,0.484340709369664,0.0776693837014288,FALSE,"emission","AICc",NA,NA,-0.426434991606374,"HM",-0.423615670787438,-0.426434991606374,0.0175878046750609,0.990169900719563,1.00665537423036,0.136286346792209,0.0218550213878286,FALSE,"uptake","AICc",TRUE,"convex (accelerating) trace",0.0327345742997349,"HM",0.0219209051306234,0.0327345742997349,0.131362173606545,-0.00308180771352284,1.49330395367684,1.04248571730995,0.167203882339168,TRUE,"below detection","SE | AICc | p-value | Intercept",FALSE,NA,"compost"
"2025-09-10_4B_1",2025-09-10,4,"B",2025-09-10 13:03:30,2025-09-10 13:05:04,2025-09-10 13:03:05,6.17521,0.04696,318,101.489705263158,28.3887357894737,"2025-09-10_hudsoncarbonfieldfluxes.json",FALSE,2025-09-10,"",1,FALSE,TRUE,"single",NA,TRUE,0.12394,6.25219,8.56321593446479,"HM",7.91408142822944,8.56321593446479,0.120071753930927,0.998366270133457,1.08202272267757,0.484340709369664,0.0777269971571575,FALSE,"emission","",NA,NA,-0.554166375283853,"HM",-0.548839012275795,-0.554166375283853,0.0157667307833682,0.995322626629835,1.0097066041023,0.136286346792209,0.0218712329662804,FALSE,"uptake","AICc",TRUE,"convex (accelerating) trace",0.161445187032062,"HM",0.136706045998651,0.161445187032062,0.145133432390469,0.15315624163322,1.18096596132738,1.04248571730995,0.167340277466971,TRUE,"below detection","SE | AICc | Intercept",FALSE,NA,"compost"
"2025-09-10_4C_1",2025-09-10,4,"C",2025-09-10 13:07:06,2025-09-10 13:08:40,2025-09-10 13:06:41,6.09571,0.04696,318,101.485978947368,27.4449757894737,"2025-09-10_hudsoncarbonfieldfluxes.json",FALSE,2025-09-10,"",1,FALSE,TRUE,"single",NA,TRUE,0.12394,6.17269,7.07270891556806,"HM",5.6319354113579,7.07270891556806,0.141656644590896,0.99363013254369,1.25582209293533,0.484340709369664,0.0768665682137342,FALSE,"emission","",NA,NA,-0.358594128982172,"HM",-0.226998033878168,-0.358594128982172,0.0206625714124207,0.96065929042517,1.57972350181074,0.136286346792209,0.0216291209259234,FALSE,"uptake","",FALSE,NA,0.291322971655244,"HM",0.15263244083011,0.291322971655244,0.191072284459478,0.208651939644394,1.90865696748901,1.04248571730995,0.165473753164697,FALSE,"emission","SE | AICc | Intercept",FALSE,NA,"compost"
"2025-09-10_5A_1",2025-09-10,5,"A",2025-09-10 12:48:30,2025-09-10 12:50:04,2025-09-10 12:48:05,6.03211,0.04696,318,101.498978947368,29.4221684210526,"2025-09-10_hudsoncarbonfieldfluxes.json",FALSE,2025-09-10,"",1,FALSE,TRUE,"single",NA,TRUE,0.12394,6.10909,9.88028178556274,"HM",9.25953043263773,9.88028178556274,0.111251495322111,0.998931675133937,1.0670391827578,0.484340709369664,0.0753474958297281,FALSE,"emission","",NA,NA,-0.579929764086585,"HM",-0.574010545232491,-0.579929764086585,0.0140728581151091,0.996604685994727,1.01031203852134,0.136286346792209,0.0212016763157056,FALSE,"uptake","AICc",TRUE,"convex (accelerating) trace",0.0519068479432753,"LM",0.0519068479432753,0.128794671686778,0.0322593538868542,0.0166236155464374,2.48126551293438,1.04248571730995,0.162216943476698,TRUE,"below detection","SE | AICc | g-fact. > 2 | p-value | Intercept (LM)",FALSE,NA,"control"
"2025-09-10_5B_1",2025-09-10,5,"B",2025-09-10 12:52:05,2025-09-10 12:53:40,2025-09-10 12:51:40,6.18316,0.04696,318,101.494916666667,28.1122479166667,"2025-09-10_hudsoncarbonfieldfluxes.json",FALSE,2025-09-10,"",1,FALSE,TRUE,"single",NA,TRUE,0.12394,6.26014,8.7354545129155,"HM",7.86942090756675,8.7354545129155,0.115608432477678,0.99814086074321,1.11005048726216,0.484340709369664,0.0769725205865947,FALSE,"emission","",NA,NA,-0.616106242868899,"HM",-0.570483449240201,-0.616106242868899,0.014815698715829,0.996007309000782,1.07997215991009,0.136286346792209,0.0216589343641741,FALSE,"uptake","",FALSE,NA,0.054215748330715,"LM",0.054215748330715,0.130578190362738,0.0308805807337254,0.0214491755261673,2.40849189365079,1.04248571730995,0.165724385971694,TRUE,"below detection","SE | AICc | g-fact. > 2 | p-value | Intercept",FALSE,NA,"control"
"2025-09-10_5C_1",2025-09-10,5,"C",2025-09-10 12:55:20,2025-09-10 12:56:54,2025-09-10 12:54:55,6.31036,0.04696,318,101.493084210526,27.5872105263158,"2025-09-10_hudsoncarbonfieldfluxes.json",FALSE,2025-09-10,"",1,FALSE,TRUE,"single",NA,TRUE,0.12394,6.38734,10.0868210272728,"HM",9.63811875473608,10.0868210272728,0.132172081672359,0.998815897083782,1.04655496409154,0.484340709369664,0.0794727044534475,FALSE,"emission","",NA,NA,-0.616655276267328,"HM",-0.608920540387227,-0.616655276267328,0.0152646298738788,0.996432056597889,1.01270237308004,0.136286346792209,0.0223624493050628,FALSE,"uptake","AICc",FALSE,NA,0.0691894616713776,"LM",0.0691894616713776,0.18241670009023,0.0276646141308175,0.0529448946483522,2.63648098545176,1.04248571730995,0.171090327124011,TRUE,"below detection","SE | AICc | g-fact. > 2 | Intercept",FALSE,NA,"control"
"2025-09-10_6A_1",2025-09-10,6,"A",2025-09-10 12:37:02,2025-09-10 12:38:36,2025-09-10 12:36:37,5.96851,0.04696,318,101.4908,27.3008694736842,"2025-09-10_hudsoncarbonfieldfluxes.json",FALSE,2025-09-10,"",1,FALSE,TRUE,"single",NA,TRUE,0.12394,6.04549,7.50842829488317,"HM",7.43115318487826,7.50842829488317,0.115322075717836,0.998688370694177,1.01039880461113,0.484340709369664,0.0754318882835717,FALSE,"emission","AICc",NA,NA,-0.614233692785814,"HM",-0.612041504293943,-0.614233692785814,0.0277436355181487,0.988274801169268,1.00358176443344,0.136286346792209,0.0212254231100771,FALSE,"uptake","AICc",TRUE,"convex (accelerating) trace",0.0988344026461498,"HM",0.0989318378799847,0.0988344026461498,0.127308772787459,0.0826971362556829,0.999015127628043,1.04248571730995,0.162404233247095,TRUE,"below detection","SE | AICc | Intercept",TRUE,"convex (accelerating) trace","slurry"
"2025-09-10_6B_1",2025-09-10,6,"B",2025-09-10 12:40:18,2025-09-10 12:41:52,2025-09-10 12:39:53,6.43756,0.04696,318,101.497957894737,28.463672631579,"2025-09-10_hudsoncarbonfieldfluxes.json",FALSE,2025-09-10,"",1,FALSE,TRUE,"single",NA,TRUE,0.12394,6.51454,8.11094300198011,"HM",8.01291572868278,8.11094300198011,0.134035168426194,0.998433365705664,1.01223365833568,0.484340709369664,0.0809489346570983,FALSE,"emission","AICc",NA,NA,-0.480098767424965,"HM",-0.474963252822921,-0.480098767424965,0.0164101378860417,0.993185315017361,1.01081244616614,0.136286346792209,0.0227778387563062,FALSE,"uptake","AICc",FALSE,NA,0.0909290935477046,"HM",0.0641801375622357,0.0909290935477046,0.156111880420182,0.0359261085624547,1.41677934952275,1.04248571730995,0.17427380228945,TRUE,"below detection","SE | AICc | Intercept",FALSE,NA,"slurry"
"2025-09-10_6C_1",2025-09-10,6,"C",2025-09-10 12:43:34,2025-09-10 12:45:09,2025-09-10 12:43:09,6.36601,0.04696,318,101.503395833333,27.9586395833333,"2025-09-10_hudsoncarbonfieldfluxes.json",FALSE,2025-09-10,"",1,FALSE,TRUE,"single",NA,TRUE,0.12394,6.44299,9.38743188803867,"HM",8.61729530821058,9.38743188803867,0.105590374266059,0.998706968942228,1.08937103259004,0.484340709369664,0.0791191267490945,FALSE,"emission","",NA,NA,-0.522466984958386,"HM",-0.518138893475823,-0.522466984958386,0.0161672237387774,0.994414846037634,1.00835314919814,0.136286346792209,0.022262957743232,FALSE,"uptake","AICc",TRUE,"convex (accelerating) trace",0.237414300419945,"HM",0.217849614260466,0.237414300419945,0.114772419064173,0.402262530968494,1.08980822034455,1.04248571730995,0.170354338609821,FALSE,"emission","SE | AICc | Intercept",FALSE,NA,"slurry"
"2025-09-10_7A_1",2025-09-10,7,"A",2025-09-10 13:11:19,2025-09-10 13:12:53,2025-09-10 13:10:54,6.16726,0.04696,318,101.479989473684,28.4865052631579,"2025-09-10_hudsoncarbonfieldfluxes.json",FALSE,2025-09-10,"",1,FALSE,TRUE,"single",NA,TRUE,0.12394,6.24424,10.2621459506947,"HM",9.96836701377713,10.2621459506947,0.119572993748622,0.999126203673569,1.02947111964392,0.484340709369664,0.0773419246631876,FALSE,"emission","",NA,NA,-0.43896421773585,"HM",-0.433644408642157,-0.43896421773585,0.0159378565023096,0.992274240484868,1.01226767597523,0.136286346792209,0.021762879234211,FALSE,"uptake","AICc",FALSE,NA,0.04041283576217,"LM",0.04041283576217,0.0836716511619504,0.0308011440898322,0.00761698178481252,2.07042266606479,1.04248571730995,0.166506978602389,TRUE,"below detection","SE | AICc | g-fact. > 2 | p-value | Intercept",FALSE,NA,"control"
"2025-09-10_7B_1",2025-09-10,7,"B",2025-09-10 13:15:09,2025-09-10 13:16:43,2025-09-10 13:14:44,6.32626,0.04696,318,101.474652631579,27.7550778947368,"2025-09-10_hudsoncarbonfieldfluxes.json",FALSE,2025-09-10,"",1,FALSE,TRUE,"single",NA,TRUE,0.12394,6.40324,9.58960916934492,"HM",9.15290630555,9.58960916934492,0.114263550618824,0.99899000226559,1.04771193424433,0.484340709369664,0.0797467171201161,FALSE,"emission","",NA,NA,-0.490609532792074,"HM",-0.483207013312037,-0.490609532792074,0.0170092908704875,0.992902777627262,1.01531956133935,0.136286346792209,0.0224395524363764,FALSE,"uptake","AICc",FALSE,NA,0.176904636442008,"HM",0.174365263885958,0.176904636442008,0.125529559006897,0.243670239603839,1.01456352314364,1.04248571730995,0.171684854505846,FALSE,"emission","SE | AICc",FALSE,NA,"control"
"2025-09-10_7C_1",2025-09-10,7,"C",2025-09-10 13:19:09,2025-09-10 13:20:43,2025-09-10 13:18:44,6.22291,0.04696,318,101.474484210526,28.7623084210526,"2025-09-10_hudsoncarbonfieldfluxes.json",FALSE,2025-09-10,"",1,FALSE,TRUE,"single",NA,TRUE,0.12394,6.29989,8.51537901910223,"HM",8.3926757183715,8.51537901910223,0.101530644593458,0.999193172814701,1.01462028378651,0.484340709369664,0.078000148069786,FALSE,"emission","AICc",NA,NA,-0.342724391522543,"HM",-0.339948736706966,-0.342724391522543,0.015936680860599,0.987448205110236,1.00816492169515,0.136286346792209,0.0219480936126909,FALSE,"uptake","AICc",TRUE,"convex (accelerating) trace",0.163709702564409,"HM",0.113393745977494,0.163709702564409,0.146215312644232,0.140652904352718,1.44372779250896,1.04248571730995,0.167930100956051,TRUE,"below detection","SE | AICc | Intercept",FALSE,NA,"control"
"2025-09-11_8A_4_1",2025-09-11,8,"A",2025-09-11 11:22:21,2025-09-11 11:23:56,2025-09-11 11:21:56,6.22291,0.04696,318,101.276833333333,24.55760625,"2025-09-11_hudsoncarbonfieldfluxes.json",FALSE,2025-09-10,"",2,FALSE,TRUE,"repeat: last kept",NA,TRUE,0.12394,6.29989,6.84569570361215,"HM",6.58358139170028,6.84569570361215,0.0705270419272896,0.999246415128241,1.03981333203267,0.493251739736882,0.0801195946582361,FALSE,"emission","",NA,NA,-0.592980090719217,"HM",-0.58538828630795,-0.592980090719217,0.015209191476639,0.996131373739352,1.01296883553846,0.125802781654823,0.0204343280744223,FALSE,"uptake","AICc",FALSE,NA,0.108099100031219,"HM",0.108125050511936,0.108099100031219,0.0961285721979001,0.169422291901062,0.999759995666186,0.755812628614881,0.122784190455987,TRUE,"below detection","SE | AICc | Intercept",TRUE,"convex (accelerating) trace","compost"
"2025-09-11_8B_3_1",2025-09-11,8,"B",2025-09-11 11:17:16,2025-09-11 11:18:51,2025-09-11 11:16:51,6.99406,0.04696,318,101.269822916667,25.1794197916667,"2025-09-11_hudsoncarbonfieldfluxes.json",FALSE,2025-09-10,"",2,FALSE,TRUE,"repeat: last kept",NA,TRUE,0.12394,7.07104,7.3002117207904,"HM",6.84657201031083,7.3002117207904,0.0755852139782664,0.999051975404354,1.0662579331374,0.493251739736882,0.0896918585492263,FALSE,"emission","",NA,NA,-0.740747271320349,"HM",-0.731899553291632,-0.740747271320349,0.0184434876325317,0.996342890573096,1.01208870532702,0.125802781654823,0.022875713126329,FALSE,"uptake","AICc",FALSE,NA,0.1505527723602,"HM",0.150007434515102,0.1505527723602,0.105312526743237,0.2485659667866,1.00363540545081,0.755812628614881,0.137478601092695,FALSE,"emission","SE | AICc | Intercept",FALSE,NA,"compost"
"2025-09-11_8C_2_1",2025-09-11,8,"C",2025-09-11 11:13:25,2025-09-11 11:14:59,2025-09-11 11:13:00,6.27856,0.04696,318,101.271557894737,24.4780452631579,"2025-09-11_hudsoncarbonfieldfluxes.json",FALSE,2025-09-10,"",1,FALSE,TRUE,"single",NA,TRUE,0.12394,6.35554,7.51477523945744,"HM",6.76864747010338,7.51477523945744,0.0784199110702172,0.998557563645635,1.11023291915403,0.493251739736882,0.0816397613887961,FALSE,"emission","",NA,NA,-0.800556679614114,"HM",-0.754981125561968,-0.800556679614114,0.0174653316807997,0.996861643282067,1.0603664813716,0.125802781654823,0.0208220432873186,FALSE,"uptake","",FALSE,NA,0.0405411686960856,"HM",0.0405682329460067,0.0405411686960856,0.0903471833711481,0.0224593453747663,0.999332870870735,0.755812628614881,0.125135489250047,TRUE,"below detection","SE | AICc | p-value | Intercept",FALSE,NA,"compost"
"2025-09-11_9A_1",2025-09-11,9,"A",2025-09-11 11:26:16,2025-09-11 11:27:50,2025-09-11 11:25:51,6.19111,0.04696,318,101.269863157895,26.8372947368421,"2025-09-11_hudsoncarbonfieldfluxes.json",FALSE,2025-09-10,"",1,FALSE,TRUE,"single",NA,TRUE,0.12394,6.26809,8.84233452228451,"HM",8.03105587866621,8.84233452228451,0.086234577514867,0.998769436703047,1.10101768134541,0.493251739736882,0.0795739142166336,FALSE,"emission","",NA,NA,-0.633833829421378,"HM",-0.615164160669005,-0.633833829421378,0.0169061670414737,0.995677175702192,1.03034908394544,0.125802781654823,0.0202951534665743,FALSE,"uptake","AICc",FALSE,NA,0.151558160987533,"LM",0.151558160987533,0.466672103651585,0.0287242425117112,0.222108685096618,3.07916182547223,0.755812628614881,0.121949145361008,FALSE,"emission","SE | g-fact. > 2 | Intercept",FALSE,NA,"compost"
"2025-09-11_9B_1",2025-09-11,9,"B",2025-09-11 11:29:31,2025-09-11 11:31:05,2025-09-11 11:29:06,6.23086,0.04696,318,101.273905263158,26.837532631579,"2025-09-11_hudsoncarbonfieldfluxes.json",FALSE,2025-09-10,"",1,FALSE,TRUE,"single",NA,TRUE,0.12394,6.30784,9.6360439027353,"HM",8.85892038706207,9.6360439027353,0.0938820818206902,0.998922726128893,1.08772214691173,0.493251739736882,0.080027890727568,FALSE,"emission","",NA,NA,-0.574077805033472,"HM",-0.56705190397805,-0.574077805033472,0.015232149870121,0.995886242897983,1.01239022566741,0.125802781654823,0.0204109391866854,FALSE,"uptake","AICc",FALSE,NA,-0.054064830068625,"LM",-0.054064830068625,-0.113874539383656,0.0210081709455852,0.0564425612715375,2.10625908264419,0.755812628614881,0.122654075320207,TRUE,"below detection","SE | AICc | g-fact. > 2 | Intercept",FALSE,NA,"compost"
"2025-09-11_9C_1",2025-09-11,9,"C",2025-09-11 11:32:46,2025-09-11 11:34:20,2025-09-11 11:32:21,6.15931,0.04696,318,101.277705263158,26.0960063157895,"2025-09-11_hudsoncarbonfieldfluxes.json",FALSE,2025-09-10,"",1,FALSE,TRUE,"single",NA,TRUE,0.12394,6.23629,8.46490313308389,"HM",8.24408428708578,8.46490313308389,0.145882748780151,0.998170700076561,1.02678512716616,0.493251739736882,0.0795777359781783,FALSE,"emission","",NA,NA,-0.579673581455172,"HM",-0.573868027108164,-0.579673581455172,0.0229419202797329,0.990858009837874,1.01011653215159,0.125802781654823,0.0202961281985305,FALSE,"uptake","AICc",FALSE,NA,0.119283176698066,"HM",0.119242859686186,0.119283176698066,0.0823586205594216,0.255868067869812,1.0003381083948,0.755812628614881,0.12195363065436,TRUE,"below detection","SE | AICc | Intercept",TRUE,"convex (accelerating) trace","compost"
"2025-09-11_10A_1",2025-09-11,10,"A",2025-09-11 11:59:20,2025-09-11 12:00:54,2025-09-11 11:58:55,6.35011,0.04696,318,101.255852631579,27.8054715789474,"2025-09-11_hudsoncarbonfieldfluxes.json",FALSE,2025-09-10,"",1,FALSE,TRUE,"single",NA,TRUE,0.12394,6.42709,7.72155034850301,"HM",7.59691722040689,7.72155034850301,0.089121660943422,0.99919824287953,1.01640575044853,0.493251739736882,0.0813704999812182,FALSE,"emission","AICc",NA,NA,-0.357929602365488,"HM",-0.356078083238502,-0.357929602365488,0.0180571516540373,0.985303827821009,1.00519975593596,0.125802781654823,0.0207533687519107,FALSE,"uptake","AICc",TRUE,"convex (accelerating) trace",0.055345513223519,"HM",0.055241260007631,0.055345513223519,0.0914134991386702,0.0487124433092174,1.00188723457563,0.755812628614881,0.12470288671705,TRUE,"below detection","SE | AICc | Intercept",FALSE,NA,"control"
"2025-09-11_10B_1",2025-09-11,10,"B",2025-09-11 12:02:35,2025-09-11 12:04:09,2025-09-11 12:02:10,5.99236,0.04696,318,101.251768421053,28.2613831578947,"2025-09-11_hudsoncarbonfieldfluxes.json",FALSE,2025-09-10,"",1,FALSE,TRUE,"single",NA,TRUE,0.12394,6.06934,7.50956764746853,"HM",7.40814931093724,7.50956764746853,0.100456439166048,0.998992076494277,1.01369010427227,0.493251739736882,0.0766347235521038,FALSE,"emission","AICc",NA,NA,-0.475606955451645,"HM",-0.471594328673461,-0.475606955451645,0.017059402354018,0.992548204032151,1.00850864086825,0.125802781654823,0.0195455192907091,FALSE,"uptake","AICc",TRUE,"convex (accelerating) trace",0.0250293396219705,"HM",0.0250421627167256,0.0250293396219705,0.0727839165199536,0.00891578550992234,0.999487939803756,0.755812628614881,0.117448235082595,TRUE,"below detection","SE | AICc | p-value | MDF | Intercept",FALSE,NA,"control"
"2025-09-11_10C_1",2025-09-11,10,"C",2025-09-11 12:05:52,2025-09-11 12:07:26,2025-09-11 12:05:27,5.98044,0.04696,318,101.254757894737,28.2909368421053,"2025-09-11_hudsoncarbonfieldfluxes.json",FALSE,2025-09-10,"",1,FALSE,TRUE,"single",NA,TRUE,0.12394,6.05742,6.25867692363547,"HM",6.05980609569862,6.25867692363547,0.0798078120248499,0.998950740422428,1.03281801839798,0.493251739736882,0.0765015378146666,FALSE,"emission","",NA,NA,-0.351317400894117,"HM",-0.34724846566687,-0.351317400894117,0.0148953246612067,0.989480168870975,1.01171764782152,0.125802781654823,0.0195115505585253,FALSE,"uptake","AICc",FALSE,NA,0.0608502277746331,"HM",0.0608919541089181,0.0608502277746331,0.0960951133980494,0.0532069783801364,0.999314747984432,0.755812628614881,0.117251454540276,TRUE,"below detection","SE | AICc | Intercept",TRUE,"convex (accelerating) trace","control"
"2025-09-11_11A_1",2025-09-11,11,"A",2025-09-11 11:48:06,2025-09-11 11:49:40,2025-09-11 11:47:41,6.21894,0.04696,318,101.263189473684,27.4161894736842,"2025-09-11_hudsoncarbonfieldfluxes.json",FALSE,2025-09-10,"",1,FALSE,TRUE,"single",NA,TRUE,0.12394,6.29592,8.39206800633674,"HM",8.15807894273302,8.39206800633674,0.137047633160183,0.998343595625764,1.02868188273811,0.493251739736882,0.0798316376776781,FALSE,"emission","",NA,NA,-0.463066383225505,"HM",-0.458527735570728,-0.463066383225505,0.0147479311729554,0.994097590618743,1.00989830560441,0.125802781654823,0.0203608852738547,FALSE,"uptake","AICc",TRUE,"convex (accelerating) trace",-0.00358898211182302,"HM",-0.00359258411463896,-0.00358898211182302,0.0633289339129924,-0.0104505277040277,0.998997378293449,0.755812628614881,0.122341354739951,TRUE,"below detection","SE | AICc | p-value | MDF | Intercept",FALSE,NA,"slurry"
"2025-09-11_11B_1",2025-09-11,11,"B",2025-09-11 11:51:21,2025-09-11 11:52:56,2025-09-11 11:50:56,6.19906,0.04696,318,101.262770833333,26.8721635416667,"2025-09-11_hudsoncarbonfieldfluxes.json",FALSE,2025-09-10,"",1,FALSE,TRUE,"single",NA,TRUE,0.12394,6.27604,6.34868767627593,"HM",6.2513305579599,6.34868767627593,0.0760911573384097,0.999150275091671,1.01557382343061,0.493251739736882,0.0788962496006044,FALSE,"emission","AICc",NA,NA,-0.386558803883835,"HM",-0.382942177223778,-0.386558803883835,0.0162487315403492,0.989602008944125,1.00944431529135,0.125802781654823,0.0201223165825706,FALSE,"uptake","AICc",FALSE,NA,0.0928042822560999,"HM",0.0924077434978929,0.0928042822560999,0.100512115720786,0.116178774663439,1.00429118538336,0.755812628614881,0.120931492429554,TRUE,"below detection","SE | AICc | Intercept",FALSE,NA,"slurry"
"2025-09-11_11C_1",2025-09-11,11,"C",2025-09-11 11:54:50,2025-09-11 11:56:24,2025-09-11 11:54:25,5.94069,0.04696,318,101.258557894737,27.6298242105263,"2025-09-11_hudsoncarbonfieldfluxes.json",FALSE,2025-09-10,"",1,FALSE,TRUE,"single",NA,TRUE,0.12394,6.01767,6.42580610073183,"HM",5.97598090085016,6.42580610073183,0.0658565848935825,0.998993182802018,1.0752721950329,0.493251739736882,0.0761928332310125,FALSE,"emission","",NA,NA,-0.368599978768965,"HM",-0.337757370774496,-0.368599978768965,0.0138978027463005,0.990738125203922,1.0913158695064,0.125802781654823,0.0194328161269873,FALSE,"uptake","",FALSE,NA,0.0938454277568047,"HM",0.0934236243233582,0.0938454277568047,0.0939223116474421,0.136186176643895,1.00451495471838,0.755812628614881,0.1167714516346,TRUE,"below detection","SE | AICc | Intercept",FALSE,NA,"slurry"
"2025-09-11_12A_1",2025-09-11,12,"A",2025-09-11 11:37:01,2025-09-11 11:38:35,2025-09-11 11:36:36,6.33819,0.04696,318,101.270189473684,25.2930884210526,"2025-09-11_hudsoncarbonfieldfluxes.json",FALSE,2025-09-10,"",1,FALSE,TRUE,"single",NA,TRUE,0.12394,6.41517,6.13953184283991,"HM",6.03398282842932,6.13953184283991,0.0969976890958519,0.99849230842448,1.0174924287012,0.493251739736882,0.0820095946553149,FALSE,"emission","AICc",NA,NA,-0.390650565963973,"HM",-0.383778828290139,-0.390650565963973,0.0139051302648925,0.992501325459128,1.01790546316599,0.125802781654823,0.0209163684562504,FALSE,"uptake","AICc",FALSE,NA,0.0291450302294398,"HM",0.0291748752868947,0.0291450302294398,0.0905664537592892,0.00255538417730405,0.998977028790648,0.755812628614881,0.125678785183834,TRUE,"below detection","SE | AICc | p-value | MDF | Intercept",TRUE,"convex (accelerating) trace","slurry"
"2025-09-11_12B_1",2025-09-11,12,"B",2025-09-11 11:40:14,2025-09-11 11:41:49,2025-09-11 11:39:49,6.07981,0.04696,318,101.26775,26.2465385416667,"2025-09-11_hudsoncarbonfieldfluxes.json",FALSE,2025-09-10,"",1,FALSE,TRUE,"single",NA,TRUE,0.12394,6.15679,9.20468932431014,"HM",8.08772080503905,9.20468932431014,0.111278716179,0.997885763996502,1.13810671092592,0.493251739736882,0.0774787540595359,FALSE,"emission","",NA,NA,-0.563984042886297,"HM",-0.511011795153871,-0.563984042886297,0.0170991643684756,0.993565783582272,1.10366149712156,0.125802781654823,0.0197607874328816,FALSE,"uptake","",FALSE,NA,0.0997563929906333,"HM",0.0998065755082422,0.0997563929906333,0.0972768750405676,0.138998581373053,0.999497202289996,0.755812628614881,0.118731771772311,TRUE,"below detection","SE | AICc | Intercept",TRUE,"convex (accelerating) trace","slurry"
"2025-09-11_12C_1",2025-09-11,12,"C",2025-09-11 11:43:32,2025-09-11 11:45:06,2025-09-11 11:43:07,5.84131,0.04696,318,101.269673684211,26.0288852631579,"2025-09-11_hudsoncarbonfieldfluxes.json",FALSE,2025-09-10,"",1,FALSE,TRUE,"single",NA,TRUE,0.12394,5.91829,6.20287832404455,"HM",6.10602920733544,6.20287832404455,0.0831998912406291,0.998933562783775,1.01586122722649,0.493251739736882,0.0754380956310146,FALSE,"emission","AICc",NA,NA,-0.347585850138218,"HM",-0.345365239352763,-0.347585850138218,0.014464141566068,0.989993523499236,1.00642974605556,0.125802781654823,0.0192403219463284,FALSE,"uptake","AICc",TRUE,"convex (accelerating) trace",0.0521626525215449,"HM",0.0521331237764024,0.0521626525215449,0.08533625018567,0.0500987941692915,1.00056641043167,0.755812628614881,0.115623159956655,TRUE,"below detection","SE | AICc | Intercept",FALSE,NA,"slurry"
"2025-09-11_13A_1",2025-09-11,13,"A",2025-09-11 12:17:24,2025-09-11 12:18:58,2025-09-11 12:16:59,6.35806,0.04696,318,101.245263157895,27.5238968421053,"2025-09-11_hudsoncarbonfieldfluxes.json",FALSE,2025-09-10,"",1,FALSE,TRUE,"single",NA,TRUE,0.12394,6.43504,9.4574396455638,"HM",8.74375919203752,9.4574396455638,0.100840065516022,0.998872484462647,1.08162169586923,0.493251739736882,0.0815367004835851,FALSE,"emission","",NA,NA,-0.07545834034104,"HM",-0.0754085246876163,-0.07545834034104,0.0169004404071234,0.76275375303523,1.00066061037038,0.125802781654823,0.0207957578279661,FALSE,"uptake","AICc | Intercept",TRUE,"convex (accelerating) trace",0.002548442276461,"HM",0.00256692128505526,0.002548442276461,0.0636881952648621,-0.0106483395270733,0.992801100406994,0.755812628614881,0.124962215791002,TRUE,"below detection","SE | AICc | p-value | MDF | Intercept",FALSE,NA,"slurry"
"2025-09-11_13B_1",2025-09-11,13,"B",2025-09-11 12:14:03,2025-09-11 12:15:37,2025-09-11 12:13:38,6.27856,0.04696,318,101.243189473684,28.0430410526316,"2025-09-11_hudsoncarbonfieldfluxes.json",FALSE,2025-09-10,"",1,FALSE,TRUE,"single",NA,TRUE,0.12394,6.35554,8.60932385174992,"HM",8.37038896411408,8.60932385174992,0.099413181588024,0.999143949954727,1.02854525502461,0.493251739736882,0.0804509208514089,FALSE,"emission","",NA,NA,-0.447584571662478,"HM",-0.422233291635639,-0.447584571662478,0.0168535665036931,0.991188435192836,1.06004093123172,0.125802781654823,0.0205188320981861,FALSE,"uptake","",FALSE,NA,-0.038103259763981,"HM",-0.0381312967784774,-0.038103259763981,0.043635277908043,-0.00240625809633266,0.999264724337614,0.755812628614881,0.123289802524677,TRUE,"below detection","AICc | p-value | Intercept",TRUE,"convex (accelerating) trace","slurry"
"2025-09-11_13C_1_1",2025-09-11,13,"C",2025-09-11 12:20:50,2025-09-11 12:22:24,2025-09-11 12:20:25,6.00031,0.04696,318,101.244621052632,28.2497915789474,"2025-09-11_hudsoncarbonfieldfluxes.json",FALSE,2025-09-10,"",2,FALSE,TRUE,"repeat: last kept",NA,TRUE,0.12394,6.07729,6.97462251295643,"HM",6.79592715572823,6.97462251295643,0.0933769303497733,0.998879207773701,1.02629447802094,0.493251739736882,0.07691422995232,FALSE,"emission","",NA,NA,-0.378860079953071,"HM",-0.374146870788659,-0.378860079953071,0.0143100215384042,0.991662868834984,1.01259721658096,0.125802781654823,0.0196168067891704,FALSE,"uptake","AICc",FALSE,NA,0.421842090009321,"HM",0.35761432702,0.421842090009321,0.10117033442096,0.727691970539257,1.17960064274978,0.755812628614881,0.11788834379575,FALSE,"emission","SE | AICc",FALSE,NA,"slurry"
"2025-09-11_14A_1",2025-09-11,14,"A",2025-09-11 12:26:08,2025-09-11 12:27:43,2025-09-11 12:25:43,5.98044,0.04696,318,101.242291666667,27.7515802083333,"2025-09-11_hudsoncarbonfieldfluxes.json",FALSE,2025-09-10,"",1,FALSE,TRUE,"single",NA,TRUE,0.12394,6.05742,7.66513418536486,"HM",7.43798248552862,7.66513418536486,0.110363505148339,0.998679561940441,1.03053942386638,0.493251739736882,0.075766690688714,FALSE,"emission","",NA,NA,-0.262396925373415,"HM",-0.261103419660261,-0.262396925373415,0.0151027362221323,0.980685412994125,1.00495399759542,0.125802781654823,0.0193241293999396,FALSE,"uptake","AICc",TRUE,"convex (accelerating) trace",0.106808677699034,"HM",0.0893293253376347,0.106808677699034,0.119539875127823,0.0998045024179106,1.19567317110403,0.755812628614881,0.116100811093147,TRUE,"below detection","SE | AICc | Intercept",FALSE,NA,"compost"
"2025-09-11_14B_1",2025-09-11,14,"B",2025-09-11 12:29:29,2025-09-11 12:31:03,2025-09-11 12:29:04,6.31831,0.04696,318,101.244684210526,29.5419305263158,"2025-09-11_hudsoncarbonfieldfluxes.json",FALSE,2025-09-10,"",1,FALSE,TRUE,"single",NA,TRUE,0.12394,6.39529,12.8468633124117,"HM",12.476283010194,12.8468633124117,0.132137155441789,0.999304159894747,1.02970278102179,0.493251739736882,0.0800798169528533,FALSE,"emission","",NA,NA,-0.478396701925029,"HM",-0.471296550826958,-0.478396701925029,0.0147074981680377,0.994462201056653,1.01506514547075,0.125802781654823,0.0204241828573215,FALSE,"uptake","AICc",FALSE,NA,0.399670710351839,"HM",0.365480751935607,0.399670710351839,0.0862227396863967,0.775145788406589,1.09354790432919,0.755812628614881,0.122715717043404,FALSE,"emission","SE | AICc",FALSE,NA,"compost"
"2025-09-11_14C_1",2025-09-11,14,"C",2025-09-11 12:33:00,2025-09-11 12:34:34,2025-09-11 12:32:35,6.45744,0.04696,318,101.241336842105,27.6569168421053,"2025-09-11_hudsoncarbonfieldfluxes.json",FALSE,2025-09-10,"",1,FALSE,TRUE,"single",NA,TRUE,0.12394,6.53442,5.7919003976359,"HM",5.72660924757307,5.7919003976359,0.108487911763156,0.997989319418953,1.01140136287289,0.493251739736882,0.0828731767477569,FALSE,"emission","AICc",NA,NA,-0.159944315940999,"HM",-0.15931707394786,-0.159944315940999,0.0165131807978245,0.94063578646285,1.00393706699223,0.125802781654823,0.0211366231875858,FALSE,"uptake","AICc | Intercept",TRUE,"convex (accelerating) trace",0.0221134731394136,"HM",0.0221329890524154,0.0221134731394136,0.1034463104521,-0.00394483293941228,0.999118243227085,0.755812628614881,0.127003719200486,TRUE,"below detection","SE | AICc | p-value | MDF | Intercept",FALSE,NA,"compost"
"2025-09-11_15A_1",2025-09-11,15,"A",2025-09-11 12:37:16,2025-09-11 12:38:50,2025-09-11 12:36:51,6.00031,0.04696,318,101.239768421053,28.227452631579,"2025-09-11_hudsoncarbonfieldfluxes.json",FALSE,2025-09-10,"",1,FALSE,TRUE,"single",NA,TRUE,0.12394,6.07729,7.43591950484803,"HM",7.36696774851048,7.43591950484803,0.0998672660444367,0.999039591549159,1.00935958438959,0.493251739736882,0.0767526350293789,FALSE,"emission","AICc",NA,NA,-0.43893617822238,"HM",-0.436028722036644,-0.43893617822238,0.0179426988931051,0.990342365111219,1.00666803822499,0.125802781654823,0.0195755923561141,FALSE,"uptake","AICc",TRUE,"convex (accelerating) trace",0.118564688321999,"HM",0.117313813979799,0.118564688321999,0.118628424530756,0.13584545314118,1.01066263468696,0.755812628614881,0.117627857599657,FALSE,"emission","SE | AICc | Intercept",FALSE,NA,"control"
"2025-09-11_15B_1",2025-09-11,15,"B",2025-09-11 12:40:39,2025-09-11 12:42:13,2025-09-11 12:40:14,6.33819,0.04696,318,101.239884210526,28.8227494736842,"2025-09-11_hudsoncarbonfieldfluxes.json",FALSE,2025-09-10,"",1,FALSE,TRUE,"single",NA,TRUE,0.12394,6.41517,10.063507388887,"HM",9.83449323346046,10.063507388887,0.121771167094672,0.999093770287324,1.02328682830828,0.493251739736882,0.080812428013178,FALSE,"emission","",NA,NA,-0.52795460320578,"HM",-0.524690352044103,-0.52795460320578,0.0196073810440409,0.992068540190352,1.00622129061257,0.125802781654823,0.0206110337122401,FALSE,"uptake","AICc",TRUE,"convex (accelerating) trace",0.129445127018421,"HM",0.129440719416533,0.129445127018421,0.103989825451623,0.200379237715323,1.00003405112322,0.755812628614881,0.123853453062594,FALSE,"emission","SE | AICc | Intercept",TRUE,"convex (accelerating) trace","control"
"2025-09-11_15C_1",2025-09-11,15,"C",2025-09-11 12:43:51,2025-09-11 12:45:25,2025-09-11 12:43:26,6.23881,0.04696,318,101.239347368421,29.9503957894737,"2025-09-11_hudsoncarbonfieldfluxes.json",FALSE,2025-09-10,"",1,FALSE,TRUE,"single",NA,TRUE,0.12394,6.31579,12.3859226212759,"HM",11.3164423350571,12.3859226212759,0.170872358022643,0.998265151878246,1.09450675879871,0.493251739736882,0.078905632811126,FALSE,"emission","",NA,NA,-0.47990359843448,"HM",-0.441632615716286,-0.47990359843448,0.0158191611617805,0.992859063179421,1.08665796265097,0.125802781654823,0.0201247097499725,FALSE,"uptake","",FALSE,NA,0.100623659132191,"HM",0.100281939239969,0.100623659132191,0.117873268334718,0.101072447902604,1.0034075915844,0.755812628614881,0.120917204662861,TRUE,"below detection","SE | AICc | Intercept",FALSE,NA,"control"
"2025-09-30_1A_1",2025-09-30,1,"A",2025-09-30 10:23:03,2025-09-30 10:24:37,2025-09-30 10:22:38,6.22291,0.04696,318,101.268063157895,19.0769778947368,"2025-09-30_hudsoncarbonfieldfluxes.json",FALSE,2025-09-30,"",1,FALSE,TRUE,"single",NA,TRUE,0.12394,6.29989,7.21522507414349,"HM",6.80615327614406,7.21522507414349,0.0652679840746814,0.99926643873121,1.06010323032736,0.46861536166293,0.0784037961594158,FALSE,"emission","",NA,NA,-0.416286768516956,"HM",-0.409125256555534,-0.416286768516956,0.0174428802712885,0.989598419462586,1.01750444844622,0.125802781654823,0.0210479989690285,FALSE,"uptake","AICc",FALSE,NA,0.110100156411967,"HM",0.0954649464780185,0.110100156411967,0.106407327664383,0.135965442035806,1.15330454238843,0.717563341209357,0.120088716877729,TRUE,"below detection","SE | AICc | Intercept",FALSE,NA,"slurry"
"2025-09-30_1B_1",2025-09-30,1,"B",2025-09-30 10:26:16,2025-09-30 10:27:51,2025-09-30 10:25:51,6.22291,0.04696,318,101.267375,19.7540510416667,"2025-09-30_hudsoncarbonfieldfluxes.json",FALSE,2025-09-30,"",1,FALSE,TRUE,"single",NA,TRUE,0.12394,6.29989,7.79987881275889,"HM",7.17192052815872,7.79987881275889,0.0723586685650925,0.998975790305266,1.08755789779525,0.46861536166293,0.0773588194968164,FALSE,"emission","",NA,NA,-0.34232401980139,"HM",-0.337622583777114,-0.34232401980139,0.0156398209817924,0.987608615572393,1.01392512305214,0.125802781654823,0.02076746832135,FALSE,"uptake","AICc",FALSE,NA,0.12880523670792,"HM",0.102560354618788,0.12880523670792,0.10679518772089,0.170355948067824,1.25589695147489,0.717563341209357,0.118488077390527,FALSE,"emission","SE | AICc | Intercept",FALSE,NA,"slurry"
"2025-09-30_1C_1",2025-09-30,1,"C",2025-09-30 10:29:41,2025-09-30 10:31:15,2025-09-30 10:29:16,6.00031,0.04696,318,101.271652631579,20.0793526315789,"2025-09-30_hudsoncarbonfieldfluxes.json",FALSE,2025-09-30,"",1,FALSE,TRUE,"single",NA,TRUE,0.12394,6.07729,6.70041988151007,"HM",6.27300056595589,6.70041988151007,0.0663369850155452,0.999102749256694,1.06813634257803,0.46861536166293,0.0752673435580535,FALSE,"emission","",NA,NA,-0.335824840945697,"HM",-0.303015061726962,-0.335824840945697,0.0157736573995373,0.985691735147921,1.10827771739049,0.125802781654823,0.0202059982706739,FALSE,"uptake","",FALSE,NA,0.113300500165709,"HM",0.112185193333744,0.113300500165709,0.0820141627586021,0.236700135425406,1.00994165806397,0.717563341209357,0.115282727284935,TRUE,"below detection","SE | AICc",FALSE,NA,"slurry"
"2025-09-30_2A_1",2025-09-30,2,"A",2025-09-30 10:34:16,2025-09-30 10:35:50,2025-09-30 10:33:51,6.18316,0.04696,318,101.286189473684,20.8326736842105,"2025-09-30_hudsoncarbonfieldfluxes.json",FALSE,2025-09-30,"",1,FALSE,TRUE,"single",NA,TRUE,0.12394,6.26014,6.01750361767697,"HM",5.96245568682119,6.01750361767697,0.118974720071814,0.997799157127778,1.00923242599143,0.46861536166293,0.0773745317953781,FALSE,"emission","AICc",NA,NA,-0.396860773237598,"HM",-0.394793475333836,-0.396860773237598,0.019185577103355,0.986535042714766,1.00523640341831,0.125802781654823,0.020771686388078,FALSE,"uptake","AICc",TRUE,"convex (accelerating) trace",-0.0442557698961018,"HM",-0.0442331674500689,-0.0442557698961018,0.102401684473553,0.0211182185788946,1.00051098411748,0.717563341209357,0.118507794578851,TRUE,"below detection","SE | AICc | p-value | Intercept",FALSE,NA,"control"
"2025-09-30_2B_1",2025-09-30,2,"B",2025-09-30 10:37:30,2025-09-30 10:39:05,2025-09-30 10:37:05,6.07186,0.04696,318,101.291916666667,20.8869416666667,"2025-09-30_hudsoncarbonfieldfluxes.json",FALSE,2025-09-30,"",1,FALSE,TRUE,"single",NA,TRUE,0.12394,6.14884,7.41095162651374,"HM",7.08104948825843,7.41095162651374,0.0718822743117676,0.999282598069149,1.04658944112767,0.46861536166293,0.07523972224337,FALSE,"emission","",NA,NA,-0.536254711182649,"HM",-0.531708935972872,-0.536254711182649,0.0184325176471349,0.993075867358598,1.00854936771273,0.125802781654823,0.020198583152638,FALSE,"uptake","AICc",TRUE,"convex (accelerating) trace",0.20082313910499,"HM",0.120547724921415,0.20082313910499,0.171838979149458,0.139843271092655,1.66592226635473,0.717563341209357,0.115237850880879,FALSE,"emission","SE | AICc | Intercept",FALSE,NA,"control"
"2025-09-30_2C_1",2025-09-30,2,"C",2025-09-30 10:41:04,2025-09-30 10:42:38,2025-09-30 10:40:39,6.23086,0.04696,318,101.302568421053,20.3936663157895,"2025-09-30_hudsoncarbonfieldfluxes.json",FALSE,2025-09-30,"",1,FALSE,TRUE,"single",NA,TRUE,0.12394,6.30784,7.85685938185366,"HM",7.7583741665051,7.85685938185366,0.0625312088251556,0.999680002080369,1.01269405332031,0.46861536166293,0.0781130167300456,FALSE,"emission","AICc",NA,NA,-0.35924164884223,"HM",-0.355218084038548,-0.35924164884223,0.0167060306448574,0.987367032413061,1.01132702692931,0.125802781654823,0.020969937377251,FALSE,"uptake","AICc",FALSE,NA,0.148862413066886,"LM",0.148862413066886,0.386370591279415,0.0221490628194342,0.319683451144484,2.59548789596614,0.717563341209357,0.119650942181492,FALSE,"emission","SE | g-fact. > 2 | Intercept",FALSE,NA,"control"
"2025-09-30_3A_1",2025-09-30,3,"A",2025-09-30 10:45:16,2025-09-30 10:46:51,2025-09-30 10:44:51,6.12751,0.04696,318,101.297635416667,20.9769677083333,"2025-09-30_hudsoncarbonfieldfluxes.json",FALSE,2025-09-30,"",1,FALSE,TRUE,"single",NA,TRUE,0.12394,6.20449,9.303275472718,"HM",9.14814854155436,9.303275472718,0.0500943634403838,0.999814555721211,1.0169571941753,0.46861536166293,0.0757672631601964,FALSE,"emission","",NA,NA,-0.465008729561719,"HM",-0.461247564329842,-0.465008729561719,0.0187013000062109,0.990511147767137,1.00815433082523,0.125802781654823,0.0203402048752764,FALSE,"uptake","AICc",TRUE,"convex (accelerating) trace",0.157679116951152,"HM",0.156949920516443,0.157679116951152,0.0885772089756554,0.341258950739385,1.00464604526278,0.717563341209357,0.116051113114186,FALSE,"emission","SE | AICc | Intercept",FALSE,NA,"compost"
"2025-09-30_3B_1",2025-09-30,3,"B",2025-09-30 10:48:48,2025-09-30 10:50:22,2025-09-30 10:48:23,5.97646,0.04696,318,101.307547368421,21.353267368421,"2025-09-30_hudsoncarbonfieldfluxes.json",FALSE,2025-09-30,"",1,FALSE,TRUE,"single",NA,TRUE,0.12394,6.05344,7.69074549542424,"HM",7.21886056516724,7.69074549542424,0.068172798742986,0.999242053434039,1.06536833978121,0.46861536166293,0.0746919893033262,FALSE,"emission","",NA,NA,-0.371285550592484,"HM",-0.365764145707711,-0.371285550592484,0.0168842466256098,0.987824586123661,1.01509553341837,0.125802781654823,0.0200515407526259,FALSE,"uptake","AICc",FALSE,NA,0.0988406821725284,"LM",0.0988406821725284,0.305721459778586,0.0221326691371146,0.167726292350319,3.09307314618633,0.717563341209357,0.114395954185111,TRUE,"below detection","SE | g-fact. > 2 | Intercept",FALSE,NA,"compost"
"2025-09-30_3C_1",2025-09-30,3,"C",2025-09-30 10:52:15,2025-09-30 10:53:49,2025-09-30 10:51:50,6.35011,0.04696,318,101.305978947368,21.8562778947368,"2025-09-30_hudsoncarbonfieldfluxes.json",FALSE,2025-09-30,"",1,FALSE,TRUE,"single",NA,TRUE,0.12394,6.42709,7.32568066692878,"HM",7.21465351214331,7.32568066692878,0.0584663720164303,0.999629714486188,1.01538911807734,0.46861536166293,0.0791795829191813,FALSE,"emission","AICc",NA,NA,-0.471699403261227,"HM",-0.466003491087518,-0.471699403261227,0.0169599089882757,0.992437920944195,1.01222289592813,0.125802781654823,0.0212562638709795,FALSE,"uptake","AICc",FALSE,NA,0.118931665498928,"HM",0.117127055240364,0.118931665498928,0.0924248029361983,0.210565814441638,1.01540728787947,0.717563341209357,0.121274097485068,TRUE,"below detection","SE | AICc | Intercept",FALSE,NA,"compost"
"2025-09-30_4A_1",2025-09-30,4,"A",2025-09-30 11:18:27,2025-09-30 11:20:02,2025-09-30 11:18:02,6.16726,0.04696,318,101.2938125,22.7415989583333,"2025-09-30_hudsoncarbonfieldfluxes.json",FALSE,2025-09-30,"",1,FALSE,TRUE,"single",NA,TRUE,0.12394,6.24424,7.20745348112049,"HM",7.08294656464761,7.20745348112049,0.0840761866747797,0.999158847110638,1.01757840685885,0.46861536166293,0.0757141347029063,FALSE,"emission","",NA,NA,-0.360741716510296,"HM",-0.359096570899823,-0.360741716510296,0.0192526164682825,0.983395359641237,1.00458134592138,0.125802781654823,0.0203259422021783,FALSE,"uptake","AICc",TRUE,"convex (accelerating) trace",0.0246225569309657,"HM",0.013764672402197,0.0246225569309657,0.149726718507679,-0.00869761803248825,1.78882258956165,0.717563341209357,0.115965799170114,TRUE,"below detection","SE | AICc | p-value | MDF | Intercept",FALSE,NA,"compost"
"2025-09-30_4B_1",2025-09-30,4,"B",2025-09-30 11:21:43,2025-09-30 11:23:18,2025-09-30 11:21:18,6.17521,0.04696,318,101.291395833333,22.9179666666667,"2025-09-30_hudsoncarbonfieldfluxes.json",FALSE,2025-09-30,"",1,FALSE,TRUE,"single",NA,TRUE,0.12394,6.25219,7.12108243091189,"HM",6.73143458638593,7.12108243091189,0.0594290586691223,0.999354263005476,1.05788481482298,0.46861536166293,0.0758990770710952,FALSE,"emission","",NA,NA,-0.433819160866296,"HM",-0.430337500894251,-0.433819160866296,0.0154990816201452,0.992507872019406,1.00809053351105,0.125802781654823,0.0203755911600815,FALSE,"uptake","AICc",TRUE,"convex (accelerating) trace",0.190123204790299,"HM",0.110494829709205,0.190123204790299,0.140317904849066,0.176778805487361,1.7206524983174,0.717563341209357,0.116252047360664,FALSE,"emission","SE | AICc | Intercept",FALSE,NA,"compost"
"2025-09-30_4C_1",2025-09-30,4,"C",2025-09-30 11:25:07,2025-09-30 11:26:42,2025-09-30 11:24:42,6.09571,0.04696,318,101.293166666667,22.8695958333333,"2025-09-30_hudsoncarbonfieldfluxes.json",FALSE,2025-09-30,"",1,FALSE,TRUE,"single",NA,TRUE,0.12394,6.17269,8.46938594995777,"HM",8.15771164610027,8.46938594995777,0.0706935449771135,0.999478751200157,1.038206094721,0.46861536166293,0.0748949390609961,FALSE,"emission","",NA,NA,-0.318371476527285,"HM",-0.315028317392245,-0.318371476527285,0.0162766373331303,0.984617653953986,1.01061224959938,0.125802781654823,0.0201060239090475,FALSE,"uptake","AICc",FALSE,NA,0.097433071658999,"HM",0.0973743266612373,0.097433071658999,0.0937423264793708,0.145423223675262,1.00060329041315,0.717563341209357,0.114722408445255,TRUE,"below detection","SE | AICc | Intercept",FALSE,NA,"compost"
"2025-09-30_5A_1",2025-09-30,5,"A",2025-09-30 11:08:00,2025-09-30 11:09:34,2025-09-30 11:07:35,6.03211,0.04696,318,101.284410526316,22.1988052631579,"2025-09-30_hudsoncarbonfieldfluxes.json",FALSE,2025-09-30,"",1,FALSE,TRUE,"single",NA,TRUE,0.12394,6.10909,7.38952424504834,"HM",6.8369732536385,7.38952424504834,0.0649429407786829,0.999106663829349,1.08081807122995,0.46861536166293,0.0752272379247182,FALSE,"emission","",NA,NA,-0.486170413261353,"HM",-0.478489762225594,-0.486170413261353,0.0149318367970997,0.994435168581622,1.01605186075462,0.125802781654823,0.020195231657698,FALSE,"uptake","AICc",FALSE,NA,-0.0780914190480484,"LM",-0.0780914190480484,-0.257643864634224,0.0234510840576305,0.0969241012094824,3.29925960848144,0.717563341209357,0.115223428459612,TRUE,"below detection","SE | g-fact. > 2 | Intercept",FALSE,NA,"control"
"2025-09-30_5B_1",2025-09-30,5,"B",2025-09-30 11:11:15,2025-09-30 11:12:49,2025-09-30 11:10:50,6.18316,0.04696,318,101.286242105263,22.5931936842105,"2025-09-30_hudsoncarbonfieldfluxes.json",FALSE,2025-09-30,"",1,FALSE,TRUE,"single",NA,TRUE,0.12394,6.26014,6.76084076772727,"HM",6.65521472728362,6.76084076772727,0.0719576045273339,0.999327673683333,1.01587116941706,0.46861536166293,0.0767706772677708,FALSE,"emission","AICc",NA,NA,-0.494256051181574,"HM",-0.49065112218439,-0.494256051181574,0.0192698770383177,0.991195381926987,1.00734723479513,0.125802781654823,0.0206095777900622,FALSE,"uptake","AICc",TRUE,"convex (accelerating) trace",0.124226772112285,"LM",0.124226772112285,0.26542246287696,0.0192234937302343,0.302466268498917,2.13659630982806,0.717563341209357,0.117572128287848,FALSE,"emission","SE | g-fact. > 2 | Intercept (HM)",FALSE,NA,"control"
"2025-09-30_5C_1",2025-09-30,5,"C",2025-09-30 11:14:32,2025-09-30 11:16:06,2025-09-30 11:14:07,6.31036,0.04696,318,101.286494736842,22.8907652631579,"2025-09-30_hudsoncarbonfieldfluxes.json",FALSE,2025-09-30,"",1,FALSE,TRUE,"single",NA,TRUE,0.12394,6.38734,9.07215778961847,"HM",8.09114003758028,9.07215778961847,0.088829426401573,0.998485594910891,1.12124592424328,0.46861536166293,0.0781984284182518,FALSE,"emission","",NA,NA,-0.517758826675105,"HM",-0.470936033277628,-0.517758826675105,0.0161964989888104,0.993313433194642,1.09942495389788,0.125802781654823,0.0209928666895212,FALSE,"uptake","",FALSE,NA,0.243138066145232,"HM",0.205105664441799,0.243138066145232,0.106530587198434,0.442476815360915,1.18542833425366,0.717563341209357,0.119774665638816,FALSE,"emission","SE | AICc | Intercept",FALSE,NA,"control"
"2025-09-30_6A_1",2025-09-30,6,"A",2025-09-30 10:56:30,2025-09-30 10:58:04,2025-09-30 10:56:05,5.96851,0.04696,318,101.292757894737,22.0324747368421,"2025-09-30_hudsoncarbonfieldfluxes.json",FALSE,2025-09-30,"",1,FALSE,TRUE,"single",NA,TRUE,0.12394,6.04549,6.04533482554981,"HM",5.90444616497297,6.04533482554981,0.0657489727903803,0.999263104779234,1.02386145230905,0.46861536166293,0.07439875426489,FALSE,"emission","",NA,NA,-0.519603231390098,"HM",-0.514970047952009,-0.519603231390098,0.0156379301488639,0.994771296035192,1.00899699595445,0.125802781654823,0.0199728199369381,FALSE,"uptake","AICc",TRUE,"convex (accelerating) trace",0.0696834969164806,"LM",0.0696834969164806,0.197632291018005,0.0229404289474842,0.0804770429106868,2.83614198143468,0.717563341209357,0.113948112989206,TRUE,"below detection","SE | g-fact. > 2 | Intercept",FALSE,NA,"slurry"
"2025-09-30_6B_1",2025-09-30,6,"B",2025-09-30 10:59:45,2025-09-30 11:01:20,2025-09-30 10:59:20,6.43756,0.04696,318,101.287041666667,22.0257635416667,"2025-09-30_hudsoncarbonfieldfluxes.json",FALSE,2025-09-30,"",1,FALSE,TRUE,"single",NA,TRUE,0.12394,6.51454,7.52811141851497,"HM",7.11159322716334,7.52811141851497,0.0884624681038064,0.998926576787475,1.05856889982975,0.46861536166293,0.0793950128985356,FALSE,"emission","",NA,NA,-0.419890079122414,"HM",-0.402819684549819,-0.419890079122414,0.014787169791037,0.992353208629037,1.0423772601671,0.125802781654823,0.0213140974224842,FALSE,"uptake","AICc",FALSE,NA,0.0691980048904787,"HM",0.0691761779587477,0.0691980048904787,0.101571542159874,0.0631989849030647,1.0003155267084,0.717563341209357,0.121607848552514,TRUE,"below detection","SE | AICc | Intercept",FALSE,NA,"slurry"
"2025-09-30_6C_1",2025-09-30,6,"C",2025-09-30 11:03:02,2025-09-30 11:04:36,2025-09-30 11:02:37,6.36601,0.04696,318,101.290726315789,22.530807368421,"2025-09-30_hudsoncarbonfieldfluxes.json",FALSE,2025-09-30,"",1,FALSE,TRUE,"single",NA,TRUE,0.12394,6.44299,8.26442498125861,"HM",7.53937937227035,8.26442498125861,0.108734116182189,0.998353355265086,1.09616781079554,0.46861536166293,0.0790818330545669,FALSE,"emission","",NA,NA,-0.365232449275096,"HM",-0.361449993466015,-0.365232449275096,0.0163129905497276,0.988381994898748,1.01046467250645,0.125802781654823,0.0212300222965863,FALSE,"uptake","AICc",FALSE,NA,0.432468526195008,"HM",0.251358649299296,0.432468526195008,0.15471309547454,0.493173479604616,1.72052375122394,0.717563341209357,0.121127357058729,FALSE,"emission","SE | AICc | Intercept",FALSE,NA,"slurry"
"2025-09-30_7A_1",2025-09-30,7,"A",2025-09-30 11:29:13,2025-09-30 11:30:47,2025-09-30 11:28:48,6.16726,0.04696,318,101.282715789474,22.97866,"2025-09-30_hudsoncarbonfieldfluxes.json",FALSE,2025-09-30,"",1,FALSE,TRUE,"single",NA,TRUE,0.12394,6.24424,9.02192159663913,"HM",8.8258817484902,9.02192159663913,0.0796816608262419,0.999500298932876,1.02221192779775,0.46861536166293,0.0765588582207229,FALSE,"emission","",NA,NA,-0.385809088923159,"HM",-0.382743933439829,-0.385809088923159,0.018965888472844,0.985980087398132,1.00800837117334,0.125802781654823,0.0205527136163579,FALSE,"uptake","AICc",TRUE,"convex (accelerating) trace",0.149780647130397,"HM",0.148893893016304,0.149780647130397,0.133890479734084,0.166795953045977,1.0059556110471,0.717563341209357,0.117258437501234,FALSE,"emission","SE | AICc | Intercept",FALSE,NA,"control"
"2025-09-30_7B_1",2025-09-30,7,"B",2025-09-30 11:32:27,2025-09-30 11:34:02,2025-09-30 11:32:02,6.32626,0.04696,318,101.289364583333,24.2039458333333,"2025-09-30_hudsoncarbonfieldfluxes.json",FALSE,2025-09-30,"",1,FALSE,TRUE,"single",NA,TRUE,0.12394,6.40324,8.6120286077777,"HM",8.15601956893497,8.6120286077777,0.0834370247488809,0.999219094639371,1.05591073378239,0.46861536166293,0.0772974472389714,FALSE,"emission","",NA,NA,-0.475671895342992,"HM",-0.471995790170077,-0.475671895342992,0.0155878744208567,0.993735746271814,1.0077884278832,0.125802781654823,0.0207509925474319,FALSE,"uptake","AICc",TRUE,"convex (accelerating) trace",0.248845281974748,"HM",0.207168285689909,0.248845281974748,0.0968247419231814,0.498035364634884,1.20117459651726,0.717563341209357,0.118407121367249,FALSE,"emission","SE | AICc | Intercept",FALSE,NA,"control"
"2025-09-30_7C_1",2025-09-30,7,"C",2025-09-30 11:35:39,2025-09-30 11:37:14,2025-09-30 11:35:14,6.22291,0.04696,318,101.271520833333,24.5766541666667,"2025-09-30_hudsoncarbonfieldfluxes.json",FALSE,2025-09-30,"",1,FALSE,TRUE,"single",NA,TRUE,0.12394,6.29989,9.35500273444663,"HM",8.97896200559188,9.35500273444663,0.0926782846063391,0.9992849382764,1.04188020047535,0.46861536166293,0.0757914902651563,FALSE,"emission","",NA,NA,-0.335616036364106,"HM",-0.331527941275127,-0.335616036364106,0.0160793592420297,0.986458692406114,1.01233107252817,0.125802781654823,0.020346708796071,FALSE,"uptake","AICc",FALSE,NA,0.200439701142469,"HM",0.19842696106562,0.200439701142469,0.0969077964701894,0.412017821022744,1.01014348083567,0.717563341209357,0.116108798846438,FALSE,"emission","SE | AICc | Intercept",FALSE,NA,"control"
"2025-09-30_8A_1",2025-09-30,8,"A",2025-09-30 11:40:01,2025-09-30 11:41:36,2025-09-30 11:39:36,6.22291,0.04696,318,101.27459375,24.620503125,"2025-09-30_hudsoncarbonfieldfluxes.json",FALSE,2025-09-30,"",1,FALSE,TRUE,"single",NA,TRUE,0.12394,6.29989,7.31412271384362,"HM",7.06903587301037,7.31412271384362,0.0700300421388807,0.999361508013233,1.03467047631898,0.46861536166293,0.0759874656207408,FALSE,"emission","",NA,NA,-0.430703371216925,"HM",-0.42709265053232,-0.430703371216925,0.0154678789770003,0.992444623158642,1.00845418594795,0.125802781654823,0.0203993196297851,FALSE,"uptake","AICc",TRUE,"convex (accelerating) trace",0.0656676868484891,"HM",0.0656615187982841,0.0656676868484891,0.0839331781954837,0.0835602079377856,1.00009393706265,0.717563341209357,0.116390233674714,TRUE,"below detection","SE | AICc | Intercept",FALSE,NA,"compost"
"2025-09-30_8B_1",2025-09-30,8,"B",2025-09-30 11:43:22,2025-09-30 11:44:57,2025-09-30 11:42:57,6.99406,0.04696,318,101.276020833333,24.8416395833333,"2025-09-30_hudsoncarbonfieldfluxes.json",FALSE,2025-09-30,"",1,FALSE,TRUE,"single",NA,TRUE,0.12394,7.07104,9.91573304495944,"HM",9.77022755832696,9.91573304495944,0.149987000495096,0.998646197645882,1.01489274285208,0.46861536166293,0.085257532679639,FALSE,"emission","AICc",NA,NA,-0.929484985716129,"HM",-0.921730311915411,-0.929484985716129,0.026959017332948,0.995099621063474,1.00841316999178,0.125802781654823,0.0228879282362075,FALSE,"uptake","AICc",TRUE,"convex (accelerating) trace",0.227192353576395,"HM",0.114759862058299,0.227192353576395,0.17733184453658,0.150170204384252,1.97971964676098,0.717563341209357,0.130579971201038,FALSE,"emission","SE | AICc | Intercept",FALSE,NA,"compost"
"2025-09-30_8C_1",2025-09-30,8,"C",2025-09-30 11:46:36,2025-09-30 11:48:11,2025-09-30 11:46:11,6.27856,0.04696,318,101.285395833333,24.6052114583333,"2025-09-30_hudsoncarbonfieldfluxes.json",FALSE,2025-09-30,"",1,FALSE,TRUE,"single",NA,TRUE,0.12394,6.35554,8.54331694552639,"HM",8.13123550857751,8.54331694552639,0.0640362745946844,0.999487227648167,1.05067882199626,0.46861536166293,0.0766629043470219,FALSE,"emission","",NA,NA,-0.629397041364966,"HM",-0.573068140894117,-0.629397041364966,0.017074457769936,0.994793467491908,1.09829354740077,0.125802781654823,0.0205806454623443,FALSE,"uptake","",FALSE,NA,-0.06643518530778,"HM",-0.0352678554006405,-0.06643518530778,0.177891679964277,0.00314302746792494,1.88373192963056,0.717563341209357,0.117437237773905,TRUE,"below detection","SE | AICc | p-value | Intercept",FALSE,NA,"compost"
"2025-09-30_9A_1",2025-09-30,9,"A",2025-09-30 11:51:06,2025-09-30 11:52:41,2025-09-30 11:50:41,6.19111,0.04696,318,101.289010416667,25.7749458333333,"2025-09-30_hudsoncarbonfieldfluxes.json",FALSE,2025-09-30,"",1,FALSE,TRUE,"single",NA,TRUE,0.12394,6.26809,10.5712882616913,"HM",10.1011777061675,10.5712882616913,0.0899229351703266,0.999411855598211,1.04654017275993,0.46861536166293,0.0752128277108707,FALSE,"emission","",NA,NA,-0.563664315994665,"HM",-0.554447176734131,-0.563664315994665,0.0174727666845546,0.994275847327051,1.01662401694392,0.125802781654823,0.0201913631439134,FALSE,"uptake","AICc",FALSE,NA,0.213482387046765,"HM",0.212872390038152,0.213482387046765,0.209927985744455,0.139505908711329,1.00286555249605,0.717563341209357,0.115188273587776,FALSE,"emission","SE | AICc | Intercept",FALSE,NA,"compost"
"2025-09-30_9B_1",2025-09-30,9,"B",2025-09-30 11:54:26,2025-09-30 11:56:00,2025-09-30 11:54:01,6.23086,0.04696,318,101.289136842105,24.1812136842105,"2025-09-30_hudsoncarbonfieldfluxes.json",FALSE,2025-09-30,"",1,FALSE,TRUE,"single",NA,TRUE,0.12394,6.30784,8.70619125792519,"HM",8.35928282185784,8.70619125792519,0.0661461095736496,0.999536111075093,1.04149978454614,0.46861536166293,0.0771479282263731,FALSE,"emission","",NA,NA,-0.362235627319148,"HM",-0.346971337587305,-0.362235627319148,0.0179919092584421,0.985146868997761,1.04399294142849,0.125802781654823,0.0207108532151906,FALSE,"uptake","AICc",FALSE,NA,0.185331645724371,"HM",0.183787527254613,0.185331645724371,0.100937642374888,0.35754401759254,1.0084016499532,0.717563341209357,0.118173176608196,FALSE,"emission","SE | AICc | Intercept",FALSE,NA,"compost"
"2025-09-30_9C_1",2025-09-30,9,"C",2025-09-30 11:57:38,2025-09-30 11:59:12,2025-09-30 11:57:13,6.15931,0.04696,318,101.283326315789,24.334127368421,"2025-09-30_hudsoncarbonfieldfluxes.json",FALSE,2025-09-30,"",1,FALSE,TRUE,"single",NA,TRUE,0.12394,6.23629,8.7080032803803,"HM",8.57581840059877,8.7080032803803,0.0831394656836657,0.999465088480236,1.01541367524437,0.46861536166293,0.0760865029115896,FALSE,"emission","AICc",NA,NA,-0.383326104313806,"HM",-0.379722607303037,-0.383326104313806,0.0162498987961027,0.989543124781497,1.00948981425247,0.125802781654823,0.0204259068219593,FALSE,"uptake","AICc",TRUE,"convex (accelerating) trace",0.175208034137352,"HM",0.174987382399401,0.175208034137352,0.0955341278392327,0.357860855079286,1.0012609579898,0.717563341209357,0.116541618238207,FALSE,"emission","SE | AICc | Intercept",FALSE,NA,"compost"
"2025-09-30_10A_1",2025-09-30,10,"A",2025-09-30 12:58:50,2025-09-30 13:00:24,2025-09-30 12:58:25,6.35011,0.04696,318,101.208105263158,25.3097336842105,"2025-09-30_hudsoncarbonfieldfluxes.json",FALSE,2025-09-30,"",1,FALSE,TRUE,"single",NA,TRUE,0.12394,6.42709,7.64239322881581,"HM",7.13928073067974,7.64239322881581,0.106151579371851,0.998499343606042,1.07047103442424,0.46861536166293,0.0780181286973474,FALSE,"emission","",NA,NA,-0.281248230727737,"HM",-0.271050442137919,-0.281248230727737,0.0147079212222789,0.983662777906891,1.03762321326386,0.125802781654823,0.0209444640798823,FALSE,"uptake","AICc",FALSE,NA,0.190409822836546,"HM",0.189284377282667,0.190409822836546,0.11515985686336,0.310133296305587,1.00594579209355,0.717563341209357,0.119487911191131,FALSE,"emission","SE | AICc | Intercept",FALSE,NA,"control"
"2025-09-30_10B_1",2025-09-30,10,"B",2025-09-30 13:02:24,2025-09-30 13:03:59,2025-09-30 13:01:59,5.99236,0.04696,318,101.19140625,26.0750989583333,"2025-09-30_hudsoncarbonfieldfluxes.json",FALSE,2025-09-30,"",1,FALSE,TRUE,"single",NA,TRUE,0.12394,6.06934,7.70067833432059,"HM",7.21467310201803,7.70067833432059,0.137680298027606,0.997738326267925,1.06736344466759,0.46861536166293,0.0728098575954128,FALSE,"emission","",NA,NA,-0.285257759399404,"HM",-0.28106739583527,-0.285257759399404,0.0142878182858018,0.985144921980317,1.01490875009419,0.125802781654823,0.0195462704954665,FALSE,"uptake","AICc",FALSE,NA,0.108895907745332,"HM",0.108890741659645,0.108895907745332,0.107172614877362,0.140139805887631,1.00004744283681,0.717563341209357,0.111517135561026,TRUE,"below detection","SE | AICc | Intercept",FALSE,NA,"control"
"2025-09-30_10C_1",2025-09-30,10,"C",2025-09-30 13:05:38,2025-09-30 13:07:12,2025-09-30 13:05:13,5.98044,0.04696,318,101.2048,26.4754168421053,"2025-09-30_hudsoncarbonfieldfluxes.json",FALSE,2025-09-30,"",1,FALSE,TRUE,"single",NA,TRUE,0.12394,6.05742,6.30431953904274,"HM",6.24107081754767,6.30431953904274,0.0841847070252807,0.999041184965158,1.01013427396421,0.46861536166293,0.0731148519247738,FALSE,"emission","AICc",NA,NA,-0.245615081487397,"HM",-0.240765257194064,-0.245615081487397,0.0150353576045758,0.978046073304774,1.02014337263546,0.125802781654823,0.0196281481677784,FALSE,"uptake","AICc",FALSE,NA,0.155302966674637,"LM",0.155302966674637,1.0921672532413,0.0382829550723114,0.141214659249553,7.032494463093,0.717563341209357,0.111990222276621,FALSE,"emission","SE | g-fact. > 2 | Intercept",FALSE,NA,"control"
"2025-09-30_11A_1",2025-09-30,11,"A",2025-09-30 13:10:00,2025-09-30 13:11:34,2025-09-30 13:09:35,6.21894,0.04696,318,101.191410526316,27.8156684210526,"2025-09-30_hudsoncarbonfieldfluxes.json",FALSE,2025-09-30,"",1,FALSE,TRUE,"single",NA,TRUE,0.12394,6.29592,10.6577034597437,"HM",9.71460335653567,10.6577034597437,0.090771829618148,0.998943340870198,1.09708065976503,0.46861536166293,0.0756265866372362,FALSE,"emission","",NA,NA,-0.338258560284321,"HM",-0.295143344195281,-0.338258560284321,0.021071626851213,0.974644772630036,1.1460822916627,0.125802781654823,0.0203024393657567,FALSE,"uptake","",FALSE,NA,0.189157938021726,"LM",0.189157938021726,0.626938829732718,0.0298950299665886,0.293424584852277,3.31436701144791,0.717563341209357,0.115819975445416,FALSE,"emission","SE | g-fact. > 2 | Intercept (HM)",FALSE,NA,"slurry"
"2025-09-30_11B_1",2025-09-30,11,"B",2025-09-30 13:13:12,2025-09-30 13:14:47,2025-09-30 13:12:47,6.19906,0.04696,318,101.186645833333,25.8477958333333,"2025-09-30_hudsoncarbonfieldfluxes.json",FALSE,2025-09-30,"",1,FALSE,TRUE,"single",NA,TRUE,0.12394,6.27604,6.96698213245108,"HM",6.80676920166966,6.96698213245108,0.0752162086195239,0.999267106738328,1.02353729442481,0.46861536166293,0.0753696859745874,FALSE,"emission","",NA,NA,-0.256533249341206,"HM",-0.255317453224293,-0.256533249341206,0.0176790696418644,0.972477829548226,1.00476189975091,0.125802781654823,0.0202334727449112,FALSE,"uptake","AICc",TRUE,"convex (accelerating) trace",-0.0316662688792879,"HM",-0.0316633087571725,-0.0316662688792879,0.103680202030369,0.00356550214093965,1.00009348745383,0.717563341209357,0.115444234594694,TRUE,"below detection","SE | AICc | p-value | MDF | Intercept",FALSE,NA,"slurry"
"2025-09-30_11C_1",2025-09-30,11,"C",2025-09-30 13:16:53,2025-09-30 13:18:27,2025-09-30 13:16:28,5.94069,0.04696,318,101.191978947368,24.1878589473684,"2025-09-30_hudsoncarbonfieldfluxes.json",FALSE,2025-09-30,"",1,FALSE,TRUE,"single",NA,TRUE,0.12394,6.01767,6.60432234284155,"HM",6.2739085149689,6.60432234284155,0.0612806277572692,0.999296035881485,1.05266475070274,0.46861536166293,0.073543154689281,FALSE,"emission","",NA,NA,-0.186499895696903,"HM",-0.185516584172455,-0.186499895696903,0.0147851277516072,0.964282698463671,1.00530039688276,0.125802781654823,0.0197431287757001,FALSE,"uptake","AICc",TRUE,"convex (accelerating) trace",-0.00236645300214116,"HM",-0.00237073416831065,-0.00236645300214116,0.0757083759834634,-0.0106396959497379,0.99819416017759,0.717563341209357,0.112638586219152,TRUE,"below detection","SE | AICc | p-value | MDF | Intercept",FALSE,NA,"slurry"
"2025-09-30_12A_1",2025-09-30,12,"A",2025-09-30 13:20:37,2025-09-30 13:22:11,2025-09-30 13:20:12,6.33819,0.04696,318,101.184978947368,25.5360094736842,"2025-09-30_hudsoncarbonfieldfluxes.json",FALSE,2025-09-30,"",1,FALSE,TRUE,"single",NA,TRUE,0.12394,6.41517,7.95501092424674,"HM",7.68694424106855,7.95501092424674,0.0939006556948421,0.999079599682402,1.03487298395454,0.46861536166293,0.0778115738292189,FALSE,"emission","",NA,NA,-0.376163255550452,"HM",-0.374320600424053,-0.376163255550452,0.0217738933869853,0.980709704162444,1.00492266555544,0.125802781654823,0.0208890131085725,FALSE,"uptake","AICc | Intercept",TRUE,"convex (accelerating) trace",0.139323007264881,"HM",0.139226398009793,0.139323007264881,0.106282768597752,0.218772226436548,1.00069390041306,0.717563341209357,0.119180921399722,FALSE,"emission","SE | AICc | Intercept",FALSE,NA,"slurry"
"2025-09-30_12B_1",2025-09-30,12,"B",2025-09-30 13:23:52,2025-09-30 13:25:27,2025-09-30 13:23:27,6.07981,0.04696,318,101.177052083333,25.5829645833333,"2025-09-30_hudsoncarbonfieldfluxes.json",FALSE,2025-09-30,"",1,FALSE,TRUE,"single",NA,TRUE,0.12394,6.15679,13.9722893568141,"HM",13.1493358138914,13.9722893568141,0.153929651574555,0.998995932567286,1.06258517955358,0.46861536166293,0.0738081994360203,FALSE,"emission","",NA,NA,-0.512589106474856,"HM",-0.5073532694794,-0.512589106474856,0.0161289855179833,0.994200339845559,1.01031990392184,0.125802781654823,0.0198142817278451,FALSE,"uptake","AICc",TRUE,"convex (accelerating) trace",0.146370627988616,"HM",0.145805607383965,0.146370627988616,0.117164831730541,0.199854215266552,1.00387516375254,0.717563341209357,0.113048193597095,FALSE,"emission","SE | AICc | Intercept",FALSE,NA,"slurry"
"2025-09-30_12C_1",2025-09-30,12,"C",2025-09-30 13:27:05,2025-09-30 13:28:40,2025-09-30 13:26:40,5.84131,0.04696,318,101.175677083333,26.77031875,"2025-09-30_hudsoncarbonfieldfluxes.json",FALSE,2025-09-30,"",1,FALSE,TRUE,"single",NA,TRUE,0.12394,5.91829,7.27486536207187,"HM",7.15618002319664,7.27486536207187,0.0744150224375822,0.999360236217358,1.01658501302238,0.46861536166293,0.0705472524499333,FALSE,"emission","AICc",NA,NA,-0.261210147374369,"HM",-0.25782869057518,-0.261210147374369,0.0160385355272837,0.977858730872962,1.01311513001771,0.125802781654823,0.0189388597181549,FALSE,"uptake","AICc",FALSE,NA,0.47209701026678,"HM",0.28911359579004,0.47209701026678,0.155875650804329,0.535332047747211,1.63291182822695,0.717563341209357,0.108049192748608,FALSE,"emission","SE | Intercept",FALSE,NA,"slurry"
"2025-09-30_14A_1",2025-09-30,14,"A",2025-09-30 13:41:38,2025-09-30 13:43:12,2025-09-30 13:41:13,5.98044,0.04696,318,101.161347368421,26.5194294736842,"2025-09-30_hudsoncarbonfieldfluxes.json",FALSE,2025-09-30,"",1,FALSE,TRUE,"single",NA,TRUE,0.12394,6.05742,9.03985181597903,"HM",8.90592721153604,9.03985181597903,0.092528972877827,0.999396480401503,1.01503769357889,0.46861536166293,0.0731127836379604,FALSE,"emission","AICc",NA,NA,-0.297563837120081,"HM",-0.295180555073666,-0.297563837120081,0.0152912845190712,0.984687337148733,1.00807398050261,0.125802781654823,0.0196275929229963,FALSE,"uptake","AICc",TRUE,"convex (accelerating) trace",-0.0123213406002859,"HM",-0.0123347379770844,-0.0123213406002859,0.083095596763918,-0.00960749093603441,0.998913849907197,0.717563341209357,0.111936897057388,TRUE,"below detection","SE | AICc | p-value | MDF | Intercept",TRUE,"convex (accelerating) trace","compost"
"2025-09-30_14B_1",2025-09-30,14,"B",2025-09-30 13:44:56,2025-09-30 13:46:30,2025-09-30 13:44:31,6.31831,0.04696,318,101.154378947368,25.0970473684211,"2025-09-30_hudsoncarbonfieldfluxes.json",FALSE,2025-09-30,"",1,FALSE,TRUE,"single",NA,TRUE,0.12394,6.39529,15.9164384801276,"HM",15.7044742743003,15.9164384801276,0.117424369761765,0.999721465870997,1.01349705836216,0.46861536166293,0.0776885152981008,FALSE,"emission","AICc",NA,NA,-0.523613868593056,"HM",-0.520438211189518,-0.523613868593056,0.0224094506466092,0.989420599916618,1.00610189132016,0.125802781654823,0.0208559772612924,FALSE,"uptake","AICc",TRUE,"convex (accelerating) trace",0.240111320345959,"HM",0.219443551429103,0.240111320345959,0.126580371309263,0.362660588661285,1.09418262137237,0.717563341209357,0.118984917896231,FALSE,"emission","SE | AICc",FALSE,NA,"compost"
"2025-09-30_14C_1",2025-09-30,14,"C",2025-09-30 13:48:36,2025-09-30 13:50:10,2025-09-30 13:48:11,6.45744,0.04696,318,101.144557894737,25.6291315789474,"2025-09-30_hudsoncarbonfieldfluxes.json",FALSE,2025-09-30,"",1,FALSE,TRUE,"single",NA,TRUE,0.12394,6.53442,7.85152708280076,"HM",7.77611364298911,7.85152708280076,0.0858964124887013,0.999393386244484,1.00969808869494,0.46861536166293,0.0793027779063836,FALSE,"emission","AICc",NA,NA,-0.22378797790388,"HM",-0.222876892605515,-0.22378797790388,0.0202349835218543,0.953933923788228,1.0040878409947,0.125802781654823,0.0212893363507655,FALSE,"uptake","AICc",TRUE,"convex (accelerating) trace",0.150476121719524,"HM",0.150408120336115,0.150476121719524,0.125036603015219,0.189294152977572,1.0004521124475,0.717563341209357,0.121460690365055,FALSE,"emission","SE | AICc | Intercept",FALSE,NA,"compost"
"2025-09-30_15A_1",2025-09-30,15,"A",2025-09-30 13:31:08,2025-09-30 13:32:42,2025-09-30 13:30:43,6.00031,0.04696,318,101.171094736842,26.2622347368421,"2025-09-30_hudsoncarbonfieldfluxes.json",FALSE,2025-09-30,"",1,FALSE,TRUE,"single",NA,TRUE,0.12394,6.07729,7.39816874252629,"HM",7.32139768701007,7.39816874252629,0.108286893732629,0.998858049093306,1.01048584693773,0.46861536166293,0.0736160624199863,FALSE,"emission","AICc",NA,NA,-0.285340526294838,"HM",-0.284575914188226,-0.285340526294838,0.0208436066727446,0.969570108934301,1.00268684758088,0.125802781654823,0.019762701320856,FALSE,"uptake","AICc",TRUE,"convex (accelerating) trace",0.102362098039834,"HM",0.102444271946315,0.102362098039834,0.116636705857872,0.106779592911578,0.999197867241184,0.717563341209357,0.112755081442672,TRUE,"below detection","SE | AICc | Intercept",TRUE,"convex (accelerating) trace","control"
"2025-09-30_15B_1",2025-09-30,15,"B",2025-09-30 13:34:21,2025-09-30 13:35:56,2025-09-30 13:33:56,6.33819,0.04696,318,101.172885416667,27.215940625,"2025-09-30_hudsoncarbonfieldfluxes.json",FALSE,2025-09-30,"",1,FALSE,TRUE,"single",NA,TRUE,0.12394,6.41517,9.11185073601884,"HM",8.8989221359929,9.11185073601884,0.0829957086312837,0.999458665972939,1.02392745961499,0.46861536166293,0.076356750598719,FALSE,"emission","",NA,NA,-0.384307129826222,"HM",-0.380446831471441,-0.384307129826222,0.013923223277511,0.992253307552037,1.01014674860046,0.125802781654823,0.0204984565366252,FALSE,"uptake","AICc",FALSE,NA,0.0647755779917832,"LM",0.0647755779917832,0.178261139324177,0.0321930062058423,0.0310922501503209,2.7519806823922,0.717563341209357,0.116941640228046,TRUE,"below detection","SE | AICc | g-fact. > 2 | Intercept",FALSE,NA,"control"
"2025-09-30_15C_1",2025-09-30,15,"C",2025-09-30 13:37:38,2025-09-30 13:39:12,2025-09-30 13:37:13,6.23881,0.04696,318,101.175347368421,26.8413736842105,"2025-09-30_hudsoncarbonfieldfluxes.json",FALSE,2025-09-30,"",1,FALSE,TRUE,"single",NA,TRUE,0.12394,6.31579,12.4443019077005,"HM",11.1967730478265,12.4443019077005,0.160234296998307,0.998209391407591,1.11141860735636,0.46861536166293,0.0762192718328771,FALSE,"emission","",NA,NA,-0.374373894312382,"HM",-0.36953424766065,-0.374373894312382,0.0181641108533959,0.986219834387035,1.01309661197134,0.125802781654823,0.0204615494853923,FALSE,"uptake","AICc",FALSE,NA,0.241383207135878,"HM",0.241350749476942,0.241383207135878,0.129365041152401,0.366234686872862,1.00013448335672,0.717563341209357,0.116745465139733,FALSE,"emission","SE | AICc | Intercept",TRUE,"convex (accelerating) trace","control"
"2025-10-14_1A_1",2025-10-14,1,"A",2025-10-14 11:26:36,2025-10-14 11:28:10,2025-10-14 11:26:11,6.22291,0.04696,318,101.162526315789,12.9760294736842,"2025-10-14_hudsoncarbonfluxes.json",FALSE,2025-10-14,"",1,FALSE,TRUE,"single",NA,TRUE,0.12394,6.29989,4.59982965450961,"HM",4.56034027019654,4.59982965450961,0.0821779846225518,0.998237276081216,1.00865930653709,0.400996366523587,0.0687638798870883,FALSE,"emission","AICc",NA,NA,-0.229495194888452,"HM",-0.228181440458742,-0.229495194888452,0.0151071554370263,0.975066269783718,1.00575749906333,0.125802781654347,0.0215729819253418,FALSE,"uptake","AICc",TRUE,"convex (accelerating) trace",0.0806494980459471,"HM",0.0806001526635302,0.0806494980459471,0.0862456408828296,0.121043261106935,1.00061222442869,0.68940972703156,0.118254833525659,TRUE,"below detection","SE | AICc | Intercept",FALSE,NA,"slurry"
"2025-10-14_1B_1",2025-10-14,1,"B",2025-10-14 11:32:14,2025-10-14 11:33:48,2025-10-14 11:31:49,6.22291,0.04696,318,101.158136842105,12.4668242105263,"2025-10-14_hudsoncarbonfluxes.json",FALSE,2025-10-14,"",1,FALSE,TRUE,"single",NA,TRUE,0.12394,6.29989,4.04836043695763,"HM",3.8925287205813,4.04836043695763,0.04769917424495,0.999053565925711,1.04003354311874,0.400996366523587,0.0689021756789488,FALSE,"emission","",NA,NA,-0.137468150292809,"HM",-0.135462081420527,-0.137468150292809,0.0176458311750793,0.910282692437344,1.01480908052825,0.125802781654347,0.0216163688404353,FALSE,"uptake","AICc | Intercept",FALSE,NA,0.0890942585106457,"HM",0.0465540445223842,0.0890942585106457,0.16475059268375,0.0224292477120652,1.91378127130946,0.68940972703156,0.118485740994587,TRUE,"below detection","SE | AICc | p-value | Intercept",FALSE,NA,"slurry"
"2025-10-14_1C_1",2025-10-14,1,"C",2025-10-14 11:35:51,2025-10-14 11:37:25,2025-10-14 11:35:26,6.00031,0.04696,318,101.172557894737,12.7857389473684,"2025-10-14_hudsoncarbonfluxes.json",FALSE,2025-10-14,"",1,FALSE,TRUE,"single",NA,TRUE,0.12394,6.07729,4.24291738222838,"HM",4.17878355152897,4.24291738222838,0.0541252771981712,0.999044234155961,1.01534748806885,0.400996366523587,0.0663731665077598,FALSE,"emission","AICc",NA,NA,-0.215588039855977,"HM",-0.195516063607018,-0.215588039855977,0.0148433017861692,0.970678307708818,1.10266151987032,0.125802781654347,0.0208229541984943,FALSE,"uptake","AICc | Intercept",FALSE,NA,-0.0424095583483942,"HM",-0.0423949465082671,-0.0424095583483942,0.0290677760259476,0.0176267997745837,1.00034465994961,0.68940972703156,0.11413226202554,TRUE,"below detection","AICc | p-value | Intercept",FALSE,NA,"slurry"
"2025-10-14_2A_2_1",2025-10-14,2,"A",2025-10-14 11:45:06,2025-10-14 11:46:40,2025-10-14 11:44:41,6.18316,0.04696,318,101.189378947368,12.7288536842105,"2025-10-14_hudsoncarbonfluxes.json",FALSE,2025-10-14,"",1,FALSE,TRUE,"single",NA,TRUE,0.12394,6.26014,3.5835524682219,"HM",3.28016266502872,3.5835524682219,0.0867429818511349,0.995859854230287,1.09249230424691,0.400996366523587,0.0683919140424055,FALSE,"emission","",NA,NA,-0.162351463997454,"HM",-0.160573990169586,-0.162351463997454,0.0169742308316616,0.938947543233339,1.01106950027206,0.125802781654347,0.0214562867583826,FALSE,"uptake","AICc | Intercept",FALSE,NA,0.0274107560919359,"HM",0.0273477380010941,0.0274107560919359,0.079823643498315,0.00916973601186921,1.0023043255292,0.68940972703156,0.117603406805485,TRUE,"below detection","SE | AICc | p-value | MDF | Intercept",FALSE,NA,"control"
"2025-10-14_2B_2_1",2025-10-14,2,"B",2025-10-14 11:48:56,2025-10-14 11:50:31,2025-10-14 11:48:31,6.07186,0.04696,318,101.192104166667,12.5553520833333,"2025-10-14_hudsoncarbonfluxes.json",FALSE,2025-10-14,"",1,FALSE,TRUE,"single",NA,TRUE,0.12394,6.14884,4.19947997908616,"HM",4.13329358725602,4.19947997908616,0.0509603042309976,0.999116016638984,1.0160129907138,0.400996366523587,0.0665284701029785,FALSE,"emission","AICc",NA,NA,-0.255658654930936,"HM",-0.253477968056726,-0.255658654930936,0.0174762506223697,0.972772516232711,1.00860306278659,0.125802781654347,0.0208716768950335,FALSE,"uptake","AICc | Intercept",FALSE,NA,0.0348323374672839,"HM",0.0348544898302721,0.0348323374672839,0.11389158423334,0.00443742306202122,0.999364433015775,0.68940972703156,0.114400332516401,TRUE,"below detection","SE | AICc | p-value | Intercept",FALSE,NA,"control"
"2025-10-14_2C_1",2025-10-14,2,"C",2025-10-14 11:52:47,2025-10-14 11:54:21,2025-10-14 11:52:22,6.23086,0.04696,318,101.181873684211,12.7314978947368,"2025-10-14_hudsoncarbonfluxes.json",FALSE,2025-10-14,"",1,FALSE,TRUE,"single",NA,TRUE,0.12394,6.30784,5.77666788445867,"HM",5.49266940190242,5.77666788445867,0.0450836040348744,0.999452000157933,1.0517050020265,0.400996366523587,0.068897157379876,FALSE,"emission","",NA,NA,-0.188725313720331,"HM",-0.185758941604007,-0.188725313720331,0.0157044279264121,0.960287478373484,1.01596893312757,0.125802781654347,0.0216147944720987,FALSE,"uptake","AICc",FALSE,NA,0.038488085759574,"HM",0.0252688993606928,0.038488085759574,0.110768643874469,0.00397006953134849,1.52314056936902,0.68940972703156,0.118468092391864,TRUE,"below detection","SE | AICc | p-value",FALSE,NA,"control"
"2025-10-14_3A_1",2025-10-14,3,"A",2025-10-14 11:56:50,2025-10-14 11:58:24,2025-10-14 11:56:25,6.12751,0.04696,318,101.188336842105,13.3390557894737,"2025-10-14_hudsoncarbonfluxes.json",FALSE,2025-10-14,"",1,FALSE,TRUE,"single",NA,TRUE,0.12394,6.20449,5.47214089639209,"HM",4.96107420664872,5.47214089639209,0.0669494348030625,0.998404133635349,1.10301532862751,0.400996366523587,0.0676085438721446,FALSE,"emission","",NA,NA,-0.182960186629877,"HM",-0.163682203106076,-0.182960186629877,0.0152362440339883,0.95755472537415,1.1177769064564,0.125802781654347,0.0212105235677127,FALSE,"uptake","AICc",FALSE,NA,0.0179626055627945,"HM",0.0179487590971641,0.0179626055627945,0.0900814229503895,-0.00402935301411578,1.00077144417369,0.68940972703156,0.116249808968171,TRUE,"below detection","SE | AICc | p-value | MDF",FALSE,NA,"compost"
"2025-10-14_3B_2_1",2025-10-14,3,"B",2025-10-14 12:01:07,2025-10-14 12:02:41,2025-10-14 12:00:42,5.97646,0.04696,318,101.189494736842,13.0588147368421,"2025-10-14_hudsoncarbonfluxes.json",FALSE,2025-10-14,"",1,FALSE,TRUE,"single",NA,TRUE,0.12394,6.05344,4.90342428719901,"HM",4.83146304178511,4.90342428719901,0.0533239079622086,0.99932305488558,1.01489429698448,0.400996366523587,0.0660397517633275,FALSE,"emission","AICc",NA,NA,-0.145341618724417,"HM",-0.144055374535518,-0.145341618724417,0.0145698442230837,0.943706589586625,1.00892881777612,0.125802781654347,0.0207183534943588,FALSE,"uptake","AICc",FALSE,NA,-0.0191717542121712,"HM",-0.0191739466752565,-0.0191717542121712,0.0356511238411206,-0.00242776118684662,0.999885654053264,0.68940972703156,0.11355453701275,TRUE,"below detection","AICc | p-value | MDF | Intercept",FALSE,NA,"compost"
"2025-10-14_3C_1",2025-10-14,3,"C",2025-10-14 12:04:22,2025-10-14 12:05:56,2025-10-14 12:03:57,6.35011,0.04696,318,101.185957894737,12.9454842105263,"2025-10-14_hudsoncarbonfluxes.json",FALSE,2025-10-14,"",1,FALSE,TRUE,"single",NA,TRUE,0.12394,6.42709,4.4592012338229,"HM",4.31299011343784,4.4592012338229,0.0523035633063034,0.999093386238628,1.03390017517766,0.400996366523587,0.07013915354892,FALSE,"emission","",NA,NA,-0.186816186746318,"HM",-0.18540021974127,-0.186816186746318,0.0159140215826067,0.958762719545385,1.00763735343477,0.125802781654347,0.0220044403290533,FALSE,"uptake","AICc",FALSE,NA,-0.0266127153921831,"HM",-0.0265978959863511,-0.0266127153921831,0.0842037095394637,0.00598873842397762,1.00055716459075,0.68940972703156,0.120609306406007,TRUE,"below detection","SE | AICc | p-value | MDF | Intercept",FALSE,NA,"compost"
"2025-10-15_4A_1",2025-10-15,4,"A",2025-10-15 10:32:50,2025-10-15 10:34:25,2025-10-15 10:32:25,6.16726,0.04696,318,100.736864583333,14.1877135416667,"2025-10-15_hudsoncarbonfieldfluxes.json",FALSE,2025-10-14,"",1,FALSE,TRUE,"single",NA,TRUE,0.12394,6.24424,4.8718331671111,"HM",4.61140270242737,4.8718331671111,0.0655018111849897,0.998680283924748,1.05647532464398,0.38789191010123,0.064659066561346,FALSE,"emission","",NA,NA,-0.264650361996256,"HM",-0.260696564476377,-0.264650361996256,0.0146483017822218,0.981865364282604,1.01516628164172,0.125802781654347,0.0209705080739323,FALSE,"uptake","AICc",FALSE,NA,0.0438053467680673,"HM",0.0435767840305456,0.0438053467680673,0.0860214348412136,0.0316067049596866,1.0052450574912,0.712719934115613,0.118832604492786,TRUE,"below detection","SE | AICc",FALSE,NA,"compost"
"2025-10-15_4B_1",2025-10-15,4,"B",2025-10-15 10:36:05,2025-10-15 10:37:40,2025-10-15 10:35:40,6.17521,0.04696,318,100.73109375,13.2384854166667,"2025-10-15_hudsoncarbonfieldfluxes.json",FALSE,2025-10-14,"",1,FALSE,TRUE,"single",NA,TRUE,0.12394,6.25219,4.47711552283469,"HM",4.37598087629586,4.47711552283469,0.0525861453791612,0.999135922343442,1.02311130907511,0.38789191010123,0.0649777499916375,FALSE,"emission","",NA,NA,-0.356242601233497,"HM",-0.324416924638617,-0.356242601233497,0.0161005898073665,0.986721970624696,1.09810115988964,0.125802781654347,0.0210738648621349,FALSE,"uptake","",FALSE,NA,0.0838453797836292,"HM",0.0438224104991339,0.0838453797836292,0.108695085835365,0.0519111241470172,1.91329912774393,0.712719934115613,0.11942009360169,TRUE,"below detection","SE | AICc | Intercept",FALSE,NA,"compost"
"2025-10-15_4C_1",2025-10-15,4,"C",2025-10-15 10:39:23,2025-10-15 10:40:58,2025-10-15 10:38:58,6.09571,0.04696,318,100.731447916667,12.9615427083333,"2025-10-15_hudsoncarbonfieldfluxes.json",FALSE,2025-10-14,"",1,FALSE,TRUE,"single",NA,TRUE,0.12394,6.17269,4.04142880926285,"HM",3.98399999005031,4.04142880926285,0.0450677484951965,0.999331189558494,1.01441486429618,0.38789191010123,0.0642273709521881,FALSE,"emission","AICc",NA,NA,-0.22286277388234,"HM",-0.204074533024101,-0.22286277388234,0.0161594765324098,0.967627585229503,1.09206558299962,0.125802781654347,0.0208304986871785,FALSE,"uptake","AICc",FALSE,NA,0.00457435102827296,"HM",0.00414420581832368,0.00457435102827296,0.0724057436181092,-0.0100278066384998,1.10379436466388,0.712719934115613,0.118039413177564,TRUE,"below detection","SE | AICc | p-value | MDF | Intercept",FALSE,NA,"compost"
"2025-10-14_5A_1",2025-10-14,5,"A",2025-10-14 12:19:05,2025-10-14 12:20:39,2025-10-14 12:18:40,6.03211,0.04696,318,101.168126315789,13.0894715789474,"2025-10-14_hudsoncarbonfluxes.json",FALSE,2025-10-14,"",1,FALSE,TRUE,"single",NA,TRUE,0.12394,6.10909,5.11344500379283,"HM",4.96408900589791,5.11344500379283,0.0413579810326803,0.999545786779448,1.03008729249566,0.400996366523587,0.0666139504697496,FALSE,"emission","",NA,NA,-0.339594056338421,"HM",-0.335552899647323,-0.339594056338421,0.0159588484454257,0.98709690665954,1.01204327751405,0.125802781654347,0.0208984942650009,FALSE,"uptake","AICc",FALSE,NA,0.048380449359248,"LM",0.048380449359248,0.0987192470931576,0.0198371462588976,0.0500074430501084,2.0404780939532,0.68940972703156,0.11455050150273,TRUE,"below detection","SE | AICc | g-fact. > 2 | Intercept",FALSE,NA,"control"
"2025-10-14_5B_1",2025-10-14,5,"B",2025-10-14 12:22:20,2025-10-14 12:23:54,2025-10-14 12:21:55,6.18316,0.04696,318,101.157494736842,13.1824294736842,"2025-10-14_hudsoncarbonfluxes.json",FALSE,2025-10-14,"",1,FALSE,TRUE,"single",NA,TRUE,0.12394,6.26014,4.19926557762628,"HM",4.14730576325084,4.19926557762628,0.0664881118565755,0.998607493983341,1.01252857091846,0.400996366523587,0.0682133873640769,FALSE,"emission","AICc",NA,NA,-0.353042462703838,"HM",-0.347663089878913,-0.353042462703838,0.0185051130690122,0.983896366339038,1.0154729477518,0.125802781654347,0.0214002783887109,FALSE,"uptake","AICc",FALSE,NA,0.0744570182674328,"LM",0.0744570182674328,0.202640279452565,0.0183423934105208,0.141378449533485,2.72157392503587,0.68940972703156,0.117308144015823,TRUE,"below detection","SE | g-fact. > 2 | Intercept",FALSE,NA,"control"
"2025-10-14_5C_1",2025-10-14,5,"C",2025-10-14 12:25:37,2025-10-14 12:27:11,2025-10-14 12:25:12,6.31036,0.04696,318,101.146136842105,13.4302115789474,"2025-10-14_hudsoncarbonfluxes.json",FALSE,2025-10-14,"",1,FALSE,TRUE,"single",NA,TRUE,0.12394,6.38734,4.6634215309446,"HM",4.50570553043371,4.6634215309446,0.0738054481040162,0.998408038384188,1.03500361917697,0.400996366523587,0.0695112294990425,FALSE,"emission","",NA,NA,-0.284314174670177,"HM",-0.26214120321369,-0.284314174670177,0.0155657807099118,0.981350723879635,1.08458407600431,0.125802781654347,0.0218074445486998,FALSE,"uptake","",FALSE,NA,0.0616365718492632,"HM",0.0616550788386277,0.0616365718492632,0.0852933880747642,0.0719350953965441,0.999699830253839,0.68940972703156,0.119540072646626,TRUE,"below detection","SE | AICc | Intercept",TRUE,"convex (accelerating) trace","control"
"2025-10-14_6A_1",2025-10-14,6,"A",2025-10-14 12:08:00,2025-10-14 12:09:35,2025-10-14 12:07:35,5.96851,0.04696,318,101.193260416667,13.169746875,"2025-10-14_hudsoncarbonfluxes.json",FALSE,2025-10-14,"",1,FALSE,TRUE,"single",NA,TRUE,0.12394,6.04549,3.04204386516713,"HM",3.00861135870115,3.04204386516713,0.0494484241371128,0.998507563053834,1.01111227156984,0.400996366523587,0.0652378458141449,FALSE,"emission","AICc",NA,NA,-0.194539632467758,"HM",-0.187154131964861,-0.194539632467758,0.0151517751129322,0.964156738571588,1.0394621290236,0.125802781654347,0.0204667751573605,FALSE,"uptake","AICc",FALSE,NA,0.104309696776514,"HM",0.0719773381432585,0.104309696776514,0.0957045702908818,0.132764817082979,1.44920192198416,0.68940972703156,0.112174781314064,TRUE,"below detection","SE | AICc | Intercept",FALSE,NA,"slurry"
"2025-10-14_6B_1",2025-10-14,6,"B",2025-10-14 12:11:31,2025-10-14 12:13:05,2025-10-14 12:11:06,6.43756,0.04696,318,101.195263157895,12.7481210526316,"2025-10-14_hudsoncarbonfluxes.json",FALSE,2025-10-14,"",1,FALSE,TRUE,"single",NA,TRUE,0.12394,6.51454,4.20593598742799,"HM",4.15008870573109,4.20593598742799,0.0678547835504814,0.998536805269357,1.01345688867319,0.400996366523587,0.0711702899098388,FALSE,"emission","AICc",NA,NA,-0.140206225354007,"HM",-0.138770008684303,-0.140206225354007,0.0177098737273445,0.913201333009742,1.0103496186483,0.125802781654347,0.0223279340893413,FALSE,"uptake","AICc",FALSE,NA,0.0186451471058301,"HM",0.0186456514053929,0.0186451471058301,0.0799710895871102,-0.00187305269172167,0.999972953502569,0.68940972703156,0.122378195903985,TRUE,"below detection","SE | AICc | p-value | MDF | Intercept",FALSE,NA,"slurry"
"2025-10-14_6C_1",2025-10-14,6,"C",2025-10-14 12:14:57,2025-10-14 12:16:31,2025-10-14 12:14:32,6.36601,0.04696,318,101.178063157895,12.7601905263158,"2025-10-14_hudsoncarbonfluxes.json",FALSE,2025-10-14,"",1,FALSE,TRUE,"single",NA,TRUE,0.12394,6.44299,5.21023814948108,"HM",5.13588890887722,5.21023814948108,0.0942597350883427,0.998090636463454,1.01447641137162,0.400996366523587,0.0703567240240593,FALSE,"emission","AICc",NA,NA,-0.227597020685448,"HM",-0.226207862584525,-0.227597020685448,0.0166732937945949,0.96927729593656,1.00614106903735,0.125802781654347,0.0220726977330185,FALSE,"uptake","AICc | Intercept",TRUE,"convex (accelerating) trace",-0.201493709599997,"HM",-0.20120039647939,-0.201493709599997,0.11141773876844,0.218532914570235,1.00145781581816,0.68940972703156,0.120999872500466,FALSE,"uptake","SE | AICc | Intercept",TRUE,"convex (accelerating) trace","slurry"
"2025-10-15_7A_1",2025-10-15,7,"A",2025-10-15 10:43:05,2025-10-15 10:44:39,2025-10-15 10:42:40,6.16726,0.04696,318,100.721378947368,12.9825157894737,"2025-10-15_hudsoncarbonfieldfluxes.json",FALSE,2025-10-14,"",1,FALSE,TRUE,"single",NA,TRUE,0.12394,6.24424,5.02540687508675,"HM",4.86670275224144,5.02540687508675,0.0499202579263041,0.999334679087398,1.03261019440158,0.38789191010123,0.0656290918679948,FALSE,"emission","",NA,NA,-0.230270269238003,"HM",-0.22652443607678,-0.230270269238003,0.015655954909151,0.973111333541359,1.01653611074416,0.125802781654347,0.0212851108760884,FALSE,"uptake","AICc",FALSE,NA,0.186697666807631,"LM",0.186697666807631,1.00472407520327,0.0596864345109679,0.0854627915830835,5.38155667600556,0.712719934115613,0.12061967747382,FALSE,"emission","SE | g-fact. > 2 | Intercept (HM)",FALSE,NA,"control"
"2025-10-15_7B_1",2025-10-15,7,"B",2025-10-15 10:46:23,2025-10-15 10:47:58,2025-10-15 10:45:58,6.32626,0.04696,318,100.7160625,12.7836854166667,"2025-10-15_hudsoncarbonfieldfluxes.json",FALSE,2025-10-14,"",1,FALSE,TRUE,"single",NA,TRUE,0.12394,6.40324,4.98340513982544,"HM",4.85508453093595,4.98340513982544,0.0519950589968821,0.99929291421476,1.02643014927379,0.38789191010123,0.0666460659720395,FALSE,"emission","",NA,NA,-0.276524744392063,"HM",-0.269368272744772,-0.276524744392063,0.0184323715558121,0.973707812477989,1.02656761159868,0.125802781654347,0.0216149403152378,FALSE,"uptake","AICc",FALSE,NA,0.215334310416195,"HM",0.17928878475416,0.215334310416195,0.0974517973184287,0.42196418720814,1.20104729758452,0.712719934115613,0.122483344842706,FALSE,"emission","SE | AICc | Intercept",FALSE,NA,"control"
"2025-10-15_7C_1",2025-10-15,7,"C",2025-10-15 10:49:37,2025-10-15 10:51:12,2025-10-15 10:49:12,6.22291,0.04696,318,100.720052083333,12.7794010416667,"2025-10-15_hudsoncarbonfieldfluxes.json",FALSE,2025-10-14,"",1,FALSE,TRUE,"single",NA,TRUE,0.12394,6.29989,4.72275592941821,"HM",4.66983408073349,4.72275592941821,0.0543566155581822,0.999290170986935,1.01133270428238,0.38789191010123,0.0655697595926507,FALSE,"emission","AICc",NA,NA,-0.189115583453851,"HM",-0.187624204396109,-0.189115583453851,0.0167585097579851,0.955048212894832,1.00794875619882,0.125802781654347,0.0212658679759768,FALSE,"uptake","AICc",FALSE,NA,0.107803009830894,"HM",0.104194334985499,0.107803009830894,0.0748999207470384,0.247813416943546,1.03463407915505,0.712719934115613,0.120500887045562,TRUE,"below detection","SE | AICc | Intercept",FALSE,NA,"control"
"2025-10-15_8A_1",2025-10-15,8,"A",2025-10-15 10:53:38,2025-10-15 10:55:13,2025-10-15 10:53:13,6.22291,0.04696,318,100.722885416667,12.55858125,"2025-10-15_hudsoncarbonfieldfluxes.json",FALSE,2025-10-14,"",1,FALSE,TRUE,"single",NA,TRUE,0.12394,6.29989,3.951886639635,"HM",3.84664977453063,3.951886639635,0.0465239364979706,0.999108521027947,1.02735805734152,0.38789191010123,0.0656271863414998,FALSE,"emission","",NA,NA,-0.288779639304227,"HM",-0.28667695521892,-0.288779639304227,0.0137913752380106,0.986663589528518,1.00733468123973,0.125802781654347,0.0212844928674955,FALSE,"uptake","AICc",TRUE,"convex (accelerating) trace",-0.00222708308150818,"HM",-0.00222832662659847,-0.00222708308150818,0.0681825184089268,-0.0104735200965669,0.999441937696453,0.712719934115613,0.120610526872235,TRUE,"below detection","SE | AICc | p-value | MDF | Intercept",FALSE,NA,"compost"
"2025-10-15_8B_1",2025-10-15,8,"B",2025-10-15 10:57:16,2025-10-15 10:58:51,2025-10-15 10:56:51,6.99406,0.04696,318,100.72315625,12.51223125,"2025-10-15_hudsoncarbonfieldfluxes.json",FALSE,2025-10-14,"",1,FALSE,TRUE,"single",NA,TRUE,0.12394,7.07104,4.9466685503456,"HM",4.91417613742405,4.9466685503456,0.128030011620105,0.996162482591994,1.00661197564208,0.38789191010123,0.0736808088095694,FALSE,"emission","AICc",NA,NA,-0.348257919797674,"HM",-0.346490284876067,-0.348257919797674,0.0191993435950219,0.982313924274604,1.00510154252157,0.125802781654347,0.0238964785328131,FALSE,"uptake","AICc",TRUE,"convex (accelerating) trace",0.0434741929332728,"HM",0.0434811507415315,0.0434741929332728,0.0943568174063633,0.0247687109740742,0.999839981046037,0.712719934115613,0.135409091231793,TRUE,"below detection","SE | AICc | p-value | Intercept",FALSE,NA,"compost"
"2025-10-15_8C_1",2025-10-15,8,"C",2025-10-15 11:00:30,2025-10-15 11:02:05,2025-10-15 11:00:05,6.27856,0.04696,318,100.72396875,12.32131875,"2025-10-15_hudsoncarbonfieldfluxes.json",FALSE,2025-10-14,"",1,FALSE,TRUE,"single",NA,TRUE,0.12394,6.35554,5.26531823719427,"HM",5.16245131378882,5.26531823719427,0.0485901682416512,0.999459212693506,1.01992598421813,0.38789191010123,0.066276942632943,FALSE,"emission","",NA,NA,-0.388237693912315,"HM",-0.38414643978455,-0.388237693912315,0.0131100906266393,0.993293743217281,1.01065024611463,0.125802781654347,0.0214952246376931,FALSE,"uptake","AICc",TRUE,"convex (accelerating) trace",0.041144248373748,"HM",0.0411584536661914,0.041144248373748,0.085523242167845,0.0278199748404864,0.999654863310497,0.712719934115613,0.121800592106971,TRUE,"below detection","SE | AICc | p-value | Intercept",FALSE,NA,"compost"
"2025-10-15_9A_1",2025-10-15,9,"A",2025-10-15 11:03:59,2025-10-15 11:05:34,2025-10-15 11:03:34,6.19111,0.04696,318,100.735385416667,12.4991010416667,"2025-10-15_hudsoncarbonfieldfluxes.json",FALSE,2025-10-14,"",1,FALSE,TRUE,"single",NA,TRUE,0.12394,6.26809,5.6672674996133,"HM",5.08036432022184,5.6672674996133,0.0561593427560266,0.998542453039246,1.11552383695306,0.38789191010123,0.0653248580154313,FALSE,"emission","",NA,NA,-0.284224244058815,"HM",-0.264155249373944,-0.284224244058815,0.0126657837333234,0.987435723738145,1.07597424140703,0.125802781654347,0.0211864404374193,FALSE,"uptake","",FALSE,NA,0.103893877164146,"HM",0.0772021241938745,0.103893877164146,0.0938532950062358,0.141931842025797,1.34573858231208,0.712719934115613,0.120055304854511,TRUE,"below detection","SE | AICc | Intercept",FALSE,NA,"compost"
"2025-10-15_9B_1",2025-10-15,9,"B",2025-10-15 11:07:12,2025-10-15 11:08:47,2025-10-15 11:06:47,6.23086,0.04696,318,100.737354166667,12.30098125,"2025-10-15_hudsoncarbonfieldfluxes.json",FALSE,2025-10-14,"",1,FALSE,TRUE,"single",NA,TRUE,0.12394,6.30784,5.10678728244861,"HM",4.12652463630276,5.10678728244861,0.0962142610923091,0.994415601653706,1.2375516281963,0.38789191010123,0.0657935856454477,FALSE,"emission","",NA,NA,-0.212929453492145,"HM",-0.20458425859122,-0.212929453492145,0.0177644580665164,0.959067520297893,1.04079099222194,0.125802781654347,0.0213384602093164,FALSE,"uptake","AICc",FALSE,NA,0.0973192870613822,"HM",0.0965467072974788,0.0973192870613822,0.0814240402531171,0.185156768413016,1.00800213477527,0.712719934115613,0.120906913363989,TRUE,"below detection","SE | AICc | Intercept",FALSE,NA,"compost"
"2025-10-15_9C_1",2025-10-15,9,"C",2025-10-15 11:10:33,2025-10-15 11:12:08,2025-10-15 11:10:08,6.15931,0.04696,318,100.740666666667,12.138646875,"2025-10-15_hudsoncarbonfieldfluxes.json",FALSE,2025-10-14,"",1,FALSE,TRUE,"single",NA,TRUE,0.12394,6.23629,4.09431974244897,"HM",4.04760732213927,4.09431974244897,0.0541430396819143,0.999021546515336,1.01154074903813,0.38789191010123,0.065107990382486,FALSE,"emission","AICc",NA,NA,-0.234619951616236,"HM",-0.231526250742261,-0.234619951616236,0.0155647496345392,0.974207825143186,1.01336220348257,0.125802781654347,0.0211161049888965,FALSE,"uptake","AICc",FALSE,NA,-0.073946596219347,"HM",-0.0415817709035328,-0.073946596219347,0.120339609028072,0.0344675398711556,1.77834167743598,0.712719934115613,0.119642429892299,TRUE,"below detection","SE | AICc | Intercept",FALSE,NA,"compost"
"2025-10-15_10A_1",2025-10-15,10,"A",2025-10-15 11:56:01,2025-10-15 11:57:36,2025-10-15 11:55:36,6.35011,0.04696,318,100.72946875,12.3771697916667,"2025-10-15_hudsoncarbonfieldfluxes.json",FALSE,2025-10-14,"",1,FALSE,TRUE,"single",NA,TRUE,0.12394,6.42709,4.04066642780039,"HM",3.96433890167147,4.04066642780039,0.0495952945477872,0.999080268300638,1.0192535320572,0.38789191010123,0.0670412858755367,FALSE,"emission","AICc",NA,NA,-0.165018561867412,"HM",-0.163864271616484,-0.165018561867412,0.01593153538469,0.947134949937564,1.00704418504132,0.125802781654347,0.0217431197433989,FALSE,"uptake","AICc",FALSE,NA,0.100115522692414,"HM",0.0999354910993746,0.100115522692414,0.0855564631000084,0.179228517538003,1.00180147804407,0.712719934115613,0.123201368955593,TRUE,"below detection","SE | AICc | Intercept",FALSE,NA,"control"
"2025-10-15_10B_1",2025-10-15,10,"B",2025-10-15 11:59:15,2025-10-15 12:00:50,2025-10-15 11:58:50,6.00031,0.04696,318,100.72053125,12.3444479166667,"2025-10-15_hudsoncarbonfieldfluxes.json",FALSE,2025-10-14,"",1,FALSE,TRUE,"single",NA,TRUE,0.12394,6.07729,3.54227071897072,"HM",3.49661550430832,3.54227071897072,0.0453805787490144,0.999060881824321,1.01305697312334,0.38789191010123,0.0633800874995181,FALSE,"emission","AICc",NA,NA,-0.20080034366171,"HM",-0.199264339749122,-0.20080034366171,0.0167403669995797,0.960083475058292,1.00770837328205,0.125802781654347,0.0205557040538804,FALSE,"uptake","AICc",FALSE,NA,-0.0197437680847367,"HM",-0.0131998041685477,-0.0197437680847367,0.100226453023704,-0.00672328169411873,1.49576219712273,0.712719934115613,0.116475258448761,TRUE,"below detection","SE | AICc | p-value | MDF | Intercept",FALSE,NA,"control"
"2025-10-15_10C_1",2025-10-15,10,"C",2025-10-15 12:02:26,2025-10-15 12:04:01,2025-10-15 12:02:01,5.98044,0.04696,318,100.725333333333,12.5357489583333,"2025-10-15_hudsoncarbonfieldfluxes.json",FALSE,2025-10-14,"",1,FALSE,TRUE,"single",NA,TRUE,0.12394,6.05742,3.41163053922939,"HM",3.29964584531747,3.41163053922939,0.0443113435715089,0.998896252125041,1.03393839798621,0.38789191010123,0.0631212182743238,FALSE,"emission","",NA,NA,-0.158025045813328,"HM",-0.156892182482471,-0.158025045813328,0.0166413816741187,0.937367157305791,1.00722064868327,0.125802781654347,0.020471746467331,FALSE,"uptake","AICc",FALSE,NA,0.042361510328027,"LM",0.042361510328027,0.0894731002401899,0.0208073052240997,0.0320431719803477,2.1121319695014,0.712719934115613,0.11599749172177,TRUE,"below detection","SE | AICc | g-fact. > 2 | Intercept",FALSE,NA,"control"
"2025-10-15_11A_1",2025-10-15,11,"A",2025-10-15 11:46:03,2025-10-15 11:47:38,2025-10-15 11:45:38,6.21894,0.04696,318,100.727927083333,12.9056791666667,"2025-10-15_hudsoncarbonfieldfluxes.json",FALSE,2025-10-14,"",1,FALSE,TRUE,"single",NA,TRUE,0.12394,6.29592,5.43839029604554,"HM",4.98656068120236,5.43839029604554,0.0611319455320199,0.99868538685148,1.0906094688763,0.38789191010123,0.065494871741904,FALSE,"emission","",NA,NA,-0.0811949515485444,"HM",-0.0687211017083001,-0.0811949515485444,0.0177644102030183,0.760330043471607,1.18151411328055,0.125802781654347,0.0212415800243833,FALSE,"uptake","AICc | Intercept",FALSE,NA,0.2049732206153,"HM",0.173933672037835,0.2049732206153,0.0956629794250349,0.409619566173865,1.17845623687352,0.712719934115613,0.120368657570462,FALSE,"emission","SE | AICc",FALSE,NA,"slurry"
"2025-10-15_11B_1",2025-10-15,11,"B",2025-10-15 11:49:16,2025-10-15 11:50:51,2025-10-15 11:48:51,6.19906,0.04696,318,100.741260416667,12.4240166666667,"2025-10-15_hudsoncarbonfieldfluxes.json",FALSE,2025-10-14,"",1,FALSE,TRUE,"single",NA,TRUE,0.12394,6.27604,3.75283988464356,"HM",3.69435782382774,3.75283988464356,0.0467055034836782,0.99907486550393,1.01583010190259,0.38789191010123,0.0654575987795937,FALSE,"emission","AICc",NA,NA,-0.148835435950837,"HM",-0.147353971129899,-0.148835435950837,0.0157748591171516,0.936801938041348,1.01005378280326,0.125802781654347,0.0212294914960665,FALSE,"uptake","AICc",FALSE,NA,0.00720070922652496,"HM",0.00720810042993196,0.00720070922652496,0.0535619740283866,-0.00933795515031433,0.998974597610169,0.712719934115613,0.120279485499606,TRUE,"below detection","SE | AICc | p-value | MDF | Intercept",FALSE,NA,"slurry"
"2025-10-15_11C_1",2025-10-15,11,"C",2025-10-15 11:52:32,2025-10-15 11:54:07,2025-10-15 11:52:07,5.94069,0.04696,318,100.743041666667,12.3976864583333,"2025-10-15_hudsoncarbonfieldfluxes.json",FALSE,2025-10-14,"",1,FALSE,TRUE,"single",NA,TRUE,0.12394,6.01767,3.04189286402686,"HM",2.85390970886901,3.04189286402686,0.0541146602706994,0.99777179796018,1.06586864138472,0.38789191010123,0.0627936443933905,FALSE,"emission","",NA,NA,-0.0899882351937218,"HM",-0.0879980529936572,-0.0899882351937218,0.0167213733520487,0.826698989026351,1.02261620720413,0.125802781654347,0.0203655062897311,FALSE,"uptake","AICc",FALSE,NA,0.00663504458468584,"HM",0.00541675715470143,0.00663504458468584,0.129543476467894,-0.0103024383006736,1.22491084521428,0.712719934115613,0.115387130318227,TRUE,"below detection","SE | AICc | p-value | MDF",FALSE,NA,"slurry"
"2025-10-15_12A_1",2025-10-15,12,"A",2025-10-15 11:14:39,2025-10-15 11:16:14,2025-10-15 11:14:14,6.33819,0.04696,318,100.735,12.30946875,"2025-10-15_hudsoncarbonfieldfluxes.json",FALSE,2025-10-14,"",1,FALSE,TRUE,"single",NA,TRUE,0.12394,6.41517,4.26681531283901,"HM",4.19611367381,4.26681531283901,0.0557943621173407,0.998952867109437,1.0168493145146,0.38789191010123,0.0669322689890444,FALSE,"emission","AICc",NA,NA,-0.252268311977095,"HM",-0.236118906704048,-0.252268311977095,0.0153746450379978,0.977215322438922,1.06839522297674,0.125802781654347,0.0217077629153474,FALSE,"uptake","AICc",FALSE,NA,0.136148259113872,"HM",0.135942423402863,0.136148259113872,0.0837320755072767,0.301701666667107,1.00151413889687,0.712719934115613,0.122998934367354,FALSE,"emission","SE | AICc | Intercept",FALSE,NA,"slurry"
"2025-10-15_12B_1",2025-10-15,12,"B",2025-10-15 11:17:55,2025-10-15 11:19:29,2025-10-15 11:17:30,6.07981,0.04696,318,100.7368,12.1361894736842,"2025-10-15_hudsoncarbonfieldfluxes.json",FALSE,2025-10-14,"",1,FALSE,TRUE,"single",NA,TRUE,0.12394,6.15679,6.55853475352928,"HM",6.3883014133927,6.55853475352928,0.0811935615077158,0.999032595858248,1.02664766878089,0.38789191010123,0.0649436444619236,FALSE,"emission","",NA,NA,-0.302527400538918,"HM",-0.280519952921173,-0.302527400538918,0.0157936808434199,0.983098447182959,1.07845234318833,0.125802781654347,0.0210628036092547,FALSE,"uptake","",FALSE,NA,-0.0320858509028024,"HM",-0.02274167023838,-0.0320858509028024,0.110747466042906,0.000791665633770422,1.41088365834506,0.712719934115613,0.11934957500729,TRUE,"below detection","SE | AICc | p-value | MDF | Intercept",FALSE,NA,"slurry"
"2025-10-15_12C_1",2025-10-15,12,"C",2025-10-15 11:21:06,2025-10-15 11:22:41,2025-10-15 11:20:41,5.84131,0.04696,318,100.73015625,12.1598072916667,"2025-10-15_hudsoncarbonfieldfluxes.json",FALSE,2025-10-14,"",1,FALSE,TRUE,"single",NA,TRUE,0.12394,5.91829,3.74498810035972,"HM",3.65971846801635,3.74498810035972,0.0441320312864798,0.999131742603338,1.02329950598347,0.38789191010123,0.0617649739855703,FALSE,"emission","",NA,NA,-0.177463642402675,"HM",-0.154846238112434,-0.177463642402675,0.014885227468604,0.955605367423623,1.14606363426032,0.125802781654347,0.0200318834547626,FALSE,"uptake","",FALSE,NA,0.0411224534256131,"HM",0.0411113764755187,0.0411224534256131,0.0733699223394255,0.0400182527491698,1.00026943758745,0.712719934115613,0.113507619735108,TRUE,"below detection","SE | AICc | Intercept",FALSE,NA,"slurry"
"2025-10-15_13A_1",2025-10-15,13,"A",2025-10-15 12:06:08,2025-10-15 12:07:43,2025-10-15 12:05:43,6.35806,0.04696,318,100.716197916667,12.4202770833333,"2025-10-15_hudsoncarbonfieldfluxes.json",FALSE,2025-10-14,"",1,FALSE,TRUE,"single",NA,TRUE,0.12394,6.43504,5.99376823324755,"HM",5.89434620633121,5.99376823324755,0.0726688473244986,0.999096371294993,1.01686735448446,0.38789191010123,0.0670756255489938,FALSE,"emission","AICc",NA,NA,-0.385318928071651,"HM",-0.38014494210558,-0.385318928071651,0.0176502204338271,0.987545265085278,1.01361056111233,0.125802781654347,0.0217542569347904,FALSE,"uptake","AICc",FALSE,NA,0.192082087432661,"HM",0.173646503305236,0.192082087432661,0.0881960107460456,0.425763972131189,1.10616732140594,0.712719934115613,0.123273789810918,FALSE,"emission","SE | AICc | Intercept",FALSE,NA,"slurry"
"2025-10-15_13B_1",2025-10-15,13,"B",2025-10-15 12:09:23,2025-10-15 12:10:58,2025-10-15 12:08:58,6.27856,0.04696,318,100.719197916667,12.272271875,"2025-10-15_hudsoncarbonfieldfluxes.json",FALSE,2025-10-14,"",1,FALSE,TRUE,"single",NA,TRUE,0.12394,6.35554,7.03490289977424,"HM",6.72553970273241,7.03490289977424,0.0645829542719815,0.999345012810852,1.04599827087723,0.38789191010123,0.0663033971149299,FALSE,"emission","",NA,NA,-0.271663814181908,"HM",-0.228739237438516,-0.271663814181908,0.0201121265765704,0.963431479729121,1.18765725209226,0.125802781654347,0.0215038044696888,FALSE,"uptake","",FALSE,NA,0.101578401770563,"HM",0.101365880216686,0.101578401770563,0.0731511874195625,0.236788149576557,1.00209657878394,0.712719934115613,0.121842066967255,TRUE,"below detection","SE | AICc | Intercept",FALSE,NA,"slurry"
"2025-10-15_13C_1",2025-10-15,13,"C",2025-10-15 12:12:36,2025-10-15 12:14:11,2025-10-15 12:12:11,6.00031,0.04696,318,100.716739583333,12.29273125,"2025-10-15_hudsoncarbonfieldfluxes.json",FALSE,2025-10-14,"",1,FALSE,TRUE,"single",NA,TRUE,0.12394,6.07729,5.91842211085677,"HM",5.33639770096006,5.91842211085677,0.049513855656984,0.998812653399022,1.10906691039763,0.38789191010123,0.0634003604878708,FALSE,"emission","",NA,NA,-0.210591892499155,"HM",-0.189513600866586,-0.210591892499155,0.0178059652175083,0.956045489866461,1.11122310766185,0.125802781654347,0.0205622790771299,FALSE,"uptake","AICc",FALSE,NA,2.67649210251844,"HM",2.44318579652977,2.67649210251844,0.0907511538440252,0.992256457773569,1.09549265811878,0.712719934115613,0.116507252181508,FALSE,"emission","SE",FALSE,NA,"slurry"
"2025-10-15_14A_1",2025-10-15,14,"A",2025-10-15 11:35:50,2025-10-15 11:37:25,2025-10-15 11:35:25,5.98044,0.04696,318,100.72725,12.4563625,"2025-10-15_hudsoncarbonfieldfluxes.json",FALSE,2025-10-14,"",1,FALSE,TRUE,"single",NA,TRUE,0.12394,6.05742,5.31248618684302,"HM",4.82764528766064,5.31248618684302,0.0426793620345231,0.998955097509335,1.10043010003689,0.38789191010123,0.0631607425394121,FALSE,"emission","",NA,NA,-0.225850073741275,"HM",-0.215146243203243,-0.225850073741275,0.0132096222804701,0.97927846379975,1.04975141735531,0.125802781654347,0.0204845651479001,FALSE,"uptake","AICc",FALSE,NA,0.0785937638735208,"HM",0.0461744057251489,0.0785937638735208,0.120059964691745,0.0412785658173594,1.70210666795252,0.712719934115613,0.11605602910469,TRUE,"below detection","SE | AICc | Intercept",FALSE,NA,"compost"
"2025-10-15_14B_1",2025-10-15,14,"B",2025-10-15 11:39:19,2025-10-15 11:40:54,2025-10-15 11:38:54,6.31831,0.04696,318,100.72959375,12.3691125,"2025-10-15_hudsoncarbonfieldfluxes.json",FALSE,2025-10-14,"",1,FALSE,TRUE,"single",NA,TRUE,0.12394,6.39529,7.43626824966619,"HM",7.24623259764417,7.43626824966619,0.0457542559900161,0.99972388031825,1.02622544190533,0.38789191010123,0.0666748196685324,FALSE,"emission","",NA,NA,-0.264803235392866,"HM",-0.259873482236186,-0.264803235392866,0.015608383841996,0.979408880509475,1.01896981990721,0.125802781654347,0.0216242658384247,FALSE,"uptake","AICc",FALSE,NA,0.135129894186122,"HM",0.135051827887781,0.135129894186122,0.087847438055166,0.27739674394158,1.00057804695843,0.712719934115613,0.12253205481609,FALSE,"emission","SE | AICc | Intercept",TRUE,"convex (accelerating) trace","compost"
"2025-10-15_14C_1",2025-10-15,14,"C",2025-10-15 11:42:33,2025-10-15 11:44:08,2025-10-15 11:42:08,6.45744,0.04696,318,100.736604166667,12.512690625,"2025-10-15_hudsoncarbonfieldfluxes.json",FALSE,2025-10-14,"",1,FALSE,TRUE,"single",NA,TRUE,0.12394,6.53442,5.05108670761527,"HM",4.79191097992373,5.05108670761527,0.0452304901086358,0.999315305985279,1.05408608982458,0.38789191010123,0.0680974761008093,FALSE,"emission","",NA,NA,-0.129086415584998,"HM",-0.124979893941718,-0.129086415584998,0.0161159637694412,0.913240903612173,1.032857458218,0.125802781654347,0.0220856679245681,FALSE,"uptake","AICc | Intercept",FALSE,NA,0.0605791519707268,"LM",0.0605791519707268,0.132620287946398,0.0233797068352908,0.0567330138469949,2.18920674245297,0.712719934115613,0.125142895852104,TRUE,"below detection","SE | AICc | g-fact. > 2 | Intercept",FALSE,NA,"compost"
"2025-10-15_15A_1",2025-10-15,15,"A",2025-10-15 11:24:47,2025-10-15 11:26:22,2025-10-15 11:24:22,6.00031,0.04696,318,100.728833333333,12.0760416666667,"2025-10-15_hudsoncarbonfieldfluxes.json",FALSE,2025-10-14,"",1,FALSE,TRUE,"single",NA,TRUE,0.12394,6.07729,6.81219495853801,"HM",6.77219204933331,6.81219495853801,0.20272967588073,0.994899496739166,1.00590693661864,0.38789191010123,0.0634469328216482,FALSE,"emission","AICc",NA,NA,-0.587156605889056,"HM",-0.584609016390133,-0.587156605889056,0.0296570852262799,0.985162131182422,1.00435776634896,0.125802781654347,0.0205773836178145,FALSE,"uptake","AICc",TRUE,"convex (accelerating) trace",0.176479176340122,"HM",0.17617959211036,0.176479176340122,0.0857064671664449,0.411089231221669,1.00170044797001,0.712719934115613,0.116600472920225,FALSE,"emission","SE | AICc | Intercept",FALSE,NA,"control"
"2025-10-15_15B_1",2025-10-15,15,"B",2025-10-15 11:27:59,2025-10-15 11:29:34,2025-10-15 11:27:34,6.33819,0.04696,318,100.729895833333,12.1657541666667,"2025-10-15_hudsoncarbonfieldfluxes.json",FALSE,2025-10-14,"",1,FALSE,TRUE,"single",NA,TRUE,0.12394,6.41517,4.44640989816688,"HM",4.27777302557976,4.44640989816688,0.0520264212987039,0.999061746087195,1.03942165037245,0.38789191010123,0.0669391441047977,FALSE,"emission","",NA,NA,-0.294072627640723,"HM",-0.289353998551466,-0.294072627640723,0.0148467520364904,0.984872380702616,1.01630746114752,0.125802781654347,0.0217099926826188,FALSE,"uptake","AICc",FALSE,NA,0.071242259133741,"HM",0.0711664388829637,0.071242259133741,0.0746143024876488,0.124256088671104,1.00106539335068,0.712719934115613,0.12301933817981,TRUE,"below detection","SE | AICc | Intercept",FALSE,NA,"control"
"2025-10-15_15C_1",2025-10-15,15,"C",2025-10-15 11:31:14,2025-10-15 11:32:49,2025-10-15 11:30:49,6.23881,0.04696,318,100.71928125,12.1142916666667,"2025-10-15_hudsoncarbonfieldfluxes.json",FALSE,2025-10-14,"",1,FALSE,TRUE,"single",NA,TRUE,0.12394,6.31579,5.13309128071839,"HM",4.68597014382389,5.13309128071839,0.0445229126356502,0.998948999484812,1.09541698371335,0.38789191010123,0.0659155887657397,FALSE,"emission","",NA,NA,-0.289723070233821,"HM",-0.277937859407584,-0.289723070233821,0.015450647121939,0.982790605875684,1.04240232277588,0.125802781654347,0.0213780287888705,FALSE,"uptake","AICc",FALSE,NA,0.0684865649505098,"HM",0.068505318791455,0.0684865649505098,0.0846586116745037,0.0892248453518576,0.999726242556401,0.712719934115613,0.121129108476686,TRUE,"below detection","SE | AICc | Intercept",TRUE,"convex (accelerating) trace","control"
