"plot","treatment","date","collar","FCO2_DRY","FCH4_DRY","FN2O","FCO2_R2","FCH4_R2","FN2O_R2","CO2_model","CH4_model","N2O_model","CH4_MDF","CH4_below_MDF","CH4_det_class","N2O_MDF","N2O_below_MDF","N2O_det_class","CH4_qc_any","N2O_qc_any"
1,"slurry",2025-05-06,"A",9.53282117459182,-0.118321971581801,0.282862840372901,0.999646090038971,0.909434611427484,0.581215857092192,"HM","HM","HM",0.0200083782561973,FALSE,"uptake",0.109741636254649,FALSE,"emission",FALSE,FALSE
1,"slurry",2025-05-06,"B",10.5906260042427,-0.18200105953997,0.412399249319303,0.999600232634054,0.960566087694704,0.801438434083872,"HM","HM","HM",0.0199798628593637,FALSE,"uptake",0.109595889064738,FALSE,"emission",FALSE,TRUE
1,"slurry",2025-05-06,"C",9.52773819887742,-0.235978275747051,0.213115906366311,0.998257366681186,0.975117729421343,0.454031124818476,"HM","HM","HM",0.0193467756046072,FALSE,"uptake",0.10611608411329,FALSE,"emission",TRUE,FALSE
2,"control",2025-05-06,"A",7.6148625318249,-0.162424902838892,0.228181270933682,0.999224775538665,0.949211148360315,0.376271725898755,"HM","HM","HM",0.0198076824903461,FALSE,"uptake",0.108658872989752,FALSE,"emission",FALSE,FALSE
2,"control",2025-05-06,"B",11.2842867337677,-0.265519165159105,0.266305242352415,0.997042269518087,0.96427750037047,0.598456927822569,"HM","HM","HM",0.0195022295979528,FALSE,"uptake",0.106984089719317,FALSE,"emission",TRUE,TRUE
2,"control",2025-05-06,"C",14.423776727125,-0.104015746716688,0.0670425135667228,0.99987487157566,0.841235559543692,0.106561337142641,"HM","HM","LM",0.0201338229843111,FALSE,"uptake",0.110437400824643,TRUE,"below detection",FALSE,FALSE
3,"compost",2025-05-06,"A",10.2123616085529,0.124239718295462,0.362544128777755,0.999750452491605,0.907629396090688,0.568080017297873,"HM","HM","HM",0.0197360837182458,FALSE,"emission",0.108272172223109,FALSE,"emission",FALSE,FALSE
3,"compost",2025-05-06,"B",8.82814182734129,-0.115774737345885,0.134356513837612,0.998907961712645,0.924689262324982,0.362204528491515,"HM","HM","HM",0.0193296635384325,FALSE,"uptake",0.106030873919357,FALSE,"emission",FALSE,FALSE
3,"compost",2025-05-06,"C",10.0831924771489,-0.180627106893075,0.213511452930616,0.999446609674804,0.90898621886229,0.464355496167945,"HM","HM","LM",0.0206423115406808,FALSE,"uptake",0.113232682723883,FALSE,"emission",FALSE,FALSE
4,"compost",2025-05-06,"A",7.4871479497541,-0.215128733670885,0.20287684276215,0.99913151166407,0.958150954734579,0.436686167853638,"HM","HM","HM",0.0199718981294524,FALSE,"uptake",0.109546314214423,FALSE,"emission",FALSE,FALSE
4,"compost",2025-05-06,"B",8.7427768196997,-0.287805106430094,0.0889873071080893,0.999637118433543,0.98402330008737,0.131051028975692,"HM","HM","HM",0.0199444136969016,FALSE,"uptake",0.109384118053011,TRUE,"below detection",FALSE,FALSE
4,"compost",2025-05-06,"C",11.8740241856455,-0.209146523837118,0.349019220771688,0.999614620726695,0.968929660668839,0.785985871771197,"HM","HM","HM",0.0195305511374544,FALSE,"uptake",0.10711892676475,FALSE,"emission",TRUE,FALSE
5,"control",2025-05-06,"A",11.3548207567239,-0.256680320321945,0.398929516332431,0.997738891641161,0.969577132934855,0.808450368548385,"HM","HM","HM",0.019329006145658,FALSE,"uptake",0.106035633654315,FALSE,"emission",TRUE,FALSE
5,"control",2025-05-06,"B",8.11916710101992,-0.249813892381535,0.363250360083877,0.998457544211852,0.973037695351249,0.748366823910811,"HM","HM","HM",0.0198910483614743,FALSE,"uptake",0.109125654541518,FALSE,"emission",FALSE,FALSE
5,"control",2025-05-06,"C",9.61163273781488,-0.26306208388262,0.267254038131209,0.999463747882,0.979125328636506,0.699680201240602,"HM","HM","HM",0.0202742546622367,FALSE,"uptake",0.111248817878577,FALSE,"emission",TRUE,FALSE
6,"slurry",2025-05-06,"A",9.32636884350341,-0.23254019931416,0.340643686534027,0.999467810006784,0.971560948437314,0.770569564739607,"HM","HM","HM",0.020174266719022,FALSE,"uptake",0.110667699781705,FALSE,"emission",FALSE,FALSE
6,"slurry",2025-05-06,"B",10.076071748947,-0.153547337742086,0.120645342594248,0.999555041298331,0.930583780071479,0.24788761845843,"HM","HM","HM",0.0213640632892693,FALSE,"uptake",0.117179177868659,FALSE,"emission",FALSE,FALSE
6,"slurry",2025-05-06,"C",12.5038168369313,-0.190230239566113,0.316277097196274,0.999715341263909,0.965222964830472,0.507598794337348,"HM","HM","HM",0.0203626675675625,FALSE,"uptake",0.111696395230246,FALSE,"emission",TRUE,FALSE
7,"control",2025-05-06,"A",12.2610941350367,-0.167042446728186,0.952573427982024,0.99820200030046,0.952486917732943,0.945197940724908,"HM","HM","HM",0.0197956653453586,FALSE,"uptake",0.10859071881034,FALSE,"emission",TRUE,FALSE
7,"control",2025-05-06,"B",13.3324325272861,-0.214236799350539,0.648196042463197,0.998127936838354,0.969735221069506,0.716625435642774,"HM","HM","HM",0.0203997605152836,FALSE,"uptake",0.111898559709039,FALSE,"emission",FALSE,FALSE
7,"control",2025-05-06,"C",12.531483812971,-0.313843698821601,1.97845046408749,0.99866378472374,0.955208782733863,0.978765643885532,"HM","HM","HM",0.0200810286515883,FALSE,"uptake",0.110146062174186,FALSE,"emission",FALSE,FALSE
8,"compost",2025-05-06,"A",9.46557136896676,-0.363514515958847,0.0668957843271486,0.994087343021692,0.958672732200595,0.00763049396239757,"HM","HM","HM",0.0200815746464736,FALSE,"uptake",0.110165793570638,TRUE,"below detection",TRUE,FALSE
8,"compost",2025-05-06,"C",14.6309378299577,-0.382432681743636,0.688239226243523,0.998947670835773,0.987998623510313,0.850368210772126,"HM","HM","HM",0.0202560303512903,FALSE,"uptake",0.111109171976986,FALSE,"emission",FALSE,FALSE
9,"compost",2025-05-06,"A",9.58242040615999,-0.191099235918633,0.492819104151084,0.999651510105416,0.971429214055357,0.808810890407269,"HM","HM","HM",0.0199219993318678,FALSE,"uptake",0.109287492757584,FALSE,"emission",FALSE,FALSE
9,"compost",2025-05-06,"B",9.02258725922961,-0.275398117732291,0.172007825219547,0.999575123470061,0.976420098348277,0.31187291152124,"HM","HM","HM",0.0199799201619093,FALSE,"uptake",0.1096064127591,FALSE,"emission",FALSE,FALSE
9,"compost",2025-05-06,"C",11.9692792233025,-0.360479345416249,0.337130011993694,0.999340609645199,0.988943011524828,0.72316645981439,"HM","HM","LM",0.0197965433253029,FALSE,"uptake",0.108603976890647,FALSE,"emission",TRUE,FALSE
10,"control",2025-05-06,"A",10.346202069101,-0.152060291259545,0.797694589377931,0.999623945396552,0.955618296388742,0.92714976695363,"HM","HM","HM",0.0204343545488411,FALSE,"uptake",0.112088744454715,FALSE,"emission",FALSE,FALSE
10,"control",2025-05-06,"B",7.50101120555255,-0.0883630359892345,0.301490846163775,0.998457092586091,0.83528503888899,0.571505326035279,"HM","HM","HM",0.0192517990013484,FALSE,"uptake",0.105603580442437,FALSE,"emission",FALSE,FALSE
10,"control",2025-05-06,"C",9.08072293587042,-0.130794181233922,0.883077264636807,0.999728525577425,0.934236621835466,0.910642930564243,"HM","HM","HM",0.0191454246375748,FALSE,"uptake",0.105021744358668,FALSE,"emission",FALSE,FALSE
11,"slurry",2025-05-06,"A",11.8155708531045,-0.239805364481175,0.412966451321971,0.997683969079654,0.975542362290796,0.73746986962583,"HM","HM","HM",0.0198249473387534,FALSE,"uptake",0.108763425469659,FALSE,"emission",TRUE,FALSE
11,"slurry",2025-05-06,"B",11.1439808156014,-0.146991435071199,0.246061767331965,0.999740091929389,0.926082786357209,0.552591557792991,"HM","HM","HM",0.0190069924124561,FALSE,"uptake",0.104282256741106,FALSE,"emission",TRUE,FALSE
12,"slurry",2025-05-06,"A",10.5855252171001,-0.225209166458825,0.142370576408302,0.999279933895446,0.964433908249411,0.217691632741112,"HM","HM","LM",0.0202268779233213,FALSE,"uptake",0.110977652286812,FALSE,"emission",FALSE,FALSE
12,"slurry",2025-05-06,"B",12.423835968264,-0.190804327599625,0.462681997184901,0.999535843814297,0.956842348696623,0.790163534676035,"HM","HM","HM",0.0194493804203943,FALSE,"uptake",0.106687019539582,FALSE,"emission",TRUE,FALSE
12,"slurry",2025-05-06,"C",9.05951348314877,-0.0158298456197637,0.291297248273234,0.999543135090741,0.160388260086872,0.662182252590972,"HM","HM","HM",0.0186342626307441,TRUE,"below detection",0.102237410265522,FALSE,"emission",TRUE,FALSE
13,"slurry",2025-05-06,"A",11.4724574423774,-0.249420440653045,0.451292917368222,0.999095927584847,0.964998480854207,0.610150474524707,"HM","HM","HM",0.0202590963118519,FALSE,"uptake",0.111155924716925,FALSE,"emission",TRUE,FALSE
13,"slurry",2025-05-06,"B",15.9686457347017,-0.0242164628536983,0.989892582261596,0.995096986515572,0.215205739329566,0.886075256951383,"LM","HM","HM",0.0200839910501154,FALSE,"uptake",0.110177063897359,FALSE,"emission",TRUE,FALSE
13,"slurry",2025-05-06,"C",11.3146205685751,-0.121074319552528,0.137919268698804,0.999758608090709,0.900620319308647,0.280106048678966,"HM","HM","HM",0.020212936854016,FALSE,"uptake",0.110891713498368,FALSE,"emission",FALSE,FALSE
14,"compost",2025-05-06,"A",9.22919421309112,-0.0280736912522228,0.256194949070737,0.999682249053687,0.375602245061511,0.432975004808813,"HM","HM","HM",0.0191054897094317,FALSE,"uptake",0.104810405617438,FALSE,"emission",TRUE,FALSE
14,"compost",2025-05-06,"B",9.91229592562214,-0.136723695374081,0.507664001196298,0.999375883612433,0.931076831197386,0.782976252800914,"HM","HM","HM",0.0199970337213495,FALSE,"uptake",0.10972057412725,FALSE,"emission",FALSE,FALSE
14,"compost",2025-05-06,"C",11.560038392764,-0.166019099607269,0.588125223697857,0.99857121084957,0.929517287331515,0.886022030274653,"HM","HM","HM",0.0204672878265595,FALSE,"uptake",0.112297134277682,FALSE,"emission",TRUE,FALSE
15,"control",2025-05-06,"A",17.2145233899315,-0.419190543978672,0.454893020875201,0.997215183705377,0.979261739065434,0.848257096987436,"HM","HM","HM",0.0190386058940927,FALSE,"uptake",0.104448388029102,FALSE,"emission",TRUE,TRUE
15,"control",2025-05-06,"B",10.0183659735738,-0.163219566977244,0.965525991255973,0.998578202675607,0.954438092969316,0.945620563121701,"HM","HM","HM",0.0201883257697857,FALSE,"uptake",0.110745917702095,FALSE,"emission",TRUE,TRUE
15,"control",2025-05-06,"C",10.9647332164564,-0.101953037541214,0.802130431742831,0.999000441923368,0.891698231200863,0.934858220508114,"HM","HM","HM",0.01980059853958,FALSE,"uptake",0.108630255953818,FALSE,"emission",FALSE,FALSE
1,"slurry",2025-05-27,"A",10.625233330883,-0.321178994058472,0.0656912015911242,0.9995096921553,0.98429361084777,0.0421781776593333,"HM","HM","LM",0.0215995075246466,FALSE,"uptake",0.146465807643582,TRUE,"below detection",FALSE,FALSE
1,"slurry",2025-05-27,"B",6.17144016523555,-0.336907104669715,0.141632106371694,0.998486603583497,0.972151255419234,0.204011390770381,"HM","HM","HM",0.0216379740511615,FALSE,"uptake",0.14655331606226,TRUE,"below detection",FALSE,FALSE
1,"slurry",2025-05-27,"C",11.7198037315765,-0.483860025865089,0.0686064887472385,0.998976751459393,0.992679211491328,0.0757826522733136,"HM","HM","LM",0.020780862574286,FALSE,"uptake",0.140385171373975,TRUE,"below detection",FALSE,FALSE
2,"control",2025-05-27,"A",8.11537320868224,-0.385149606229706,0.0332953683464614,0.999429344727988,0.988257331454653,0.000874733858941212,"HM","HM","HM",0.0217004626098364,FALSE,"uptake",0.146622663412082,TRUE,"below detection",FALSE,FALSE
2,"control",2025-05-27,"B",16.0527763736976,-0.625021256729974,0.0780528600224878,0.99891787076816,0.986023336026122,0.0422688548353656,"HM","HM","HM",0.0210278289072636,FALSE,"uptake",0.142342585425706,TRUE,"below detection",FALSE,FALSE
2,"control",2025-05-27,"C",13.2528722620293,-0.429140281104362,0.0389409723892176,0.999021800479528,0.990630025705596,-0.00587042812343319,"HM","HM","HM",0.0216400405429682,FALSE,"uptake",0.146200914417343,TRUE,"below detection",TRUE,FALSE
3,"compost",2025-05-27,"A",8.89070329197521,-0.338470343017284,-0.00751156476504044,0.999564037715861,0.98762421927543,-0.0100421713250975,"HM","HM","HM",0.0213673644682013,FALSE,"uptake",0.144749914511027,TRUE,"below detection",FALSE,FALSE
3,"compost",2025-05-27,"B",15.2628780590405,-0.462184742842919,0.0768829691075339,0.998877795290599,0.993161907482499,0.0499781161404426,"HM","HM","LM",0.0208820063126248,FALSE,"uptake",0.141357253262113,TRUE,"below detection",FALSE,FALSE
3,"compost",2025-05-27,"C",9.79710556074023,-0.416178058607673,-0.0193891666090468,0.999453608475383,0.992809465302524,-0.00460390246054532,"HM","HM","HM",0.0220691830604161,FALSE,"uptake",0.149136192699287,TRUE,"below detection",FALSE,FALSE
4,"compost",2025-05-27,"A",6.95085569048307,-0.389201796562451,-0.0802562364053313,0.996780034958188,0.988967145872996,0.0128052059819935,"HM","HM","HM",0.0213601385474015,FALSE,"uptake",0.14457238359558,TRUE,"below detection",FALSE,FALSE
4,"compost",2025-05-27,"B",11.182172391639,-0.460883177478954,0.0559368714952641,0.9995012092675,0.990285360073126,0.0212914179045863,"HM","HM","LM",0.021531333141032,FALSE,"uptake",0.145661466146748,TRUE,"below detection",TRUE,FALSE
4,"compost",2025-05-27,"C",11.6633155167759,-0.358674688691004,0.157250107522888,0.999098208121196,0.982265615699956,0.0623230966753922,"HM","HM","HM",0.0211312280862287,FALSE,"uptake",0.142969273573918,FALSE,"emission",TRUE,FALSE
5,"control",2025-05-27,"A",16.5615835738593,-0.542632607874238,0.395503413555523,0.999502889367213,0.992639811151531,0.495754851705517,"HM","HM","HM",0.021988238353864,FALSE,"uptake",0.148526748368688,FALSE,"emission",FALSE,FALSE
5,"control",2025-05-27,"B",14.2840339280328,-0.62660237600417,0.0749936217183546,0.998298077103293,0.991974542999049,0.0559241797896936,"HM","HM","HM",0.0215078051726851,FALSE,"uptake",0.145206229773794,TRUE,"below detection",FALSE,FALSE
5,"control",2025-05-27,"C",9.86409447872427,-0.550020513336222,-0.00755649530712015,0.999027102768291,0.99323338443054,-0.010487179489719,"HM","HM","HM",0.022041668537216,FALSE,"uptake",0.148793008106512,TRUE,"below detection",FALSE,FALSE
6,"slurry",2025-05-27,"A",9.92670259968636,-0.522812283556207,-0.0631366939159008,0.998222675861235,0.993815342564724,0.0445028511687035,"HM","HM","LM",0.0205869891715805,FALSE,"uptake",0.139360097413179,TRUE,"below detection",FALSE,FALSE
6,"slurry",2025-05-27,"B",9.08131079232105,-0.319414012585088,0.0756000378641177,0.998628625376272,0.980867056225685,0.0311428075702505,"HM","HM","HM",0.0230761692606191,FALSE,"uptake",0.15606704237641,TRUE,"below detection",TRUE,FALSE
6,"slurry",2025-05-27,"C",9.95868654904501,-0.430286435282476,0.0959664238452463,0.999161729341836,0.990294807460921,0.0891161950293685,"HM","HM","HM",0.022221934116271,FALSE,"uptake",0.150161111786605,TRUE,"below detection",TRUE,TRUE
7,"control",2025-05-27,"A",15.0272330050236,-0.313718402559089,0.233886540532903,0.999511767909772,0.983543724682567,0.423496800401521,"HM","HM","LM",0.0213610301624853,FALSE,"uptake",0.144491401636129,FALSE,"emission",FALSE,FALSE
7,"control",2025-05-27,"B",14.158503488985,-0.410329483725914,0.54256370492261,0.999296073912752,0.992946322578613,0.566880939803185,"HM","HM","HM",0.021568841127194,FALSE,"uptake",0.145822928345868,FALSE,"emission",FALSE,FALSE
7,"control",2025-05-27,"C",13.7017830435451,-0.292147714116812,0.533521421404572,0.998821984796208,0.980484170803064,0.54794534032857,"HM","HM","HM",0.021422758683357,FALSE,"uptake",0.1449884985253,FALSE,"emission",FALSE,FALSE
8,"compost",2025-05-27,"A",8.63445494424148,-0.4321515347891,0.0767547120984258,0.998656397310007,0.991853576192235,0.0676492451090792,"HM","HM","HM",0.0215093361661991,FALSE,"uptake",0.145462059541106,TRUE,"below detection",TRUE,FALSE
8,"compost",2025-05-27,"B",10.4475690179817,-0.3361886974197,0.0544499954727802,0.998647982313745,0.986179185240704,0.0232072287255047,"HM","HM","HM",0.0217958169828223,FALSE,"uptake",0.14750592851009,TRUE,"below detection",TRUE,TRUE
8,"compost",2025-05-27,"C",14.0237834598299,-0.534913782389963,0.100830555687781,0.9990409216887,0.995230800967073,0.108912200101189,"HM","HM","LM",0.0217886976136905,FALSE,"uptake",0.147488334137349,TRUE,"below detection",FALSE,FALSE
9,"compost",2025-05-27,"A",9.76551847736539,-0.394650201471501,0.0600849053493945,0.999131800388519,0.984789270228496,0.024198321526087,"HM","HM","HM",0.0212128920903535,FALSE,"uptake",0.143517876818877,TRUE,"below detection",FALSE,FALSE
9,"compost",2025-05-27,"B",8.18536834677961,-0.331850154116942,0.22945535358844,0.998221343440904,0.986205331415103,0.341096349736262,"HM","HM","HM",0.021613906645406,FALSE,"uptake",0.14608101120385,FALSE,"emission",TRUE,FALSE
9,"compost",2025-05-27,"C",8.90951861036597,-0.381973847494296,0.191354935069119,0.998803451886074,0.986911330761564,0.308984052367262,"HM","HM","HM",0.02117063562446,FALSE,"uptake",0.143230341547747,FALSE,"emission",TRUE,FALSE
10,"control",2025-05-27,"A",10.6555306454662,-0.225130164910634,0.211795996318792,0.997375064935396,0.969369915310451,0.347127379303835,"HM","HM","HM",0.0220289459730576,FALSE,"uptake",0.14893171582595,FALSE,"emission",TRUE,FALSE
10,"control",2025-05-27,"B",7.86680757055973,-0.35754769662006,0.0435465876879159,0.999285549535899,0.987980102441212,0.013544821678945,"HM","HM","LM",0.0207312562401872,FALSE,"uptake",0.140037009773771,TRUE,"below detection",TRUE,FALSE
10,"control",2025-05-27,"C",7.65037478450799,-0.323489959616012,0.207622417124935,0.999140072293701,0.98579092545214,0.319672758179513,"HM","HM","HM",0.0206988571185714,FALSE,"uptake",0.139882128338777,FALSE,"emission",FALSE,FALSE
11,"slurry",2025-05-27,"A",10.7122921899065,-0.275102256802898,-0.0632601683351256,0.997759175759924,0.979731196262177,0.0188109513190465,"HM","HM","HM",0.021312789659325,FALSE,"uptake",0.144149562079563,TRUE,"below detection",FALSE,FALSE
11,"slurry",2025-05-27,"B",11.2313599675416,-0.282139676574256,0.0783563288862031,0.998369535899195,0.969521614143179,0.0614878219520454,"HM","HM","LM",0.0213308838001153,FALSE,"uptake",0.144302204362907,TRUE,"below detection",FALSE,FALSE
11,"slurry",2025-05-27,"C",10.1900812927865,-0.392089724829469,0.0552559324952678,0.997972912076369,0.984166226046267,0.0237765297033965,"HM","HM","LM",0.0205880909139902,FALSE,"uptake",0.139351254561199,TRUE,"below detection",FALSE,FALSE
12,"slurry",2025-05-27,"A",7.45319333186047,-0.511122106646432,0.113576581438465,0.999082548856294,0.991154959884266,0.130580055585649,"HM","HM","LM",0.0217990883712639,FALSE,"uptake",0.147276257488917,TRUE,"below detection",FALSE,FALSE
12,"slurry",2025-05-27,"B",13.4415527588432,-0.38823295864234,0.138648932681959,0.99889895287175,0.991346189358002,0.151490235687839,"HM","HM","HM",0.0209211659065906,FALSE,"uptake",0.141552207901282,TRUE,"below detection",FALSE,FALSE
12,"slurry",2025-05-27,"C",8.2583080129924,-0.263941226811177,0.0672713040088824,0.997863282766989,0.97748875371312,0.00754382559783462,"HM","HM","HM",0.0202566158143955,FALSE,"uptake",0.13699252928948,TRUE,"below detection",TRUE,FALSE
13,"slurry",2025-05-27,"A",8.85318996961216,-0.415972393656105,0.103846902061455,0.997472690618431,0.989685724521204,0.0306070753654194,"HM","HM","HM",0.0222979736738089,FALSE,"uptake",0.150516566018124,TRUE,"below detection",FALSE,FALSE
13,"slurry",2025-05-27,"B",6.9819178424052,0.258452302516804,0.174819077692239,0.999322553065329,0.98047426200285,0.244738507817084,"HM","HM","HM",0.0216956231059638,FALSE,"emission",0.146485682220791,FALSE,"emission",FALSE,FALSE
13,"slurry",2025-05-27,"C",7.66009975590202,-0.345531516424552,0.0882408643856326,0.9986673109165,0.990317809393361,0.110332247152603,"HM","HM","HM",0.021083186968205,FALSE,"uptake",0.142334161425738,TRUE,"below detection",FALSE,TRUE
14,"compost",2025-05-27,"A",7.45724331841625,-0.0880282206541235,0.0254964577673711,0.998811438996057,0.852004389495681,-0.00713071125373266,"HM","HM","HM",0.0209387215189937,FALSE,"uptake",0.141424161301217,TRUE,"below detection",FALSE,FALSE
14,"compost",2025-05-27,"B",7.37065631818467,-0.296591536317513,0.024665993313233,0.999367216047445,0.984604924315575,-0.00301404489878365,"HM","HM","HM",0.0218681691276354,FALSE,"uptake",0.147740203230998,TRUE,"below detection",FALSE,FALSE
14,"compost",2025-05-27,"C",8.4959237252971,-0.158958534508089,-0.0536169590118992,0.999175566890432,0.940791387226278,0.0292677303743556,"HM","HM","HM",0.0223799783784326,FALSE,"uptake",0.151237138994758,TRUE,"below detection",FALSE,FALSE
15,"control",2025-05-27,"A",8.76330793863441,-0.258067056069307,0.0484072357187686,0.998878741604682,0.98151310255322,0.026423078241096,"HM","HM","HM",0.0206486486179872,FALSE,"uptake",0.139541742966133,TRUE,"below detection",TRUE,FALSE
15,"control",2025-05-27,"B",8.23370149544232,-0.28674484245273,-0.0338842964174362,0.998761045623317,0.981579230901277,0.00268150863996175,"HM","HM","HM",0.021655088841826,FALSE,"uptake",0.146387376546597,TRUE,"below detection",FALSE,FALSE
15,"control",2025-05-27,"C",10.7179091253754,-0.309840897114787,0.0107310231593401,0.999027817537886,0.985069393533786,-0.00948624295693978,"HM","HM","HM",0.0216560952922886,FALSE,"uptake",0.146357299453348,TRUE,"below detection",FALSE,FALSE
1,"slurry",2025-05-29,"A",17.6874274566331,-0.193680222323773,0.530586671837625,0.997222135075975,0.945187788656477,0.811124667992099,"HM","HM","HM",0.0198905266804549,FALSE,"uptake",0.158085304316761,FALSE,"emission",FALSE,FALSE
1,"slurry",2025-05-29,"B",9.62369964709511,-0.372472544321776,0.116323074971571,0.999018533274633,0.99012202448547,0.0739306672545443,"HM","HM","HM",0.0199042679423335,FALSE,"uptake",0.158146015034575,TRUE,"below detection",FALSE,FALSE
1,"slurry",2025-05-29,"C",8.30295203555988,-0.48487483247238,-0.0109823192500529,0.99818344628554,0.993917936133721,-0.00985449218770795,"HM","HM","HM",0.019173313316437,FALSE,"uptake",0.152369424246601,TRUE,"below detection",FALSE,FALSE
2,"control",2025-05-29,"A",6.16351350752936,-0.4585934519228,-0.0280647038910232,0.998909351741442,0.990463469554857,-0.00628157204184632,"HM","HM","HM",0.0197939890604538,FALSE,"uptake",0.157297584021741,TRUE,"below detection",FALSE,FALSE
2,"control",2025-05-29,"B",7.66520007649215,-0.459720712282141,0.282860293440179,0.999530777095309,0.993623555587521,0.374159484418242,"HM","HM","HM",0.0194165805674203,FALSE,"uptake",0.154337344368767,FALSE,"emission",FALSE,FALSE
2,"control",2025-05-29,"C",7.91503192637403,-0.439262690724415,0.0849616510368538,0.999618991032448,0.993337856194408,0.0590540796734133,"HM","HM","HM",0.019931409769686,FALSE,"uptake",0.158393090810573,TRUE,"below detection",FALSE,FALSE
3,"compost",2025-05-29,"A",8.70150121001847,-0.334369432859688,0.140604499127412,0.997380521755968,0.986933281646369,0.123097876985387,"HM","HM","LM",0.0189636490599348,FALSE,"uptake",0.150652003098201,TRUE,"below detection",TRUE,FALSE
3,"compost",2025-05-29,"B",11.4576174079889,-0.374057578286784,0.0909913870280027,0.997991721566573,0.987767273475968,0.0135890991967799,"HM","HM","LM",0.0212465143888143,FALSE,"uptake",0.168674441617532,TRUE,"below detection",TRUE,FALSE
3,"compost",2025-05-29,"C",8.48233956735464,-0.438984820353733,0.034335764090889,0.996146377026725,0.98751434609431,-0.00318749525510476,"HM","HM","HM",0.0200455126409342,FALSE,"uptake",0.159151383079006,TRUE,"below detection",FALSE,FALSE
4,"compost",2025-05-29,"A",5.18416097982299,-0.353698452388754,0.014437496844703,0.997895293681799,0.988497834617673,-0.00815275784457214,"HM","HM","HM",0.019711881326402,FALSE,"uptake",0.15663342638778,TRUE,"below detection",FALSE,FALSE
4,"compost",2025-05-29,"B",7.04441469199247,-0.506930267636968,0.101254929432054,0.998681270795341,0.989445942221492,0.104326063047085,"HM","HM","LM",0.0197675190693683,FALSE,"uptake",0.157104707941386,TRUE,"below detection",FALSE,FALSE
4,"compost",2025-05-29,"C",9.46930526929696,-0.467180611552444,0.067374799601102,0.996680344076552,0.986794171899968,0.0601345269181778,"HM","HM","HM",0.019451376235585,FALSE,"uptake",0.154661449977811,TRUE,"below detection",FALSE,FALSE
5,"control",2025-05-29,"A",8.0982283948841,-0.416117409928639,0.0527380251593482,0.999080076809002,0.993127789978568,0.022125255035171,"HM","HM","HM",0.0193194423644262,FALSE,"uptake",0.153513004429475,TRUE,"below detection",FALSE,FALSE
5,"control",2025-05-29,"B",5.1114358254976,-0.455071028299174,-0.0496635946128949,0.999334792242957,0.994039219877817,0.0211821623994867,"HM","HM","LM",0.0199739346321484,FALSE,"uptake",0.158716138394316,TRUE,"below detection",TRUE,FALSE
5,"control",2025-05-29,"C",7.44593924108835,-0.600064374052803,0.0784284043857124,0.999423384476619,0.992664978470601,0.0369936893818421,"HM","HM","HM",0.0201822318174707,FALSE,"uptake",0.160383089441314,TRUE,"below detection",FALSE,FALSE
6,"slurry",2025-05-29,"A",10.1367868628219,-0.389740480362555,0.33853247160079,0.999475532999403,0.989715689058915,0.308606662231048,"HM","HM","HM",0.0191855385170928,FALSE,"uptake",0.152335548167207,FALSE,"emission",TRUE,FALSE
6,"slurry",2025-05-29,"B",11.3762654461913,-0.319025872440353,0.604831757084223,0.999139758942446,0.990262266640732,0.591638816491177,"HM","HM","HM",0.0187699515497264,FALSE,"uptake",0.149023940062588,FALSE,"emission",FALSE,FALSE
6,"slurry",2025-05-29,"C",21.2148197441275,0.229719612757017,1.17867378455292,0.998852614815354,0.945500355681241,0.926464775276798,"HM","HM","HM",0.023556773709932,FALSE,"emission",0.187035416119606,FALSE,"emission",FALSE,TRUE
7,"control",2025-05-29,"A",8.6885551117857,-0.320267382367565,0.0344686020667016,0.999670781409655,0.984459701287023,0.00554071805830447,"HM","HM","HM",0.0197375475947679,FALSE,"uptake",0.156942711299748,TRUE,"below detection",FALSE,FALSE
7,"control",2025-05-29,"B",8.48068481812516,-0.486962226341996,0.329648104440934,0.999398251437661,0.99332647413624,0.354817578766278,"HM","HM","HM",0.0202504213806856,FALSE,"uptake",0.160937935199222,FALSE,"emission",FALSE,FALSE
7,"control",2025-05-29,"C",9.01082506443213,-0.323883404136739,0.0664856074140999,0.998151266532018,0.985630197948791,0.0480403275702853,"HM","HM","HM",0.0199307303460507,FALSE,"uptake",0.158471976560102,TRUE,"below detection",FALSE,TRUE
8,"compost",2025-05-29,"A",7.49431409220005,-0.496971536521703,0.0725887386925813,0.997806588702529,0.991210313046623,0.0479318821534255,"HM","HM","LM",0.0198677401150938,FALSE,"uptake",0.15791286839195,TRUE,"below detection",FALSE,FALSE
8,"compost",2025-05-29,"B",8.66471351661117,-0.476524705851351,0.120064507250014,0.998050738995006,0.990307773206548,0.0444133214902963,"HM","HM","HM",0.0202111962197277,FALSE,"uptake",0.160657984973338,TRUE,"below detection",FALSE,FALSE
8,"compost",2025-05-29,"C",9.47589378135498,-0.655441452252406,0.0183727412753136,0.998966444854326,0.996086987625273,-0.00841284530998054,"HM","HM","HM",0.0199007549257701,FALSE,"uptake",0.158253785593676,TRUE,"below detection",FALSE,FALSE
9,"compost",2025-05-29,"A",8.67017061178863,-0.43186471448621,0.039622111405947,0.996918376173634,0.987656370091262,0.00899508268108173,"HM","HM","HM",0.0195670452661351,FALSE,"uptake",0.155366766611401,TRUE,"below detection",FALSE,TRUE
9,"compost",2025-05-29,"B",8.21544615264406,-0.422608912511826,0.145675482768788,0.998869438017466,0.991319852167983,0.16329276488746,"HM","HM","HM",0.0193895478936552,FALSE,"uptake",0.154005707799523,TRUE,"below detection",TRUE,TRUE
9,"compost",2025-05-29,"C",8.7095468511762,-0.554993574873229,-0.00271993096926062,0.998830409879617,0.995833926001766,-0.0105518675543383,"HM","HM","HM",0.0191699978263673,FALSE,"uptake",0.152244810708949,TRUE,"below detection",TRUE,FALSE
10,"control",2025-05-29,"B",5.58372172211411,-0.366795809968844,-0.0136354169552746,0.998398676916852,0.987113699696389,-0.00959781538599191,"HM","HM","HM",0.0191863954873066,FALSE,"uptake",0.152468560077014,TRUE,"below detection",FALSE,FALSE
10,"control",2025-05-29,"C",5.85532093117502,-0.331308227013023,0.0653716623640177,0.99930779176687,0.989172888383562,0.0499445169199252,"HM","HM","HM",0.0191598842020679,FALSE,"uptake",0.152213836612945,TRUE,"below detection",TRUE,TRUE
11,"slurry",2025-05-29,"A",11.4712146129576,-0.325577567168017,-0.0528262575010424,0.998980090029989,0.983244833525882,-0.00114959213345855,"HM","HM","HM",0.019595921582343,FALSE,"uptake",0.155817104683068,TRUE,"below detection",FALSE,FALSE
11,"slurry",2025-05-29,"B",12.13332171276,-0.110316748408009,0.0479082061269491,0.999466400832256,0.897575335238933,0.0204782265124709,"HM","HM","HM",0.0196118288390111,FALSE,"uptake",0.155920335497705,TRUE,"below detection",FALSE,TRUE
11,"slurry",2025-05-29,"C",12.5388603162387,-0.159988730955084,0.175193900692516,0.998297505768575,0.944311801913971,0.257878654134973,"HM","HM","HM",0.0188868254257083,FALSE,"uptake",0.150124379118507,FALSE,"emission",TRUE,FALSE
12,"slurry",2025-05-29,"A",12.4693447322545,-0.402160586792016,0.413740253744148,0.998913443736567,0.990696827536132,0.41160621263839,"HM","HM","HM",0.0198105766286833,FALSE,"uptake",0.157401958630487,FALSE,"emission",TRUE,FALSE
12,"slurry",2025-05-29,"B",21.2653851290074,-0.27056249705288,1.1400074498505,0.998306436646114,0.981649673281779,0.923115052196413,"HM","HM","HM",0.0191610035544282,FALSE,"uptake",0.15221255542408,FALSE,"emission",FALSE,FALSE
12,"slurry",2025-05-29,"C",15.9969810286226,-0.119600535336227,2.00275041163134,0.997950376621451,0.943450945050837,0.981429698663479,"HM","HM","HM",0.0183603409427613,FALSE,"uptake",0.145932988684375,FALSE,"emission",FALSE,FALSE
13,"slurry",2025-05-29,"A",9.3847633773921,-0.399120123990348,0.0341523077677715,0.999403618101856,0.990489404857715,0.00239899152053946,"HM","HM","HM",0.0203897362952756,FALSE,"uptake",0.161930368291462,TRUE,"below detection",FALSE,FALSE
13,"slurry",2025-05-29,"B",23.2804094481097,5.28627814390373,1.03106485555539,0.998283066227502,0.997609239017794,0.903707556416869,"HM","HM","HM",0.0200670381592233,FALSE,"emission",0.159439636745325,FALSE,"emission",TRUE,FALSE
13,"slurry",2025-05-29,"C",16.7823630491594,-0.0404326491731406,1.20258786595987,0.998912396759609,0.588133831324562,0.861714526325427,"HM","HM","HM",0.0194025742618016,FALSE,"uptake",0.154183200160439,FALSE,"emission",FALSE,FALSE
14,"compost",2025-05-29,"A",9.0225819412836,-0.0795754715664928,-0.000323471746406281,0.99803735295893,0.759062744063199,-0.0106361601552163,"HM","HM","HM",0.018826005359375,FALSE,"uptake",0.149732991982931,TRUE,"below detection",FALSE,FALSE
14,"compost",2025-05-29,"B",7.97031827593281,-0.2890202692536,0.135126193711777,0.996689585865095,0.985118349993876,0.170155583734903,"HM","HM","HM",0.0199498391689432,FALSE,"uptake",0.158738912860227,TRUE,"below detection",FALSE,FALSE
14,"compost",2025-05-29,"C",8.06289327302388,-0.193753489477845,0.150869591067697,0.998900280835236,0.952107406911764,0.0542817647661015,"HM","HM","HM",0.0201452826726035,FALSE,"uptake",0.160255968804089,TRUE,"below detection",FALSE,FALSE
15,"control",2025-05-29,"A",8.65571442442357,-0.268286867876377,0.13514617597714,0.998655951672042,0.978742057906798,0.173116006296381,"HM","HM","HM",0.0187905641536988,FALSE,"uptake",0.149381547854322,TRUE,"below detection",FALSE,FALSE
15,"control",2025-05-29,"B",7.28219620605225,-0.281317900458311,0.12238903365494,0.998557887617163,0.982491923589754,0.138042193599147,"HM","HM","LM",0.0197952291234042,FALSE,"uptake",0.157336778014789,TRUE,"below detection",TRUE,FALSE
15,"control",2025-05-29,"C",9.06321116927756,-0.309372299807844,0.0735569423699361,0.9932440911834,0.972810883867768,0.0133215720740559,"HM","HM","HM",0.0194663487513258,FALSE,"uptake",0.154695910880725,TRUE,"below detection",FALSE,FALSE
1,"slurry",2025-05-30,"A",16.7093111960868,-0.182447624850196,0.649088725920261,0.998164877848332,0.959115993519621,0.860120053361168,"HM","HM","HM",0.0196922062966737,FALSE,"uptake",0.146172025934587,FALSE,"emission",TRUE,FALSE
1,"slurry",2025-05-30,"B",9.3442013651376,-0.294344240584727,0.264480538658007,0.997542372725211,0.984857738411738,0.58011804882377,"HM","HM","LM",0.0197093617922582,FALSE,"uptake",0.146375795756086,FALSE,"emission",TRUE,TRUE
1,"slurry",2025-05-30,"C",8.43410063660973,-0.372953191306636,0.0640637217171953,0.997067619685757,0.988260301022577,0.0512658800737135,"HM","HM","HM",0.0190164633946029,FALSE,"uptake",0.141362227149506,TRUE,"below detection",FALSE,TRUE
2,"control",2025-05-30,"A",8.94048961141467,-0.379356910474605,0.0838080808002938,0.997709640061152,0.98528270809914,0.0832705226336989,"HM","HM","HM",0.0196824833216524,FALSE,"uptake",0.146372327854258,TRUE,"below detection",TRUE,FALSE
2,"control",2025-05-30,"B",12.3360844479371,-0.410618110219848,0.246592052574068,0.998919504201465,0.988840060876617,0.23728525610561,"HM","HM","HM",0.0192670365764058,FALSE,"uptake",0.143357641723752,FALSE,"emission",TRUE,FALSE
2,"control",2025-05-30,"C",10.4161035246981,-0.390513534180677,0.0577851561063086,0.998107591980868,0.98899908492619,0.0327818026450845,"HM","HM","LM",0.0198351145464666,FALSE,"uptake",0.147292629756725,TRUE,"below detection",TRUE,FALSE
3,"compost",2025-05-30,"A",8.89764990985973,-0.361738960789771,0.184092214044047,0.997682520192384,0.984884473009541,0.307014259782002,"HM","HM","HM",0.0196025112035882,FALSE,"uptake",0.145560936599798,FALSE,"emission",FALSE,FALSE
3,"compost",2025-05-30,"B",13.6245038935986,-0.355167147455746,1.19126076840954,0.997856343567228,0.986380868940454,0.889710117952273,"HM","HM","HM",0.0191015871030902,FALSE,"uptake",0.141854953975448,FALSE,"emission",TRUE,FALSE
3,"compost",2025-05-30,"C",9.30502967166007,-0.348835566621511,0.089035551769218,0.997356429575057,0.986955141362447,0.109242524973943,"HM","HM","HM",0.0201924504525847,FALSE,"uptake",0.149947283887932,TRUE,"below detection",TRUE,FALSE
4,"compost",2025-05-30,"A",7.0566745554108,-0.29990271826118,0.0593689068298357,0.993244749642712,0.981144330017801,0.0465255388026987,"HM","HM","HM",0.0194973272847725,FALSE,"uptake",0.144741931266155,TRUE,"below detection",TRUE,FALSE
4,"compost",2025-05-30,"B",9.536123973071,-0.396286227044815,0.145135692141061,0.996578281371814,0.988093013106032,0.234740412892451,"HM","HM","HM",0.0193397828573737,FALSE,"uptake",0.143685668408904,FALSE,"emission",TRUE,TRUE
4,"compost",2025-05-30,"C",12.392963387681,-0.543574805990435,0.153586500383739,0.998367857806663,0.995533907344008,0.209150084969224,"HM","HM","LM",0.019293428449469,FALSE,"uptake",0.142921746678262,FALSE,"emission",FALSE,FALSE
5,"control",2025-05-30,"A",13.8529752924701,-0.600163122353211,0.118312198392779,0.998412184950836,0.990303748793926,0.145313690565579,"HM","HM","HM",0.0192348708384531,FALSE,"uptake",0.14245880377886,TRUE,"below detection",TRUE,TRUE
5,"control",2025-05-30,"B",8.61896629366712,-0.541710139331708,0.0785383233920708,0.997125429147347,0.993023423552887,0.0794415227235394,"HM","HM","HM",0.0197805450092277,FALSE,"uptake",0.146562163942269,TRUE,"below detection",FALSE,FALSE
5,"control",2025-05-30,"C",10.8884685609835,-0.478521436062508,0.0961285751858621,0.997793762501032,0.992610315981111,0.0743157809931365,"HM","HM","LM",0.0200945588756717,FALSE,"uptake",0.148850024665849,TRUE,"below detection",FALSE,FALSE
6,"slurry",2025-05-30,"A",10.700367212076,-0.424202933179684,0.247335713730273,0.999092266037441,0.989484105605193,0.492476378808134,"HM","HM","HM",0.019184370096343,FALSE,"uptake",0.142097551454072,FALSE,"emission",TRUE,FALSE
6,"slurry",2025-05-30,"B",12.6850739010702,-0.363633738078416,0.272888633204892,0.99917839220706,0.985698716560162,0.481136726640115,"HM","HM","HM",0.021160645541455,FALSE,"uptake",0.156774719899284,FALSE,"emission",FALSE,FALSE
6,"slurry",2025-05-30,"C",20.1848901819746,-0.23985230462655,1.21306576534898,0.998437136349697,0.94595007360574,0.943009244226766,"HM","HM","HM",0.0200857766543413,FALSE,"uptake",0.148780557831445,FALSE,"emission",TRUE,FALSE
7,"control",2025-05-30,"A",16.936368455403,-0.359473895934318,0.304947716575023,0.997531565655622,0.975894658047856,0.35125393280742,"HM","HM","HM",0.0195036631501869,FALSE,"uptake",0.144481137863987,FALSE,"emission",TRUE,FALSE
7,"control",2025-05-30,"B",12.4882080324958,-0.480590750277932,0.0990225295620954,0.997986210740121,0.993577466933197,0.054610815145777,"HM","HM","HM",0.0200677497986079,FALSE,"uptake",0.148676640098106,TRUE,"below detection",FALSE,FALSE
7,"control",2025-05-30,"C",14.0473053023141,-0.410916287892569,0.113626692540748,0.998667330190015,0.988257847270136,0.13372006262111,"HM","HM","HM",0.0197608436619315,FALSE,"uptake",0.14638518229662,TRUE,"below detection",FALSE,TRUE
8,"compost",2025-05-30,"A",9.5431671033375,-0.452808255793722,0.116223045276855,0.996076300992067,0.987242981227641,0.140940363718124,"HM","HM","LM",0.0197315199686012,FALSE,"uptake",0.146188145887548,TRUE,"below detection",TRUE,FALSE
8,"compost",2025-05-30,"B",12.8579000867185,-0.56695395137652,0.200826313773814,0.997838977867041,0.992957779031375,0.105750911718239,"HM","HM","HM",0.0201351647548126,FALSE,"uptake",0.1491670443787,FALSE,"emission",TRUE,FALSE
8,"compost",2025-05-30,"C",16.0983853041965,-0.935124456484813,0.238738655578997,0.998010589478361,0.99386634167737,0.487333984309423,"HM","HM","HM",0.0198955288858927,FALSE,"uptake",0.147354535678698,FALSE,"emission",TRUE,FALSE
9,"compost",2025-05-30,"A",9.31965532306835,-0.367891011558444,0.0888812987847731,0.998213941063091,0.9868652265387,0.0761112134164059,"HM","HM","HM",0.0196688109223495,FALSE,"uptake",0.14572957906448,TRUE,"below detection",TRUE,FALSE
9,"compost",2025-05-30,"B",9.17153587175095,-0.4545027800636,0.249993308873491,0.99807906512127,0.987753556851188,0.472087836874233,"HM","HM","HM",0.0196467276877243,FALSE,"uptake",0.145551829888331,FALSE,"emission",TRUE,TRUE
9,"compost",2025-05-30,"C",9.57382071177153,-0.487205697066227,0.229674789305169,0.997901432594731,0.991392195279,0.41439300810983,"HM","HM","HM",0.0195108463735218,FALSE,"uptake",0.14456307095779,FALSE,"emission",TRUE,FALSE
10,"control",2025-05-30,"A",9.39396123458214,-0.311299844195076,0.487902273749425,0.99693733644248,0.98402184633037,0.381800272063659,"HM","HM","HM",0.0185773072864377,FALSE,"uptake",0.137592844160098,FALSE,"emission",TRUE,FALSE
10,"control",2025-05-30,"B",7.79543439756172,-0.374211412112496,0.0807872840312427,0.998060104611489,0.990445715711975,0.0620395591047319,"HM","HM","HM",0.0191163293818393,FALSE,"uptake",0.141608150282191,TRUE,"below detection",FALSE,TRUE
10,"control",2025-05-30,"C",9.95265711770819,-0.395895118721288,0.152773248529601,0.997171857002686,0.985323964167427,0.143996208340704,"HM","HM","HM",0.0189977868751188,FALSE,"uptake",0.140732592670139,FALSE,"emission",TRUE,FALSE
11,"slurry",2025-05-30,"A",13.051175875207,-0.281566068139119,0.261901869975753,0.996699277296308,0.974176237689397,0.532313135154926,"HM","HM","HM",0.0197027113191762,FALSE,"uptake",0.145955189950055,FALSE,"emission",TRUE,FALSE
11,"slurry",2025-05-30,"B",14.8043232741142,-0.27056965563662,0.293792072237789,0.999190664899705,0.9773056590754,0.500615339787936,"HM","HM","HM",0.0195780954265043,FALSE,"uptake",0.14503915583592,FALSE,"emission",TRUE,FALSE
11,"slurry",2025-05-30,"C",12.644291438211,-0.240406207240333,0.484702125677008,0.997229128262561,0.973674366815606,0.701915061387396,"HM","HM","HM",0.0189903792116557,FALSE,"uptake",0.140649643858023,FALSE,"emission",TRUE,FALSE
12,"slurry",2025-05-30,"A",9.18549805269274,-0.442504487192877,0.399751511333867,0.997538706360594,0.992551571331768,0.485164212341477,"HM","HM","HM",0.0201629981232713,FALSE,"uptake",0.149358201332863,FALSE,"emission",FALSE,FALSE
12,"slurry",2025-05-30,"B",17.8775593965185,-0.331533834530919,0.656780846671816,0.999225849502962,0.984710803822423,0.821473842811468,"HM","HM","HM",0.0190573350422382,FALSE,"uptake",0.141167888209592,FALSE,"emission",TRUE,TRUE
12,"slurry",2025-05-30,"C",14.4285338200869,-0.285226754190706,0.846000075843364,0.99870871833655,0.97456699722701,0.927746184870948,"HM","HM","HM",0.0183217666531811,FALSE,"uptake",0.13573915263001,FALSE,"emission",TRUE,FALSE
13,"slurry",2025-05-30,"A",10.5228704883429,-0.391745270993178,0.18250324761013,0.999164018054576,0.991096757604347,0.35154075610106,"HM","HM","HM",0.0204142126939359,FALSE,"uptake",0.151216878578734,FALSE,"emission",TRUE,FALSE
13,"slurry",2025-05-30,"B",23.4745678277899,1.81844891024813,3.80573419183658,0.998450910353122,0.997281411281468,0.992622273997814,"HM","HM","HM",0.020136756604635,FALSE,"emission",0.149156521918897,FALSE,"emission",TRUE,FALSE
13,"slurry",2025-05-30,"C",15.5359914964955,-0.288364417137514,0.542084441234278,0.999035915210469,0.980701262074625,0.811720396548432,"HM","HM","HM",0.0192691326718392,FALSE,"uptake",0.142722482062964,FALSE,"emission",FALSE,FALSE
14,"compost",2025-05-30,"A",10.4486100683407,0.123864759838226,0.126904795472291,0.997666250446045,0.878278958607399,0.209846226968813,"HM","HM","HM",0.018933353467474,FALSE,"emission",0.14023576590253,TRUE,"below detection",TRUE,FALSE
14,"compost",2025-05-30,"B",8.81674666900047,-0.300429681735708,0.0912719765189673,0.998711466270932,0.979328243726123,0.118556102526021,"HM","HM","HM",0.0201367409525392,FALSE,"uptake",0.14913654149579,TRUE,"below detection",TRUE,FALSE
14,"compost",2025-05-30,"C",9.80093685358325,-0.165670716548503,0.151640109148128,0.998027305372494,0.930895210460516,0.142056421847717,"HM","HM","HM",0.0203358607328061,FALSE,"uptake",0.150618205817394,FALSE,"emission",TRUE,FALSE
15,"control",2025-05-30,"A",11.3502925400951,-0.288358064593639,0.145220038170672,0.996686162402423,0.979723634172194,0.303503560464497,"HM","HM","HM",0.0189885192152594,FALSE,"uptake",0.14063198739152,FALSE,"emission",TRUE,FALSE
15,"control",2025-05-30,"B",9.43592572066992,-0.324002335995525,0.123302115223708,0.996997102368088,0.979483411183786,0.14700974624829,"HM","HM","HM",0.0199564078750841,FALSE,"uptake",0.14781384365367,TRUE,"below detection",TRUE,TRUE
15,"control",2025-05-30,"C",12.2627345056601,-0.360787578559237,0.278055422163306,0.996226882545773,0.988414681808095,0.496571579604202,"HM","HM","HM",0.0196056837974064,FALSE,"uptake",0.145223627106477,FALSE,"emission",TRUE,TRUE
1,"slurry",2025-06-03,"A",13.9688646716044,-0.157262307952856,0.348115617643673,0.997813749765716,0.926576164194369,0.613129351079638,"HM","HM","HM",0.0201029649147288,FALSE,"uptake",0.153510858819504,FALSE,"emission",TRUE,FALSE
1,"slurry",2025-06-03,"B",9.81395193640683,-0.189140664176441,0.288063997030928,0.998358069422935,0.95070098103659,0.395535826355623,"HM","HM","HM",0.0203748797132136,FALSE,"uptake",0.155553023397756,FALSE,"emission",FALSE,FALSE
1,"slurry",2025-06-03,"C",10.9642888334294,-0.251790252973262,0.290727738719334,0.997883780677126,0.978873212992772,0.39632775603158,"HM","HM","HM",0.0193686588840487,FALSE,"uptake",0.147845669452799,FALSE,"emission",FALSE,FALSE
2,"control",2025-06-03,"A",11.1477638760303,-0.302069414648808,0.259798280951063,0.998267782874556,0.972473253542996,0.322633638838784,"HM","HM","HM",0.020015708850275,FALSE,"uptake",0.15277545518964,FALSE,"emission",TRUE,FALSE
2,"control",2025-06-03,"B",15.9962332269179,-0.38363462916074,0.247815062187191,0.998762338828877,0.98922498138643,0.270646921294545,"HM","HM","HM",0.0197032518889272,FALSE,"uptake",0.15038324027241,FALSE,"emission",TRUE,FALSE
2,"control",2025-06-03,"C",12.9291960689098,-0.236351366937707,0.131799921692028,0.99898476533296,0.964509473649843,0.226818056007472,"HM","HM","HM",0.0201467195978318,FALSE,"uptake",0.153809419334429,TRUE,"below detection",TRUE,FALSE
3,"compost",2025-06-03,"A",13.0532187643648,-0.153415787446563,0.310206298424265,0.998418892243198,0.936059736263094,0.563789464186164,"HM","HM","HM",0.0198621441727322,FALSE,"uptake",0.151643892046716,FALSE,"emission",TRUE,FALSE
3,"compost",2025-06-03,"B",18.7520796724339,-0.0798411125624891,0.553275495296845,0.997762471555021,0.768393104113811,0.779890204547435,"HM","HM","HM",0.0192961727142006,FALSE,"uptake",0.147270995249508,FALSE,"emission",TRUE,FALSE
3,"compost",2025-06-03,"C",11.8101043097444,-0.247150018320045,0.192541291999515,0.998477343834127,0.968369551188175,0.208861256286323,"HM","HM","HM",0.0205916076048681,FALSE,"uptake",0.157193288353883,FALSE,"emission",TRUE,FALSE
4,"compost",2025-06-03,"A",8.09363028484216,-0.225896691971297,0.141726271987335,0.997689558773281,0.966094606767767,0.13259515553421,"HM","HM","HM",0.0199687947503851,FALSE,"uptake",0.152472633237549,TRUE,"below detection",TRUE,FALSE
4,"compost",2025-06-03,"B",12.8672448304188,-0.322284003568671,0.120805320219874,0.998811987800986,0.985825229873241,0.0575174219111484,"HM","HM","HM",0.0196153177204802,FALSE,"uptake",0.14973794569177,TRUE,"below detection",TRUE,FALSE
4,"compost",2025-06-03,"C",14.8296217316621,-0.270122354010619,0.183323661918499,0.998382850570962,0.973355111328765,0.366878205440249,"HM","HM","HM",0.0197591937598971,FALSE,"uptake",0.150869139857328,FALSE,"emission",TRUE,FALSE
5,"control",2025-06-03,"A",14.1761054282643,-0.305417815543016,0.339522700314976,0.998577615934437,0.981770861880813,0.316897284370257,"HM","HM","HM",0.0197477684859199,FALSE,"uptake",0.150762086378682,FALSE,"emission",TRUE,FALSE
5,"control",2025-06-03,"B",10.412556573016,-0.385573036863733,0.172208474072807,0.998710047808105,0.989300997645134,0.265619244737241,"HM","HM","LM",0.0200879350891891,FALSE,"uptake",0.153349962703553,FALSE,"emission",TRUE,FALSE
5,"control",2025-06-03,"C",13.4361861223518,-0.402134810311234,0.144754352895723,0.998917489928183,0.99265244573536,0.180396007350718,"HM","HM","LM",0.0204079840823286,FALSE,"uptake",0.155819463968364,TRUE,"below detection",TRUE,FALSE
6,"slurry",2025-06-03,"A",10.8011454711171,-0.290729125175318,0.64743104226642,0.999074266277243,0.98580303638389,0.720394980482018,"HM","HM","HM",0.0197919488945584,FALSE,"uptake",0.151088727997768,FALSE,"emission",FALSE,FALSE
6,"slurry",2025-06-03,"B",12.0502060254768,-0.18733185131443,0.504828486243624,0.999092673909478,0.936826397675222,0.434636008190645,"HM","HM","HM",0.0216806447045766,FALSE,"uptake",0.16553247358965,FALSE,"emission",TRUE,FALSE
6,"slurry",2025-06-03,"C",16.6299230294107,-0.25262885516418,0.662705251160557,0.999333307917234,0.974616258624587,0.828674187443336,"HM","HM","HM",0.0206256577859715,FALSE,"uptake",0.157460993199756,FALSE,"emission",TRUE,FALSE
7,"control",2025-06-03,"A",18.1508792148308,-0.26812411047072,0.488393887375419,0.99844752987913,0.967923116913307,0.569093078863437,"HM","HM","HM",0.0201506364059292,FALSE,"uptake",0.15385034586147,FALSE,"emission",TRUE,FALSE
7,"control",2025-06-03,"B",15.7266915403035,-0.385479751015697,0.453218996185338,0.998605339940418,0.987434537496682,0.700523031469883,"HM","HM","HM",0.020424856950864,FALSE,"uptake",0.15589442242767,FALSE,"emission",TRUE,FALSE
7,"control",2025-06-03,"C",13.8496347435186,-0.231822023608915,0.201475894812465,0.99883297214689,0.970107454313542,0.336732708837366,"HM","HM","HM",0.0201201506355585,FALSE,"uptake",0.153589945492045,FALSE,"emission",FALSE,FALSE
8,"compost",2025-06-03,"A",10.5581566469104,-0.275625704524326,0.130977532914778,0.998264044628257,0.974317905348483,0.0895491194834761,"HM","HM","HM",0.0201617927670388,FALSE,"uptake",0.153906116522427,TRUE,"below detection",TRUE,FALSE
8,"compost",2025-06-03,"B",13.0053559906044,-0.276293037330813,0.178631078841418,0.997564653385365,0.96815878767248,0.219243796767954,"HM","HM","HM",0.0205944645046223,FALSE,"uptake",0.157226200479924,FALSE,"emission",TRUE,FALSE
8,"compost",2025-06-03,"C",17.0733420248937,-0.523334506764544,0.498189473592773,0.999353423254378,0.99428815144609,0.670473182232112,"HM","HM","HM",0.0202961188653465,FALSE,"uptake",0.154966042813948,FALSE,"emission",TRUE,FALSE
9,"compost",2025-06-03,"A",10.8127228116651,-0.209983942144228,0.283860712544796,0.99877266209271,0.970817136061394,0.199842932941565,"HM","HM","HM",0.0201667583273457,FALSE,"uptake",0.153969764532859,FALSE,"emission",FALSE,FALSE
9,"compost",2025-06-03,"B",9.58782928428717,-0.209592707366762,0.268994078291968,0.997350947898741,0.953656900205879,0.425034511114897,"HM","HM","HM",0.0202017112843451,FALSE,"uptake",0.154229529402165,FALSE,"emission",TRUE,FALSE
9,"compost",2025-06-03,"C",11.2275081573441,-0.284962037959621,0.582917086067805,0.998200209892684,0.978092738774903,0.594276852144399,"HM","HM","HM",0.0199632936069578,FALSE,"uptake",0.1524368000299,FALSE,"emission",TRUE,FALSE
10,"control",2025-06-03,"A",11.834507494408,-0.176347756343662,0.42460812199321,0.996737667887629,0.941273736564286,0.690369045084917,"HM","HM","HM",0.0205943294166734,FALSE,"uptake",0.157226156854802,FALSE,"emission",TRUE,FALSE
10,"control",2025-06-03,"B",9.11535617794502,-0.173067981846793,0.0751414047177621,0.996318292068139,0.929764862162433,0.068097835458046,"HM","HM","HM",0.0194068902790046,FALSE,"uptake",0.148196976666333,TRUE,"below detection",TRUE,TRUE
10,"control",2025-06-03,"C",9.27464525336015,-0.169062474461816,0.375990600308448,0.996421846992175,0.941838877874658,0.363695879543564,"HM","HM","HM",0.0195342832103134,FALSE,"uptake",0.149111161687394,FALSE,"emission",TRUE,FALSE
11,"slurry",2025-06-03,"A",12.2617080800835,-0.178634737755108,0.207735594707652,0.999056421549375,0.925583528069106,0.345644554860558,"HM","HM","HM",0.0203072422328574,FALSE,"uptake",0.155043649120867,FALSE,"emission",TRUE,FALSE
11,"slurry",2025-06-03,"B",14.8513435143629,-0.210140087688087,0.21293416551735,0.998545807781569,0.967949936463761,0.396732472840657,"HM","HM","LM",0.0200875552780568,FALSE,"uptake",0.153336970080942,FALSE,"emission",TRUE,FALSE
11,"slurry",2025-06-03,"C",12.2804761836225,-0.112289892249347,0.268978801715782,0.998710641186388,0.899640722648911,0.514942230328957,"HM","HM","HM",0.019303113479058,FALSE,"uptake",0.14735741984131,FALSE,"emission",TRUE,FALSE
12,"slurry",2025-06-03,"A",8.92854819616276,-0.21125054383512,0.253243664147407,0.997253774245943,0.964875170015686,0.267357463850394,"HM","HM","HM",0.0206775101984611,FALSE,"uptake",0.157857969908298,FALSE,"emission",TRUE,TRUE
12,"slurry",2025-06-03,"B",16.0689291685974,-0.21269190784103,0.620994056655711,0.99663689338447,0.964694762457961,0.838915938788198,"HM","HM","HM",0.0197845764230432,FALSE,"uptake",0.151030178659309,FALSE,"emission",FALSE,FALSE
12,"slurry",2025-06-03,"C",11.3187889236352,-0.0652376765952038,0.597270266385448,0.997277761072577,0.73759795291787,0.726726770399285,"HM","HM","HM",0.0190378962717953,FALSE,"uptake",0.145321788929513,FALSE,"emission",FALSE,FALSE
13,"slurry",2025-06-03,"A",11.8074102598048,-0.229944049292007,0.351860201763959,0.998881314681231,0.966427099181879,0.482872628106434,"HM","HM","HM",0.020568399014816,FALSE,"uptake",0.157009514572664,FALSE,"emission",TRUE,FALSE
13,"slurry",2025-06-03,"B",19.5433632297237,0.521463221792449,1.08575582858922,0.99905049586625,0.993582449234444,0.918604403133294,"HM","HM","HM",0.0201840702375824,FALSE,"emission",0.154078020585301,FALSE,"emission",FALSE,FALSE
13,"slurry",2025-06-03,"C",14.4615909723106,-0.151342403883966,0.426113109046947,0.998959987214914,0.927536580724311,0.639823768259331,"HM","HM","HM",0.0194305279391566,FALSE,"uptake",0.148328956995319,FALSE,"emission",FALSE,FALSE
14,"compost",2025-06-03,"A",11.6566941816588,0.318596229884831,0.183948373888262,0.998893183752433,0.842557563779833,0.286674186749607,"HM","HM","HM",0.0194303392124552,FALSE,"emission",0.148337361905364,FALSE,"emission",TRUE,FALSE
14,"compost",2025-06-03,"B",10.5587520745794,-0.198443374314539,0.280459889222477,0.998595028576884,0.956540936703032,0.461366734800081,"HM","HM","HM",0.0204634588001423,FALSE,"uptake",0.156204123325334,FALSE,"emission",FALSE,FALSE
14,"compost",2025-06-03,"C",13.0985928377418,-0.086241434163026,0.156450674663383,0.998340669453322,0.739849115235386,0.221056171448601,"HM","HM","HM",0.0208413472956709,FALSE,"uptake",0.159149824863413,TRUE,"below detection",TRUE,TRUE
15,"control",2025-06-03,"A",10.5263773174979,-0.181652621296066,0.22004152257654,0.99792246385403,0.951085448096693,0.294353952109992,"HM","HM","HM",0.0197288726253206,FALSE,"uptake",0.150581204910776,FALSE,"emission",FALSE,FALSE
15,"control",2025-06-03,"B",10.140872938065,-0.210318059987751,0.188979000120342,0.997694915082682,0.948218876939231,0.306046201476188,"HM","HM","HM",0.0208508618073259,FALSE,"uptake",0.159197036012923,FALSE,"emission",TRUE,FALSE
15,"control",2025-06-03,"C",11.7561223019139,-0.167364153459826,0.24362430735575,0.998399698356279,0.91824028681847,0.292251366580237,"HM","HM","HM",0.0203627157946066,FALSE,"uptake",0.155415359045837,FALSE,"emission",TRUE,FALSE
1,"slurry",2025-06-19,"A",16.45378219704,-0.199395949618315,-0.081145808713071,0.993056268602726,0.965310703896111,-0.010560434780885,"LM","HM","LM",0.0206090046110831,FALSE,"uptake",0.142086785291091,TRUE,"below detection",TRUE,FALSE
1,"slurry",2025-06-19,"B",17.7843865480804,-0.237346629132026,0.359543084311982,0.998254669662671,0.974721065448706,0.612932707008567,"HM","HM","HM",0.0206778301009014,FALSE,"uptake",0.142578440715679,FALSE,"emission",TRUE,FALSE
1,"slurry",2025-06-19,"C",15.3971375410448,-0.305365171141538,0.0586830123194955,0.995862677549448,0.987360622789027,0.0767207953680871,"HM","HM","HM",0.0198241994825281,FALSE,"uptake",0.136669676555443,TRUE,"below detection",FALSE,FALSE
2,"control",2025-06-19,"A",14.3348080622033,-0.17251332051071,0.197349276808635,0.998589221794771,0.941328052953474,0.336796796957168,"HM","HM","HM",0.0207432326347645,FALSE,"uptake",0.143011107285178,FALSE,"emission",TRUE,FALSE
2,"control",2025-06-19,"B",19.400552414446,-0.284019163010682,0.142876324148628,0.999558066029936,0.98475068871117,0.247353381660116,"HM","HM","HM",0.0204433913238518,FALSE,"uptake",0.140958241347799,FALSE,"emission",FALSE,FALSE
2,"control",2025-06-19,"C",17.9395930048801,-0.178967285890772,0.195020421648249,0.998507715274099,0.937534179630509,0.363834129802723,"HM","HM","HM",0.020794039521195,FALSE,"uptake",0.143385567388571,FALSE,"emission",TRUE,FALSE
3,"compost",2025-06-19,"A",21.5948664898093,-0.0744753674792726,0.228963913739121,0.995073652697896,0.695005851280115,0.333356543893295,"HM","HM","HM",0.0204423883163954,FALSE,"uptake",0.140955835645868,FALSE,"emission",TRUE,FALSE
3,"compost",2025-06-19,"B",21.9404602298238,0.470912810708237,0.214624953317111,0.992925186724874,0.985067536539463,0.464781222949793,"HM","HM","LM",0.0199160814421445,FALSE,"emission",0.137323399698761,FALSE,"emission",FALSE,FALSE
3,"compost",2025-06-19,"C",15.2812724652447,-0.161748847243245,0.237344958532696,0.994971354635954,0.944329668059051,0.394465430551993,"HM","HM","HM",0.0211816517262863,FALSE,"uptake",0.146054823233913,FALSE,"emission",TRUE,FALSE
4,"compost",2025-06-19,"A",14.0352944039358,-0.233791257898928,0.197807504174568,0.998934847890499,0.974420228684422,0.417574854875472,"HM","HM","HM",0.0210315850837429,FALSE,"uptake",0.145040598815587,FALSE,"emission",FALSE,FALSE
4,"compost",2025-06-19,"B",14.1136369929926,-0.28030623332671,0.178917034037346,0.999352520603539,0.968196577552856,0.0498793076395082,"HM","HM","HM",0.021084502180913,FALSE,"uptake",0.145407079721573,FALSE,"emission",FALSE,FALSE
4,"compost",2025-06-19,"C",17.3952423951818,-0.261101567578629,0.374444607981384,0.999646160433762,0.981415074590539,0.593939063323822,"HM","HM","HM",0.0208555188307525,FALSE,"uptake",0.143827577967289,FALSE,"emission",FALSE,FALSE
5,"control",2025-06-19,"A",19.0989620218692,-0.35172179789228,0.16800256268299,0.99974233541259,0.985675832840864,0.362846160477472,"HM","HM","HM",0.0204913464432945,FALSE,"uptake",0.14131092747735,FALSE,"emission",TRUE,FALSE
5,"control",2025-06-19,"B",14.9652300105701,-0.354389223464647,0.172108540283446,0.999394286928377,0.987800614474441,0.407544615250606,"HM","HM","HM",0.0210166166425881,FALSE,"uptake",0.144938270570005,FALSE,"emission",TRUE,FALSE
5,"control",2025-06-19,"C",15.3771721962965,-0.32436765622302,0.183328762579455,0.999482482090672,0.988356216121761,0.451700366058505,"HM","HM","HM",0.0215006497515697,FALSE,"uptake",0.148279223368269,FALSE,"emission",FALSE,FALSE
6,"slurry",2025-06-19,"A",18.2291987524389,-0.29764175366069,0.38005600461137,0.999389178295265,0.986374043959776,0.489228943839173,"HM","HM","HM",0.0199950991805159,FALSE,"uptake",0.137882891203382,FALSE,"emission",TRUE,FALSE
6,"slurry",2025-06-19,"B",18.2124374583457,-0.15962937421763,0.306544048248912,0.999079415302291,0.953759773523915,0.469008456807076,"HM","HM","HM",0.0216361866587824,FALSE,"uptake",0.149194251168122,FALSE,"emission",FALSE,FALSE
6,"slurry",2025-06-19,"C",24.0057919702917,-0.381087254449554,0.696088126860974,0.999646861546657,0.987793143545633,0.509097271198875,"HM","HM","HM",0.0214761557606523,FALSE,"uptake",0.148093644358066,FALSE,"emission",TRUE,FALSE
7,"control",2025-06-19,"A",19.8869373168961,-0.172096305444425,0.545173583768421,0.998841641458266,0.956260684953291,0.83445813547871,"HM","HM","HM",0.0207468433734848,FALSE,"uptake",0.143057823761199,FALSE,"emission",FALSE,FALSE
7,"control",2025-06-19,"B",17.9277684671363,-0.238191827614801,0.854037284183161,0.999003234043594,0.967791356585167,0.905936739929886,"HM","HM","HM",0.0211997086440693,FALSE,"uptake",0.146186915842389,FALSE,"emission",TRUE,FALSE
7,"control",2025-06-19,"C",15.7128445209872,-0.195428123832515,0.309518901504345,0.999513757202968,0.957607502107643,0.576137949939689,"HM","HM","HM",0.0210025976029344,FALSE,"uptake",0.144835675666766,FALSE,"emission",FALSE,FALSE
8,"compost",2025-06-19,"A",15.5494863160251,-0.208387517849886,0.161822391966763,0.995950129725231,0.966486769585075,0.130837845704975,"HM","HM","HM",0.0207510569449344,FALSE,"uptake",0.143111248567508,FALSE,"emission",TRUE,FALSE
8,"compost",2025-06-19,"B",19.1744545782828,-0.184947448373526,0.111016513926576,0.99831488082065,0.944351803794178,0.16720423279071,"HM","HM","LM",0.0211751212764551,FALSE,"uptake",0.14601383710554,TRUE,"below detection",TRUE,FALSE
8,"compost",2025-06-19,"C",22.40261531703,-0.515159848100485,0.222685815697442,0.998216381812032,0.992381609854118,0.449029604824516,"HM","HM","HM",0.0208971286265328,FALSE,"uptake",0.144066537937406,FALSE,"emission",FALSE,TRUE
9,"compost",2025-06-19,"A",16.8005875907376,-0.129765226695265,0.184628303911592,0.99842130444788,0.872186283004329,0.284779423222781,"HM","HM","HM",0.0207742121258074,FALSE,"uptake",0.143262387356027,FALSE,"emission",TRUE,TRUE
9,"compost",2025-06-19,"B",15.2842597395742,-0.0595212844175527,0.403231794391645,0.997660477428185,0.770471720057038,0.716088992179659,"HM","HM","HM",0.0209858494878018,FALSE,"uptake",0.144685286445265,FALSE,"emission",FALSE,FALSE
9,"compost",2025-06-19,"C",16.9001360218846,-0.2870960933121,0.503863629961819,0.998086285259937,0.981099505133761,0.746589552331428,"HM","HM","HM",0.0205030305647647,FALSE,"uptake",0.141378449515603,FALSE,"emission",FALSE,FALSE
10,"control",2025-06-19,"A",16.0424638078593,-0.130971148949164,0.655612979663583,0.995921467166764,0.892128576478638,0.693075026215537,"HM","HM","HM",0.0212205263487778,FALSE,"uptake",0.146338438986896,FALSE,"emission",TRUE,FALSE
10,"control",2025-06-19,"B",13.7876292484528,-0.170215471111968,0.255820564834942,0.998054885916058,0.95802894397274,0.263246901970539,"HM","HM","HM",0.0200579551690739,FALSE,"uptake",0.138310829549601,FALSE,"emission",FALSE,FALSE
10,"control",2025-06-19,"C",13.8005018483603,-0.141508208339412,0.36622125737425,0.988564690247258,0.92550677355915,0.617507767188576,"HM","HM","HM",0.0198974694543092,FALSE,"uptake",0.137203728768537,FALSE,"emission",TRUE,FALSE
11,"slurry",2025-06-19,"A",16.8119425031985,-0.202135800695904,0.286736920290914,0.998804869312392,0.965307122425113,0.144681329120826,"HM","HM","HM",0.0208221679587799,FALSE,"uptake",0.143566005763978,FALSE,"emission",TRUE,TRUE
11,"slurry",2025-06-19,"B",18.0179682632293,-0.146098694791678,0.150994739820655,0.999262054268375,0.937164836600893,0.143192009908719,"HM","HM","LM",0.0206748453013935,FALSE,"uptake",0.14256005057994,FALSE,"emission",TRUE,FALSE
11,"slurry",2025-06-19,"C",16.3794813096927,-0.125176336445944,0.0778268667379488,0.999161390438552,0.927170363979998,0.0787864034093476,"HM","HM","LM",0.0198989155217463,FALSE,"uptake",0.137213981509193,TRUE,"below detection",FALSE,FALSE
12,"slurry",2025-06-19,"A",17.484967995333,-0.16096106952816,0.324101938586286,0.996710782876924,0.935342647049554,0.596358442612036,"HM","HM","HM",0.0211711962537405,FALSE,"uptake",0.145974986763461,FALSE,"emission",FALSE,FALSE
12,"slurry",2025-06-19,"B",24.3128162762126,-0.214372647600323,0.547166701112521,0.999501211836093,0.976842589685006,0.791436189536299,"HM","HM","HM",0.0203370869302061,FALSE,"uptake",0.140213989853449,FALSE,"emission",TRUE,FALSE
12,"slurry",2025-06-19,"C",15.932292931443,-0.199993551788916,0.15326340114416,0.999405866831989,0.970961679670668,0.235247823062616,"HM","HM","LM",0.019441920018434,FALSE,"uptake",0.13404643217798,FALSE,"emission",FALSE,FALSE
13,"slurry",2025-06-19,"A",18.117385491083,-0.217993945839777,0.489552242888269,0.991608789267581,0.961407963832473,0.457757038845418,"HM","HM","HM",0.0211391258492644,FALSE,"uptake",0.145740644421107,FALSE,"emission",TRUE,FALSE
13,"slurry",2025-06-19,"B",19.4658168935291,0.177639766037381,0.67121052466368,0.995819677735092,0.794131637299999,0.689175048988894,"LM","HM","HM",0.0207470911283462,FALSE,"emission",0.142983696466983,FALSE,"emission",FALSE,FALSE
13,"slurry",2025-06-19,"C",23.6287765655435,-0.226783797026344,1.86357752995649,0.994412056751887,0.963625081396232,0.973699553932222,"LM","HM","HM",0.0197676371910201,FALSE,"uptake",0.136269764437914,FALSE,"emission",FALSE,FALSE
14,"compost",2025-06-19,"A",11.6590945965171,-0.149600163993507,0.135519713083233,0.981994716605899,0.938730981721315,0.107740592026453,"HM","HM","HM",0.0197908383097444,FALSE,"uptake",0.136412415371866,TRUE,"below detection",FALSE,FALSE
14,"compost",2025-06-19,"B",16.3375224438258,-0.17404132952833,0.294936719068987,0.991705045152677,0.936894880451934,0.561390388674837,"HM","HM","HM",0.0210138829543447,FALSE,"uptake",0.144890290367799,FALSE,"emission",TRUE,FALSE
14,"compost",2025-06-19,"C",12.7247550875634,-0.158738144165785,0.361960580936198,0.95928481200538,0.890025554603297,0.516722057197042,"HM","HM","HM",0.0213308846523042,FALSE,"uptake",0.147084743893705,FALSE,"emission",FALSE,FALSE
15,"control",2025-06-19,"A",14.0595238952408,-0.186391551536856,0.451447713370632,0.986066400108386,0.920359035417936,0.631834418939089,"HM","HM","HM",0.0199478316462259,FALSE,"uptake",0.137543877350145,FALSE,"emission",FALSE,FALSE
15,"control",2025-06-19,"B",15.4193703360759,-0.214966845719193,0.527240975114738,0.994265699639203,0.960962749546238,0.731958234100176,"HM","HM","HM",0.0213014983475109,FALSE,"uptake",0.146870979634913,FALSE,"emission",FALSE,FALSE
15,"control",2025-06-19,"C",24.4542977190054,-0.40137247909567,0.595173380003977,0.997535640569285,0.992436920517861,0.83502813254089,"LM","HM","HM",0.0205586909959381,FALSE,"uptake",0.141727026536586,FALSE,"emission",FALSE,FALSE
1,"slurry",2025-07-09,"A",18.4088866152315,-0.67249182139284,-0.022222865919886,0.998907909864907,0.99663911366077,-0.00230480518052056,"HM","HM","HM",0.0191602471009852,FALSE,"uptake",0.154469024162418,TRUE,"below detection",FALSE,FALSE
1,"slurry",2025-07-09,"B",15.5355424380495,-0.684482982941217,0.0865762107262101,0.996128125442785,0.992816733624313,0.0835007146690832,"HM","HM","HM",0.0191047030998882,FALSE,"uptake",0.154086389785349,TRUE,"below detection",FALSE,FALSE
1,"slurry",2025-07-09,"C",14.278309234145,-0.612894260226404,0.0985217417357544,0.999072341472732,0.995119415290345,0.120192328816688,"HM","HM","HM",0.0187604083407471,FALSE,"uptake",0.151288330974644,TRUE,"below detection",TRUE,FALSE
2,"control",2025-07-09,"A",13.9849585350971,-0.713505058488388,0.0226112879523018,0.999140856505864,0.995648357346271,-0.0032508802362814,"HM","HM","HM",0.0190268250356431,FALSE,"uptake",0.153435810506989,TRUE,"below detection",TRUE,FALSE
2,"control",2025-07-09,"B",17.5603986711947,-0.757854724092053,0.108757320304151,0.998810492298651,0.997062107053572,0.133110329336143,"HM","HM","HM",0.0187244979572213,FALSE,"uptake",0.150999434628433,TRUE,"below detection",FALSE,FALSE
2,"control",2025-07-09,"C",14.6754101957771,-0.60262664905612,0.14174108893339,0.999665201305258,0.995508852928912,0.225204302572062,"HM","HM","HM",0.0194795168255248,FALSE,"uptake",0.157112234645905,TRUE,"below detection",TRUE,TRUE
3,"compost",2025-07-09,"A",19.9732263396447,-0.906477515242086,0.775761550820726,0.9993008255768,0.997929395717687,0.717460848382061,"HM","HM","HM",0.0186089844618874,FALSE,"uptake",0.150020069168019,FALSE,"emission",FALSE,FALSE
3,"compost",2025-07-09,"B",20.9878964053959,-0.712504026297857,2.53482816779683,0.994752100119315,0.996049155799381,0.984008012907751,"LM","HM","HM",0.0183218898827168,FALSE,"uptake",0.147718851162667,FALSE,"emission",TRUE,FALSE
3,"compost",2025-07-09,"C",15.6838090558885,-0.739447219083376,0.24430038142424,0.998902207075673,0.996720570857546,0.424959024786968,"HM","HM","HM",0.0193485464118135,FALSE,"uptake",0.156042542903402,FALSE,"emission",TRUE,TRUE
4,"compost",2025-07-09,"A",11.884090723386,-0.680145683090695,0.16991360627003,0.99911041613018,0.996612052710492,0.148344655218546,"HM","HM","HM",0.0192320607271034,FALSE,"uptake",0.155070410056697,FALSE,"emission",FALSE,FALSE
4,"compost",2025-07-09,"B",14.310146560422,-0.682714797618744,0.148251142451568,0.998798624397091,0.997217592926645,0.235955948105585,"HM","HM","HM",0.0192954649510883,FALSE,"uptake",0.155620270150146,TRUE,"below detection",FALSE,FALSE
4,"compost",2025-07-09,"C",14.271306148551,-0.562030834405526,0.0670860488657611,0.998681893288621,0.996758804440112,0.0687802775618703,"HM","HM","LM",0.0189809652847054,FALSE,"uptake",0.153077810382312,TRUE,"below detection",TRUE,FALSE
5,"control",2025-07-09,"A",16.133037626239,-0.759818769438162,0.0465327287459001,0.999202323161885,0.99616297225016,0.0165105464022823,"HM","HM","LM",0.0187056113170243,FALSE,"uptake",0.150850653373356,TRUE,"below detection",FALSE,FALSE
5,"control",2025-07-09,"B",14.4892462164429,-0.819465719774234,0.0837320149952123,0.999720465509592,0.99763975222232,0.0781415725910651,"HM","HM","HM",0.0191283453103367,FALSE,"uptake",0.154251941604048,TRUE,"below detection",FALSE,FALSE
5,"control",2025-07-09,"C",14.330019279682,-0.727699531854328,0.0681601454317807,0.998597124847184,0.997299928711711,0.0461548933237458,"HM","HM","LM",0.0192889174706965,FALSE,"uptake",0.155557532310867,TRUE,"below detection",TRUE,FALSE
6,"slurry",2025-07-09,"A",14.150302990497,-0.757153454769636,0.112881734276037,0.996649289088671,0.996699476496801,0.0998432712627483,"HM","HM","HM",0.0183201012443015,FALSE,"uptake",0.147788673137752,TRUE,"below detection",FALSE,FALSE
6,"slurry",2025-07-09,"B",25.993924397393,-0.741364191395176,0.133617893505108,0.998826027569254,0.996559485245023,0.111845008162591,"HM","HM","LM",0.0199351328837812,FALSE,"uptake",0.160760263002622,TRUE,"below detection",TRUE,FALSE
6,"slurry",2025-07-09,"C",23.7245825244486,-0.685913073696099,0.202061506183435,0.999479334338449,0.99466777146283,0.279575394496487,"HM","HM","HM",0.0192759238872955,FALSE,"uptake",0.155431418691974,FALSE,"emission",TRUE,FALSE
7,"control",2025-07-09,"A",15.6680412199684,-0.596686740965075,0.160146544772693,0.998720877405214,0.996755808489415,0.0985972705227879,"HM","HM","HM",0.0191304902469433,FALSE,"uptake",0.154274052589302,FALSE,"emission",FALSE,FALSE
7,"control",2025-07-09,"B",13.3360285369725,-0.616017881324416,0.179808393129454,0.999370681655181,0.994569932918199,0.276992633465702,"HM","HM","LM",0.0197285681453978,FALSE,"uptake",0.159128284228726,FALSE,"emission",TRUE,FALSE
7,"control",2025-07-09,"C",13.8269229374798,-0.555538584690119,0.144624756970124,0.999447925840457,0.993035096740745,0.0850331274383769,"HM","HM","HM",0.0192983771747426,FALSE,"uptake",0.155650948177151,TRUE,"below detection",TRUE,FALSE
8,"compost",2025-07-09,"A",13.6171906972396,-0.706797624937925,-0.0272871727667671,0.977127669035603,0.994613796815086,-0.007331538789767,"HM","HM","HM",0.0189388102673403,FALSE,"uptake",0.152710774851584,TRUE,"below detection",TRUE,FALSE
8,"compost",2025-07-09,"B",12.8445375027783,-0.64707438770591,0.136412859135344,0.997462049404358,0.996866997597096,0.250214304854602,"HM","HM","LM",0.0171156792295388,FALSE,"uptake",0.138009299945648,TRUE,"below detection",TRUE,FALSE
8,"compost",2025-07-09,"C",19.3586674609946,-1.03036112760308,0.0204463461265636,0.997820778760244,0.998361541150242,-0.00660341947128784,"HM","HM","HM",0.0193677964776976,FALSE,"uptake",0.15618018136212,TRUE,"below detection",FALSE,FALSE
9,"compost",2025-07-09,"A",16.8826478448303,-0.681813888768268,0.115993669142852,0.990097621929214,0.99243299478684,0.152342887042667,"HM","HM","LM",0.0189006814638642,FALSE,"uptake",0.152356934556863,TRUE,"below detection",FALSE,FALSE
9,"compost",2025-07-09,"B",19.7242334765465,-0.590355785816734,0.254200405885502,0.988760071668711,0.994500105301935,0.267653605663674,"HM","HM","HM",0.019247788639465,FALSE,"uptake",0.155224615008631,FALSE,"emission",TRUE,FALSE
9,"compost",2025-07-09,"C",15.0700017808458,-0.718192426943874,0.187500249236002,0.994703523703775,0.99672218414487,0.326799713203646,"LM","HM","HM",0.0188852101936282,FALSE,"uptake",0.152294883519986,FALSE,"emission",TRUE,TRUE
10,"control",2025-07-09,"A",14.0794809433194,-0.508377059046909,0.0900362675450951,0.99919175052912,0.994490340067078,0.0805174438140084,"HM","HM","LM",0.0197311213262264,FALSE,"uptake",0.159120436701603,TRUE,"below detection",FALSE,FALSE
10,"control",2025-07-09,"B",13.0965915832013,-0.595755259194208,0.0140263106559606,0.999709792261893,0.995841982165513,-0.00881415568048638,"HM","HM","HM",0.0183947971897896,FALSE,"uptake",0.148360300752054,TRUE,"below detection",TRUE,FALSE
10,"control",2025-07-09,"C",11.4614331635942,-0.450134947452041,0.156772598334803,0.999102786951967,0.992789851921243,0.283007052765125,"HM","HM","HM",0.018423405599814,FALSE,"uptake",0.148588542224661,FALSE,"emission",TRUE,FALSE
11,"slurry",2025-07-09,"A",10.8337346607887,-0.484983256673011,-0.00666655294815665,0.983962813197147,0.98964924108885,-0.0101267020262905,"HM","HM","HM",0.0188714288046095,FALSE,"uptake",0.152145173402272,TRUE,"below detection",TRUE,TRUE
11,"slurry",2025-07-09,"B",12.9776544752267,-0.486666103100422,0.0310728565069368,0.999022170051531,0.994981227033576,0.000523231311155836,"HM","HM","HM",0.0190325635471822,FALSE,"uptake",0.153479277625356,TRUE,"below detection",FALSE,FALSE
11,"slurry",2025-07-09,"C",17.705338847334,-0.56902866317528,0.0874179846643403,0.992255971587024,0.994577418690216,0.0718862286606233,"HM","HM","HM",0.0182563202652573,FALSE,"uptake",0.147242294085694,TRUE,"below detection",FALSE,FALSE
12,"slurry",2025-07-09,"A",18.3963809775942,-0.699633251288588,0.0586987208297502,0.993520309312342,0.996817582178856,0.0205871842513377,"HM","HM","LM",0.019347607158169,FALSE,"uptake",0.156018833438583,TRUE,"below detection",FALSE,FALSE
12,"slurry",2025-07-09,"B",17.2605955862877,-0.632131596137408,0.167842298468691,0.994905355346537,0.996397143344385,0.286352879323022,"LM","HM","HM",0.0184131116386805,FALSE,"uptake",0.148466100916153,FALSE,"emission",FALSE,FALSE
12,"slurry",2025-07-09,"C",11.0867138519721,-0.451537605884186,-0.0700983759386681,0.989351901517517,0.992716331900611,0.0439079650855361,"HM","HM","LM",0.0177935983621875,FALSE,"uptake",0.14351212301946,TRUE,"below detection",TRUE,FALSE
13,"slurry",2025-07-09,"A",15.3566643413254,-0.618927153703357,0.0691549157503084,0.999250184659803,0.993930029154582,0.0429156799219398,"HM","HM","LM",0.0194337143490956,FALSE,"uptake",0.156712638159026,TRUE,"below detection",TRUE,FALSE
13,"slurry",2025-07-09,"B",24.5084475232411,-0.583350762617276,0.62475743848754,0.99883871050689,0.992219816312567,0.5795820324382,"HM","HM","HM",0.0192635896319707,FALSE,"uptake",0.155354735158309,FALSE,"emission",TRUE,FALSE
13,"slurry",2025-07-09,"C",17.1518517724767,-0.564219761978431,0.149647292952762,0.999390596897178,0.988025837718473,0.0913465269975077,"HM","HM","HM",0.0186600083111746,FALSE,"uptake",0.150511866848678,TRUE,"below detection",FALSE,TRUE
14,"compost",2025-07-09,"A",13.6097666196222,-0.40487580626802,-0.0367384211607939,0.977253815245503,0.984766114417701,0.00380722290034841,"LM","HM","HM",0.0182089214858532,FALSE,"uptake",0.146795857481937,TRUE,"below detection",TRUE,FALSE
14,"compost",2025-07-09,"B",15.5285345228448,-0.497656812743725,0.0533256530264534,0.994468856630975,0.992568671117551,0.0163328297092482,"LM","HM","LM",0.0191028535785499,FALSE,"uptake",0.15402005860483,TRUE,"below detection",TRUE,FALSE
14,"compost",2025-07-09,"C",13.4949809358165,-0.29353012168424,0.0431319353579317,0.981623300041269,0.981688773834757,-0.00110270230524856,"LM","HM","HM",0.0196935366428447,FALSE,"uptake",0.158808836607366,TRUE,"below detection",TRUE,FALSE
15,"control",2025-07-09,"A",12.8368638431979,-0.484960375164056,0.153106532579624,0.997866016215002,0.994190781191125,0.284363319344763,"HM","HM","LM",0.0184710734692659,FALSE,"uptake",0.148942354912329,FALSE,"emission",TRUE,FALSE
15,"control",2025-07-09,"B",10.4070125753546,-0.513396212342676,0.102863983813172,0.985376963504773,0.991317983301517,0.102686522858562,"HM","HM","HM",0.0192720689312017,FALSE,"uptake",0.155423153355789,TRUE,"below detection",TRUE,TRUE
15,"control",2025-07-09,"C",20.5936663846451,-0.570177225376699,0.141053099276109,0.997720039676984,0.995279619387809,0.119031545884552,"HM","HM","HM",0.0190121739533847,FALSE,"uptake",0.153297731176467,TRUE,"below detection",TRUE,FALSE
1,"slurry",2025-07-23,"A",8.52200843826785,-0.498132902552055,0.139814676671746,0.997175642111017,0.990135960214751,0.170579883733581,"HM","HM","LM",0.0199018654339209,FALSE,"uptake",0.157328287392236,TRUE,"below detection",TRUE,FALSE
1,"slurry",2025-07-23,"B",7.95747400457359,-0.57078905956396,0.074580017064846,0.997335953667179,0.994391696170462,0.0435716227672838,"HM","HM","HM",0.0198252010219681,FALSE,"uptake",0.156728997730643,TRUE,"below detection",TRUE,FALSE
1,"slurry",2025-07-23,"C",10.8271516599604,-0.664293047962958,0.152545170964072,0.996550472075984,0.994749828835427,0.191602060914389,"HM","HM","HM",0.0192741558231783,FALSE,"uptake",0.152361200263287,FALSE,"emission",FALSE,FALSE
2,"control",2025-07-23,"A",8.96054556688292,-0.72607119122789,0.0493123796767111,0.998240147444283,0.995339850411641,0.0211523374921416,"HM","HM","LM",0.0197930529730972,FALSE,"uptake",0.15642709313166,TRUE,"below detection",FALSE,FALSE
2,"control",2025-07-23,"B",12.4526065275045,-0.809020730658045,0.0812159229460822,0.998072380137365,0.99767125356462,0.0552754992747976,"HM","HM","HM",0.0195376478037662,FALSE,"uptake",0.154470886663726,TRUE,"below detection",TRUE,FALSE
2,"control",2025-07-23,"C",12.2010773391931,-0.681727875224518,0.0830655826751388,0.998791323557021,0.995500226975758,0.0631389687340395,"HM","HM","HM",0.0199541676500077,FALSE,"uptake",0.157750644129976,TRUE,"below detection",TRUE,FALSE
3,"compost",2025-07-23,"A",12.2958471544028,-0.744873193155984,0.0562745239255993,0.995774339097596,0.995703059594101,0.0090749043710644,"HM","HM","LM",0.019372584797031,FALSE,"uptake",0.153054722580085,TRUE,"below detection",FALSE,FALSE
3,"compost",2025-07-23,"B",12.8453322693574,-0.688756720333984,0.245247399742074,0.99785672093701,0.996918924019731,0.33504875158262,"HM","HM","HM",0.0189405219877483,FALSE,"uptake",0.149763732482708,FALSE,"emission",FALSE,FALSE
3,"compost",2025-07-23,"C",11.4761310317028,-0.792381907945949,0.456484983591353,0.99876868702017,0.997737410968184,0.513053427594967,"HM","HM","HM",0.0201342925805551,FALSE,"uptake",0.159168973768119,FALSE,"emission",FALSE,FALSE
4,"compost",2025-07-23,"A",7.66153323113618,-0.55458463160973,0.107353042879182,0.99694600356567,0.995677063667897,0.123337357673574,"HM","HM","LM",0.0197044335343154,FALSE,"uptake",0.155808811195645,TRUE,"below detection",TRUE,FALSE
4,"compost",2025-07-23,"B",10.3543533481655,-0.786520626802186,0.0670984691459009,0.999015055193013,0.997835779268114,0.0378019112658409,"HM","HM","LM",0.0195149552183345,FALSE,"uptake",0.154294427044157,TRUE,"below detection",TRUE,FALSE
4,"compost",2025-07-23,"C",11.1951790165939,-0.536538111424828,0.129456897918976,0.997008572903636,0.993149851966348,0.129994802053015,"HM","HM","HM",0.0194021437215979,FALSE,"uptake",0.153376352187673,TRUE,"below detection",FALSE,FALSE
5,"control",2025-07-23,"A",8.86650959433004,-0.768482597169174,0.0715691004019062,0.998276998850712,0.997459729262294,0.0584985230736422,"HM","HM","LM",0.019617794984676,FALSE,"uptake",0.15507897112954,TRUE,"below detection",FALSE,FALSE
5,"control",2025-07-23,"B",8.29810385651537,-0.696082452499601,0.00304108774281723,0.997905186155334,0.99690330133582,-0.0106359460196757,"HM","HM","HM",0.0200086490800495,FALSE,"uptake",0.15821836804907,TRUE,"below detection",TRUE,TRUE
5,"control",2025-07-23,"C",11.1110198677305,-0.716903925752452,0.0882692372544946,0.998317887923527,0.995329706765216,0.0660555236221407,"HM","HM","HM",0.0201690084524773,FALSE,"uptake",0.159445748809095,TRUE,"below detection",TRUE,FALSE
6,"slurry",2025-07-23,"A",12.3685060398192,-0.83080548828764,0.150205299917572,0.997746032960151,0.99746831269731,0.169853063542735,"HM","HM","HM",0.018990383605329,FALSE,"uptake",0.150082928644151,FALSE,"emission",TRUE,FALSE
6,"slurry",2025-07-23,"B",7.19285023557919,-0.715929872192462,0.0864912076970536,0.997924180543583,0.996631913939242,0.0725741233713975,"HM","HM","HM",0.0204537466928497,FALSE,"uptake",0.161695100144669,TRUE,"below detection",TRUE,TRUE
6,"slurry",2025-07-23,"C",11.3751326975767,-0.761209253314731,0.109159050661912,0.9980641424286,0.996569101234638,0.128019767251409,"HM","HM","HM",0.0201864035658756,FALSE,"uptake",0.159548517355911,TRUE,"below detection",FALSE,FALSE
7,"control",2025-07-23,"A",11.1328536709159,-0.575998663621992,0.103341372364687,0.998817708385299,0.995238022536409,0.113509924903904,"HM","HM","LM",0.0198136208314275,FALSE,"uptake",0.156625059675602,TRUE,"below detection",FALSE,FALSE
7,"control",2025-07-23,"B",9.93920861879901,-0.66790583187148,0.0273126977215954,0.997981705277309,0.996280747233864,-0.00754485313722242,"HM","HM","HM",0.0203286286352261,FALSE,"uptake",0.160711991892822,TRUE,"below detection",TRUE,FALSE
7,"control",2025-07-23,"C",9.94570314076304,-0.613124424607354,0.079704523363431,0.998488464201131,0.996277780836643,0.061312169624462,"HM","HM","HM",0.019833829369969,FALSE,"uptake",0.156804693917907,TRUE,"below detection",TRUE,FALSE
8,"compost",2025-07-23,"A",13.4778547067311,-0.779571541077719,-0.00625472427061925,0.998598886413663,0.997536716718194,-0.0102219694142713,"HM","HM","HM",0.0197278234682573,FALSE,"uptake",0.155943565949357,TRUE,"below detection",FALSE,TRUE
8,"compost",2025-07-23,"B",11.0396819618618,-0.718353357457739,0.0559185684003654,0.997936424059837,0.995998969031144,0.0115587460383252,"HM","HM","LM",0.0203802174405284,FALSE,"uptake",0.161123326693424,TRUE,"below detection",FALSE,FALSE
8,"compost",2025-07-23,"C",12.3780794936826,-1.01562266507215,0.165450122985616,0.997897812226952,0.996980758679954,0.304640983749642,"HM","HM","HM",0.0202690699947409,FALSE,"uptake",0.160246943388574,FALSE,"emission",FALSE,TRUE
9,"compost",2025-07-23,"A",7.67560548219421,-0.615354437509604,0.0611533128673069,0.998148622652971,0.995011728827375,0.0394967876725424,"HM","HM","HM",0.0198758279997593,FALSE,"uptake",0.157120736333484,TRUE,"below detection",TRUE,FALSE
9,"compost",2025-07-23,"B",8.86857413185461,-0.735791870819898,0.0862918311921033,0.997438447305808,0.997046509055561,0.0800472168883719,"HM","HM","HM",0.0202353162334827,FALSE,"uptake",0.160006000849921,TRUE,"below detection",FALSE,FALSE
9,"compost",2025-07-23,"C",11.681333408193,-0.801467608881594,0.0916378755200814,0.99743942546229,0.997070668759806,0.111208402191124,"HM","HM","LM",0.0197539673011187,FALSE,"uptake",0.156181122552615,TRUE,"below detection",TRUE,FALSE
10,"control",2025-07-23,"A",10.834591748593,-0.510377793781958,0.231803446205256,0.997560937363966,0.994680308338963,0.202622607283148,"HM","HM","HM",0.0206426546163208,FALSE,"uptake",0.163227085826643,FALSE,"emission",FALSE,FALSE
10,"control",2025-07-23,"B",10.4776426876508,-0.538143673721571,0.0778187435369789,0.998640836184804,0.994725465320796,0.071959169126042,"HM","HM","HM",0.0195210510371685,FALSE,"uptake",0.154330736255739,TRUE,"below detection",TRUE,FALSE
10,"control",2025-07-23,"C",9.64835847716991,-0.486137916439144,0.229925739571087,0.998824374588064,0.991599469695961,0.318080477625866,"HM","HM","LM",0.019072775246592,FALSE,"uptake",0.150785396501906,FALSE,"emission",TRUE,FALSE
11,"slurry",2025-07-23,"A",10.9864383280783,-0.546728161826827,0.122942203844296,0.997959895483907,0.990698050909162,0.142871368113342,"HM","HM","HM",0.0202679113937622,FALSE,"uptake",0.160223394664179,TRUE,"below detection",FALSE,FALSE
11,"slurry",2025-07-23,"B",11.6624362913066,-0.490766580147949,-0.143654984459288,0.985822028844561,0.983658621071936,0.170014894855052,"HM","HM","LM",0.0199272406417031,FALSE,"uptake",0.15761835969878,TRUE,"below detection",FALSE,FALSE
11,"slurry",2025-07-23,"C",8.96326754620532,-0.496932359331038,0.0807549234907686,0.998896592312077,0.993484500085465,0.0895056010054106,"HM","HM","LM",0.0190506226446025,FALSE,"uptake",0.150622005678195,TRUE,"below detection",FALSE,FALSE
12,"slurry",2025-07-23,"A",8.65072978341912,-0.675242829351256,0.0945600353183529,0.997971376704597,0.995558575242538,0.104815807363196,"HM","HM","HM",0.0203155854271765,FALSE,"uptake",0.160610450293468,TRUE,"below detection",TRUE,TRUE
12,"slurry",2025-07-23,"B",8.88390812585787,-0.661422308262921,0.138178410642674,0.999110642151946,0.996722218124753,0.0949730434650016,"HM","HM","HM",0.0195574401390905,FALSE,"uptake",0.154622032063018,TRUE,"below detection",FALSE,FALSE
12,"slurry",2025-07-23,"C",9.46747960517332,-0.635271074985103,0.177392030128928,0.998151990167282,0.994624512708135,0.212226769036729,"HM","HM","HM",0.0187298446191926,FALSE,"uptake",0.14807135137763,FALSE,"emission",TRUE,FALSE
13,"slurry",2025-07-23,"A",11.6589858190621,-0.681927148372843,0.186064759330004,0.998909951269927,0.996108320417547,0.164396053533393,"HM","HM","HM",0.0206327808298342,FALSE,"uptake",0.163033091741774,FALSE,"emission",FALSE,FALSE
13,"slurry",2025-07-23,"B",10.3624217703427,-0.536035049314045,0.197696878693371,0.998604842743589,0.995033345618257,0.309678336951805,"HM","HM","HM",0.0206606805587055,FALSE,"uptake",0.163335283933755,FALSE,"emission",FALSE,FALSE
13,"slurry",2025-07-23,"C",11.5908744241614,-0.63805348214976,0.250259955520296,0.999172010174282,0.994390636425687,0.272268646423595,"HM","HM","HM",0.0192215057442041,FALSE,"uptake",0.15197172121258,FALSE,"emission",FALSE,FALSE
14,"compost",2025-07-23,"A",12.4166119435032,-0.489236841320147,0.0721771230698346,0.997579912846261,0.989510593523555,0.0509006978148674,"HM","HM","HM",0.0191336529445596,FALSE,"uptake",0.151224482446628,TRUE,"below detection",TRUE,FALSE
14,"compost",2025-07-23,"B",10.7759384202198,-0.484231307811804,0.0586517836636781,0.998275796217981,0.993160173732275,-0.00254943011014586,"HM","HM","HM",0.0200921180447995,FALSE,"uptake",0.15882016895929,TRUE,"below detection",FALSE,FALSE
14,"compost",2025-07-23,"C",10.4903862330605,-0.283840324401738,0.144695475830432,0.997145292506527,0.978398585690282,0.117369264631915,"HM","HM","HM",0.0205312399988138,FALSE,"uptake",0.162299883707309,TRUE,"below detection",FALSE,TRUE
15,"control",2025-07-23,"A",10.7652891043284,-0.534670878764803,0.199154477566518,0.99796020955501,0.995382838324337,0.161528876183819,"HM","HM","HM",0.0192508362284132,FALSE,"uptake",0.152185058586445,FALSE,"emission",TRUE,FALSE
15,"control",2025-07-23,"B",9.88840553263702,-0.567978197451378,0.295274779351668,0.997392822524831,0.993573412341141,0.208189282513492,"HM","HM","HM",0.020035715094167,FALSE,"uptake",0.158390196209654,FALSE,"emission",TRUE,FALSE
15,"control",2025-07-23,"C",16.7852440489904,-0.708269377563942,0.313618336210418,0.998013970104487,0.995989335129648,0.274525441916994,"HM","HM","HM",0.0197378592100185,FALSE,"uptake",0.156003968555494,FALSE,"emission",FALSE,FALSE
1,"slurry",2025-08-22,"A",11.3256640133785,-0.518187977500506,0.0912127786577082,0.999357423780975,0.993977482537226,0.0700983153276801,"HM","HM","LM",0.0199984016565959,FALSE,"uptake",0.154349515649171,TRUE,"below detection",FALSE,FALSE
1,"slurry",2025-08-22,"B",12.9590099395205,-0.399603366460454,0.0671825627425637,0.998470531022036,0.989127518260773,0.0434488101208483,"HM","HM","LM",0.0201092955449551,FALSE,"uptake",0.155208063028063,TRUE,"below detection",TRUE,FALSE
1,"slurry",2025-08-22,"C",13.2376138684894,-0.459163910141951,0.0861893063826907,0.99947583051925,0.993130324198022,0.0533005222686569,"HM","HM","LM",0.0193478830948268,FALSE,"uptake",0.14932601470102,TRUE,"below detection",FALSE,FALSE
2,"control",2025-08-22,"A",11.0208238968685,-0.442102422289625,0.24654349204754,0.999026169513908,0.993373201486489,0.33148116923609,"HM","HM","HM",0.0199985374922574,FALSE,"uptake",0.154372754880091,FALSE,"emission",TRUE,TRUE
2,"control",2025-08-22,"B",11.649638062666,-0.55043684094025,0.108303486522087,0.99915405633941,0.995902176124777,0.143834639043042,"HM","HM","LM",0.0196473130909605,FALSE,"uptake",0.151619494640968,TRUE,"below detection",TRUE,FALSE
2,"control",2025-08-22,"C",14.5452620204668,-0.455837866362929,0.20172983755055,0.999492060814665,0.992145557828605,0.293957400060829,"HM","HM","HM",0.0202300048490897,FALSE,"uptake",0.156149514255929,FALSE,"emission",FALSE,FALSE
3,"compost",2025-08-22,"A",14.4842105875382,-0.602714628463209,1.62761064702547,0.999363520202008,0.996549831559134,0.929344587218938,"HM","HM","HM",0.0197703118880392,FALSE,"uptake",0.152558284213603,FALSE,"emission",FALSE,TRUE
3,"compost",2025-08-22,"B",15.6115172025451,-0.530770326936042,1.91488188620934,0.998251561992481,0.993743991550681,0.962789351944616,"HM","HM","HM",0.0192366425445469,FALSE,"uptake",0.148461076299765,FALSE,"emission",TRUE,FALSE
3,"compost",2025-08-22,"C",11.2638346860077,-0.428680089167569,0.72686603424468,0.997348773088352,0.991120493970591,0.83347328737476,"HM","HM","HM",0.0205390275845654,FALSE,"uptake",0.158514487991651,FALSE,"emission",TRUE,FALSE
4,"compost",2025-08-22,"A",10.1397198534287,-0.452209184401074,0.130732934830884,0.998534444054351,0.989705106157914,0.148244987890837,"HM","HM","LM",0.0198770891573455,FALSE,"uptake",0.153389760907446,TRUE,"below detection",FALSE,FALSE
4,"compost",2025-08-22,"B",9.91353662965586,-0.491618787053817,0.0412960804781751,0.999086288712142,0.993220346801929,0.00730567459357934,"HM","HM","HM",0.0199891682869302,FALSE,"uptake",0.15427939629488,TRUE,"below detection",TRUE,FALSE
4,"compost",2025-08-22,"C",11.1752198732517,-0.391113747499669,0.0560635809793245,0.999116625031112,0.98290805297523,0.0257437723140768,"HM","HM","HM",0.0197922551781387,FALSE,"uptake",0.152786570207273,TRUE,"below detection",TRUE,FALSE
5,"control",2025-08-22,"A",12.549381888919,-0.608433062046399,0.25346275396116,0.998854698333541,0.995503627048901,0.247834817870142,"HM","HM","HM",0.0194951070618409,FALSE,"uptake",0.150484077806213,FALSE,"emission",FALSE,FALSE
5,"control",2025-08-22,"B",10.7220870669249,-0.607613344577461,0.114057630840653,0.998930075634372,0.996376337484272,0.137095773441073,"HM","HM","HM",0.019980444138008,FALSE,"uptake",0.154236531889334,TRUE,"below detection",TRUE,FALSE
5,"control",2025-08-22,"C",14.3142981739034,-0.635531820278983,-0.00660733012431057,0.998447367672481,0.995109744853793,-0.0104527149766618,"HM","HM","HM",0.0203497455587979,FALSE,"uptake",0.157059795363576,TRUE,"below detection",FALSE,TRUE
6,"slurry",2025-08-22,"A",12.250115189316,-0.680945022480551,0.196514063818529,0.999528263925727,0.995538541193712,0.259342905262814,"HM","HM","LM",0.0191838274607225,FALSE,"uptake",0.148076973217011,FALSE,"emission",FALSE,FALSE
6,"slurry",2025-08-22,"B",13.3451125148556,-0.613967670380172,0.339047719464084,0.999061429158838,0.995286538113748,0.594353564201294,"HM","HM","HM",0.0207483950472449,FALSE,"uptake",0.160171840111712,FALSE,"emission",FALSE,FALSE
6,"slurry",2025-08-22,"C",10.183431613687,-0.41990286779026,0.261532501825748,0.999498299246918,0.988001626003507,0.375459903026252,"HM","HM","HM",0.0205414321351064,FALSE,"uptake",0.158555747121649,FALSE,"emission",TRUE,FALSE
7,"control",2025-08-22,"A",11.9677211698164,-0.434910850268212,0.126425764367152,0.999245476125746,0.989633022358413,0.119818680319558,"HM","HM","HM",0.0199590484682954,FALSE,"uptake",0.154056918220024,TRUE,"below detection",FALSE,FALSE
7,"control",2025-08-22,"B",12.5073897209444,-0.5405664298904,0.0898535485952806,0.999124671245514,0.995086570147155,0.0876150088950006,"HM","HM","HM",0.0203326748992671,FALSE,"uptake",0.156968559720438,TRUE,"below detection",FALSE,FALSE
7,"control",2025-08-22,"C",11.795788964682,-0.415899758776892,0.142227256025286,0.998120746959561,0.987745532560726,0.171267180392353,"HM","HM","HM",0.0201863974047401,FALSE,"uptake",0.15583365076274,TRUE,"below detection",TRUE,FALSE
8,"compost",2025-08-22,"A",12.2009402993513,-0.605985998789364,0.0865307749609719,0.999170040075668,0.996312420015296,0.0612733095134954,"HM","HM","LM",0.0200864817702509,FALSE,"uptake",0.155031391617897,TRUE,"below detection",TRUE,FALSE
8,"compost",2025-08-22,"B",12.6935750806842,-0.560401215488951,0.100179209881387,0.998741562523315,0.994091001800234,0.0814668941298866,"HM","HM","HM",0.0205107988757617,FALSE,"uptake",0.158321172523443,TRUE,"below detection",TRUE,FALSE
8,"compost",2025-08-22,"C",12.449720330844,-0.716633574553594,0.168198390459473,0.999433389263027,0.996825405732239,0.24344685667089,"HM","HM","HM",0.0202992405087182,FALSE,"uptake",0.156714122827054,FALSE,"emission",TRUE,FALSE
9,"compost",2025-08-22,"A",11.090741588707,-0.528472837605443,0.307377221256834,0.998644973166537,0.993403581608789,0.550237060535987,"HM","HM","HM",0.0200742975713795,FALSE,"uptake",0.154916023275313,FALSE,"emission",TRUE,FALSE
9,"compost",2025-08-22,"B",15.2200141494718,-0.612266689716758,1.27375074646289,0.999381229880923,0.995223800447783,0.946354486432851,"HM","HM","HM",0.0201020486244482,FALSE,"uptake",0.155161010148105,FALSE,"emission",TRUE,FALSE
9,"compost",2025-08-22,"C",12.4111514558934,-0.60579546485244,0.533825388357828,0.998752200783039,0.99489925032993,0.761400015683499,"HM","HM","HM",0.019893712452444,FALSE,"uptake",0.153532683245171,FALSE,"emission",TRUE,TRUE
10,"control",2025-08-22,"A",9.23190819498625,-0.347809323173747,0.345079601775246,0.999342155892679,0.986633303291995,0.547169292460934,"HM","HM","HM",0.0206786757534545,FALSE,"uptake",0.15960331900542,FALSE,"emission",FALSE,FALSE
10,"control",2025-08-22,"B",9.222472207656,-0.396173826326642,-0.0684272501583106,0.999249448237852,0.989903950321412,0.0375291658633934,"HM","HM","LM",0.0196466869750366,FALSE,"uptake",0.151642304465741,TRUE,"below detection",TRUE,FALSE
10,"control",2025-08-22,"C",8.40782187795475,-0.348990683572206,0.206443702750379,0.999289305316323,0.991686441911108,0.312842359572385,"HM","HM","HM",0.0195471841074574,FALSE,"uptake",0.150883468093049,FALSE,"emission",FALSE,FALSE
11,"slurry",2025-08-22,"A",11.421547095728,-0.486409383308669,0.256046804573111,0.999689812902386,0.993290596793482,0.364651729825894,"HM","HM","HM",0.0201547216918971,FALSE,"uptake",0.155549116797815,FALSE,"emission",FALSE,FALSE
11,"slurry",2025-08-22,"B",10.8049581916717,-0.447291150837111,0.249953372333044,0.999597707145913,0.991355298129415,0.436099645022618,"HM","HM","HM",0.020072678149537,FALSE,"uptake",0.154944574416223,FALSE,"emission",FALSE,FALSE
11,"slurry",2025-08-22,"C",9.00995121170408,-0.343536377355582,0.088184791433088,0.999248914989669,0.988412637581854,0.0972084593419049,"HM","HM","HM",0.0193704361465679,FALSE,"uptake",0.149509883306875,TRUE,"below detection",FALSE,TRUE
12,"slurry",2025-08-22,"A",12.2596770217212,-0.518145120958867,0.158991620592703,0.998886078315462,0.99351394297547,0.191458248683968,"HM","HM","HM",0.0205396921939025,FALSE,"uptake",0.158565067454608,FALSE,"emission",FALSE,FALSE
12,"slurry",2025-08-22,"B",13.9465443976665,-0.588685564823361,0.159352937903986,0.998152204443237,0.994563645769531,0.215206222206383,"HM","HM","HM",0.0197050165674248,FALSE,"uptake",0.152099738504122,FALSE,"emission",TRUE,FALSE
12,"slurry",2025-08-22,"C",10.1666928683477,-0.436630033816639,0.178344216453616,0.999232309397385,0.992937028802636,0.362901950053123,"HM","HM","LM",0.0189472819628807,FALSE,"uptake",0.146257241318997,FALSE,"emission",TRUE,FALSE
13,"slurry",2025-08-22,"A",10.485422818758,-0.56187194838789,0.803703721795526,0.99956669720216,0.993602366598767,0.68608570317772,"HM","HM","HM",0.0206520340148774,FALSE,"uptake",0.159396038525085,FALSE,"emission",FALSE,FALSE
13,"slurry",2025-08-22,"B",13.5925724712212,-0.462355905330631,0.255342831734111,0.999390442144838,0.992749904078796,0.451994488363188,"HM","HM","HM",0.0204339987105714,FALSE,"uptake",0.157710485907685,FALSE,"emission",FALSE,FALSE
13,"slurry",2025-08-22,"C",11.087790543472,-0.364565635217068,7.21717540916069,0.999132881133773,0.99054047953364,0.99809482209018,"HM","HM","LM",0.0196792726394853,FALSE,"uptake",0.151918204877249,FALSE,"emission",FALSE,FALSE
14,"compost",2025-08-22,"A",11.6452704164978,-0.357244599368642,0.24473943603527,0.999664312852484,0.987289863446674,0.204398493566085,"HM","HM","HM",0.0195603573496379,FALSE,"uptake",0.150948640334535,FALSE,"emission",FALSE,FALSE
14,"compost",2025-08-22,"B",9.85968094785693,-0.415926092454992,0.039870349383158,0.999541876186163,0.987101251892344,-0.00351327505076249,"HM","HM","HM",0.0206267021618324,FALSE,"uptake",0.159209680617761,TRUE,"below detection",FALSE,FALSE
14,"compost",2025-08-22,"C",10.056944123188,-0.218998513389733,0.122650676278905,0.999197579120077,0.964605246069426,0.135312191649822,"HM","HM","HM",0.0211580228329159,FALSE,"uptake",0.163309569466719,TRUE,"below detection",TRUE,FALSE
15,"control",2025-08-22,"A",9.59396448857992,-0.404472327421233,0.181900060734807,0.999145951702004,0.992452245612763,0.259753736830318,"HM","HM","HM",0.0196213012692023,FALSE,"uptake",0.151436486533389,FALSE,"emission",FALSE,FALSE
15,"control",2025-08-22,"B",10.9270840001949,-0.505527380681011,0.128890969640996,0.999318794083129,0.993762886643357,0.146930709479418,"HM","HM","LM",0.0206877615210758,FALSE,"uptake",0.15967913949826,TRUE,"below detection",TRUE,FALSE
15,"control",2025-08-22,"C",11.8054020469667,-0.428922232522806,-0.0303989394116964,0.999612343356299,0.990125801899154,-0.00715716395216415,"HM","HM","HM",0.0203268073212455,FALSE,"uptake",0.156886998149032,TRUE,"below detection",TRUE,FALSE
1,"slurry",2025-09-10,"A",6.9447489911198,-0.576457385614693,0.0595591431685013,0.994822708990502,0.9853784791801,0.0386318966901649,"HM","HM","LM",0.0215273439101508,FALSE,"uptake",0.163286084669676,TRUE,"below detection",FALSE,FALSE
1,"slurry",2025-09-10,"B",8.43497142437096,-0.473854656022929,0.0579313615488877,0.999675114857114,0.992948149627985,0.0273869057086807,"HM","HM","HM",0.0217955061392822,FALSE,"uptake",0.165344397115734,TRUE,"below detection",TRUE,FALSE
1,"slurry",2025-09-10,"C",9.52236367489398,-0.528711573274779,0.130198120612088,0.999051305727269,0.995403443584881,0.171220871823467,"HM","HM","HM",0.0217357310322795,FALSE,"uptake",0.164910014450425,TRUE,"below detection",FALSE,FALSE
2,"control",2025-09-10,"A",7.45436272555125,-0.476053603065821,0.0188248184451327,0.997616586156559,0.993076297821797,-0.00582104341311895,"HM","HM","HM",0.0213320648273424,FALSE,"uptake",0.161836042879095,TRUE,"below detection",FALSE,FALSE
2,"control",2025-09-10,"B",8.23693865279113,-0.590950391066295,0.0903144317729543,0.999669998836617,0.996103104582442,0.0675518351362568,"HM","HM","HM",0.0208615053260009,FALSE,"uptake",0.158280492353765,TRUE,"below detection",FALSE,FALSE
2,"control",2025-09-10,"C",10.5034690179445,-0.534902977009773,0.116375007861434,0.998609468546321,0.993632291972951,0.163725505548157,"HM","HM","HM",0.0214096967957093,FALSE,"uptake",0.162439660033373,TRUE,"below detection",FALSE,FALSE
3,"compost",2025-09-10,"A",10.1063020104351,-0.59097168431329,0.12094484952063,0.999292607457226,0.995244295903322,0.106106928088251,"HM","HM","HM",0.0213790120268058,FALSE,"uptake",0.162177655920232,TRUE,"below detection",TRUE,FALSE
3,"compost",2025-09-10,"B",10.5645112969443,-0.523754039799116,0.0215803563675727,0.998452234445085,0.994028103490982,-0.00489796652750929,"HM","HM","HM",0.0204771238587455,FALSE,"uptake",0.155363951936579,TRUE,"below detection",TRUE,FALSE
3,"compost",2025-09-10,"C",8.25076203118277,-0.433943890494264,0.0382439353462328,0.996867667057435,0.99031707519823,-0.00480933704828357,"HM","HM","HM",0.0219306976478005,FALSE,"uptake",0.166410119688122,TRUE,"below detection",TRUE,FALSE
4,"compost",2025-09-10,"A",6.78930114097579,-0.426434991606374,0.0327345742997349,0.999035633608015,0.990169900719563,-0.00308180771352284,"HM","HM","HM",0.021353542660822,FALSE,"uptake",0.162002269222053,TRUE,"below detection",TRUE,FALSE
4,"compost",2025-09-10,"B",8.56321593446479,-0.554166375283853,0.161445187032062,0.998366270133457,0.995322626629835,0.15315624163322,"HM","HM","HM",0.0213693822532857,FALSE,"uptake",0.162134421178729,TRUE,"below detection",TRUE,FALSE
4,"compost",2025-09-10,"C",7.07270891556806,-0.358594128982172,0.291322971655244,0.99363013254369,0.96065929042517,0.208651939644394,"HM","HM","HM",0.0211328256427605,FALSE,"uptake",0.160325963334951,FALSE,"emission",FALSE,FALSE
5,"control",2025-09-10,"A",9.88028178556274,-0.579929764086585,0.0519068479432753,0.998931675133937,0.996604685994727,0.0166236155464374,"HM","HM","LM",0.0207151890476068,FALSE,"uptake",0.157170471055113,TRUE,"below detection",TRUE,FALSE
5,"control",2025-09-10,"B",8.7354545129155,-0.616106242868899,0.054215748330715,0.99814086074321,0.996007309000782,0.0214491755261673,"HM","HM","LM",0.021161954990852,FALSE,"uptake",0.160568799104713,TRUE,"below detection",FALSE,FALSE
5,"control",2025-09-10,"C",10.0868210272728,-0.616655276267328,0.0691894616713776,0.998815897083782,0.996432056597889,0.0529448946483522,"HM","HM","LM",0.0218493272901607,FALSE,"uptake",0.165767809026168,TRUE,"below detection",FALSE,FALSE
6,"slurry",2025-09-10,"A",7.50842829488317,-0.614233692785814,0.0988344026461498,0.998688370694177,0.988274801169268,0.0826971362556829,"HM","HM","HM",0.0207383909551992,FALSE,"uptake",0.157351934352387,TRUE,"below detection",TRUE,TRUE
6,"slurry",2025-09-10,"B",8.11094300198011,-0.480098767424965,0.0909290935477046,0.998433365705664,0.993185315017361,0.0359261085624547,"HM","HM","HM",0.0222551853403807,FALSE,"uptake",0.168852248176732,TRUE,"below detection",FALSE,FALSE
6,"slurry",2025-09-10,"C",9.38743188803867,-0.522466984958386,0.237414300419945,0.998706968942228,0.994414846037634,0.402262530968494,"HM","HM","HM",0.0217521186316905,FALSE,"uptake",0.165054716675967,FALSE,"emission",TRUE,FALSE
7,"control",2025-09-10,"A",10.2621459506947,-0.43896421773585,0.04041283576217,0.999126203673569,0.992274240484868,0.00761698178481252,"HM","HM","LM",0.0212635147732616,FALSE,"uptake",0.161327045745133,TRUE,"below detection",FALSE,FALSE
7,"control",2025-09-10,"B",9.58960916934492,-0.490609532792074,0.176904636442008,0.99899000226559,0.992902777627262,0.243670239603839,"HM","HM","HM",0.0219246612362855,FALSE,"uptake",0.166343841015524,FALSE,"emission",FALSE,FALSE
7,"control",2025-09-10,"C",8.51537901910223,-0.342724391522543,0.163709702564409,0.999193172814701,0.987448205110236,0.140652904352718,"HM","HM","HM",0.021444479278493,FALSE,"uptake",0.16270589561063,FALSE,"emission",TRUE,FALSE
8,"compost",2025-09-10,"A",6.84569570361215,-0.592980090719217,0.108099100031219,0.999246415128241,0.996131373739352,0.169422291901062,"HM","HM","HM",0.0196629413573981,FALSE,"uptake",0.116940856582361,TRUE,"below detection",FALSE,TRUE
8,"compost",2025-09-10,"B",7.3002117207904,-0.740747271320349,0.1505527723602,0.999051975404354,0.996342890573096,0.2485659667866,"HM","HM","HM",0.0220121652189136,FALSE,"uptake",0.130935956117961,FALSE,"emission",FALSE,FALSE
8,"compost",2025-09-10,"C",7.51477523945744,-0.800556679614114,0.0405411686960856,0.998557563645635,0.996861643282067,0.0224593453747663,"HM","HM","HM",0.0200360204949546,FALSE,"uptake",0.119180256410933,TRUE,"below detection",FALSE,FALSE
9,"compost",2025-09-10,"A",8.84233452228451,-0.633833829421378,0.151558160987533,0.998769436703047,0.995677175702192,0.222108685096618,"HM","HM","LM",0.0195290205285562,FALSE,"uptake",0.116145551516382,FALSE,"emission",FALSE,FALSE
9,"compost",2025-09-10,"B",9.6360439027353,-0.574077805033472,-0.054064830068625,0.998922726128893,0.995886242897983,0.0564425612715375,"HM","HM","LM",0.0196404353896799,FALSE,"uptake",0.116816933662188,TRUE,"below detection",FALSE,FALSE
9,"compost",2025-09-10,"C",8.46490313308389,-0.579673581455172,0.119283176698066,0.998170700076561,0.990858009837874,0.255868067869812,"HM","HM","HM",0.0195299584648183,FALSE,"uptake",0.116149823353373,FALSE,"emission",FALSE,TRUE
10,"control",2025-09-10,"A",7.72155034850301,-0.357929602365488,0.055345513223519,0.99919824287953,0.985303827821009,0.0487124433092174,"HM","HM","HM",0.0199699383924477,FALSE,"uptake",0.118768241553152,TRUE,"below detection",TRUE,FALSE
10,"control",2025-09-10,"B",7.50956764746853,-0.475606955451645,0.0250293396219705,0.998992076494277,0.992548204032151,0.00891578550992234,"HM","HM","HM",0.0188076847065093,FALSE,"uptake",0.111858840813618,TRUE,"below detection",TRUE,FALSE
10,"control",2025-09-10,"C",6.25867692363547,-0.351317400894117,0.0608502277746331,0.998950740422428,0.989480168870975,0.0532069783801364,"HM","HM","HM",0.0187749982787254,FALSE,"uptake",0.111671425112198,TRUE,"below detection",FALSE,TRUE
11,"slurry",2025-09-10,"A",8.39206800633674,-0.463066383225505,-0.00358898211182302,0.998343595625764,0.994097590618743,-0.0104505277040277,"HM","HM","HM",0.0195922709896021,FALSE,"uptake",0.116519095541577,TRUE,"below detection",TRUE,FALSE
11,"slurry",2025-09-10,"B",6.34868767627593,-0.386558803883835,0.0928042822560999,0.999150275091671,0.989602008944125,0.116178774663439,"HM","HM","HM",0.019362708159381,FALSE,"uptake",0.115176328971803,TRUE,"below detection",FALSE,FALSE
11,"slurry",2025-09-10,"C",6.42580610073183,-0.368599978768965,0.0938454277568047,0.998993182802018,0.990738125203922,0.136186176643895,"HM","HM","HM",0.0186992360366541,FALSE,"uptake",0.111214265678697,TRUE,"below detection",FALSE,FALSE
12,"slurry",2025-09-10,"A",6.13953184283991,-0.390650565963973,0.0291450302294398,0.99849230842448,0.992501325459128,0.00255538417730405,"HM","HM","HM",0.0201267849310778,FALSE,"uptake",0.119697696739682,TRUE,"below detection",FALSE,TRUE
12,"slurry",2025-09-10,"B",9.20468932431014,-0.563984042886297,0.0997563929906333,0.997885763996502,0.993565783582272,0.138998581373053,"HM","HM","HM",0.019014826572894,FALSE,"uptake",0.113081293634236,TRUE,"below detection",FALSE,TRUE
12,"slurry",2025-09-10,"C",6.20287832404455,-0.347585850138218,0.0521626525215449,0.998933562783775,0.989993523499236,0.0500987941692915,"HM","HM","HM",0.0185140084249533,FALSE,"uptake",0.110120621522013,TRUE,"below detection",TRUE,FALSE
13,"slurry",2025-09-10,"A",9.4574396455638,-0.07545834034104,0.002548442276461,0.998872484462647,0.76275375303523,-0.0106483395270733,"HM","HM","HM",0.0200107272998997,FALSE,"uptake",0.119015229084137,TRUE,"below detection",TRUE,FALSE
13,"slurry",2025-09-10,"B",8.60932385174992,-0.447584571662478,-0.038103259763981,0.999143949954727,0.991188435192836,-0.00240625809633266,"HM","HM","HM",0.0197442553921772,FALSE,"uptake",0.117422406431665,TRUE,"below detection",FALSE,TRUE
13,"slurry",2025-09-10,"C",6.97462251295643,-0.378860079953071,0.421842090009321,0.998879207773701,0.991662868834984,0.727691970539257,"HM","HM","HM",0.0188762811338866,FALSE,"uptake",0.112278004630348,FALSE,"emission",FALSE,FALSE
14,"compost",2025-09-10,"A",7.66513418536486,-0.262396925373415,0.106808677699034,0.998679561940441,0.980685412994125,0.0998045024179106,"HM","HM","HM",0.0185946521847906,FALSE,"uptake",0.110575541107683,TRUE,"below detection",TRUE,FALSE
14,"compost",2025-09-10,"B",12.8468633124117,-0.478396701925029,0.399670710351839,0.999304159894747,0.994462201056653,0.775145788406589,"HM","HM","HM",0.0196531791176912,FALSE,"uptake",0.116875641838583,FALSE,"emission",FALSE,FALSE
14,"compost",2025-09-10,"C",5.7919003976359,-0.159944315940999,0.0221134731394136,0.997989319418953,0.94063578646285,-0.00394483293941228,"HM","HM","HM",0.0203387251451218,FALSE,"uptake",0.1209595767769,TRUE,"below detection",TRUE,FALSE
15,"control",2025-09-10,"A",7.43591950484803,-0.43893617822238,0.118564688321999,0.999039591549159,0.990342365111219,0.13584545314118,"HM","HM","HM",0.0188366225271874,FALSE,"uptake",0.112029915044988,FALSE,"emission",TRUE,FALSE
15,"control",2025-09-10,"B",10.063507388887,-0.52795460320578,0.129445127018421,0.999093770287324,0.992068540190352,0.200379237715323,"HM","HM","HM",0.0198329764366666,FALSE,"uptake",0.117959232683256,FALSE,"emission",TRUE,TRUE
15,"control",2025-09-10,"C",12.3859226212759,-0.47990359843448,0.100623659132191,0.998265151878246,0.992859063179421,0.101072447902604,"HM","HM","HM",0.0193650109857872,FALSE,"uptake",0.115162721163913,TRUE,"below detection",FALSE,FALSE
1,"slurry",2025-09-30,"A",7.21522507414349,-0.416286768516956,0.110100156411967,0.99926643873121,0.989598419462586,0.135965442035806,"HM","HM","HM",0.0202534464510425,FALSE,"uptake",0.127153001512504,TRUE,"below detection",FALSE,FALSE
1,"slurry",2025-09-30,"B",7.79987881275889,-0.34232401980139,0.12880523670792,0.998975790305266,0.987608615572393,0.170355948067824,"HM","HM","HM",0.0199835057094551,FALSE,"uptake",0.125458203529573,FALSE,"emission",FALSE,FALSE
1,"slurry",2025-09-30,"C",6.70041988151007,-0.335824840945697,0.113300500165709,0.999102749256694,0.985691735147921,0.236700135425406,"HM","HM","HM",0.0194432309012908,FALSE,"uptake",0.122064296945997,TRUE,"below detection",FALSE,FALSE
2,"control",2025-09-30,"A",6.01750361767697,-0.396860773237598,-0.0442557698961018,0.997799157127778,0.986535042714766,0.0211182185788946,"HM","HM","HM",0.0199875645460565,FALSE,"uptake",0.125479080592314,TRUE,"below detection",TRUE,FALSE
2,"control",2025-09-30,"B",7.41095162651374,-0.536254711182649,0.20082313910499,0.999282598069149,0.993075867358598,0.139843271092655,"HM","HM","HM",0.019436095700634,FALSE,"uptake",0.122016780662859,FALSE,"emission",TRUE,FALSE
2,"control",2025-09-30,"C",7.85685938185366,-0.35924164884223,0.148862413066886,0.999680002080369,0.987367032413061,0.319683451144484,"HM","HM","LM",0.0201783316493327,FALSE,"uptake",0.126689474479656,FALSE,"emission",FALSE,FALSE
3,"compost",2025-09-30,"A",9.303275472718,-0.465008729561719,0.157679116951152,0.999814555721211,0.990511147767137,0.341258950739385,"HM","HM","HM",0.0195723712667808,FALSE,"uptake",0.122877883493086,FALSE,"emission",TRUE,FALSE
3,"compost",2025-09-30,"B",7.69074549542424,-0.371285550592484,0.0988406821725284,0.999242053434039,0.987824586123661,0.167726292350319,"HM","HM","LM",0.0192946040852524,FALSE,"uptake",0.121125358932212,TRUE,"below detection",TRUE,FALSE
3,"compost",2025-09-30,"C",7.32568066692878,-0.471699403261227,0.118931665498928,0.999629714486188,0.992437920944195,0.210565814441638,"HM","HM","HM",0.0204538494463821,FALSE,"uptake",0.128408112784208,TRUE,"below detection",FALSE,FALSE
4,"compost",2025-09-30,"A",7.20745348112049,-0.360741716510296,0.0246225569309657,0.999158847110638,0.983395359641237,-0.00869761803248825,"HM","HM","HM",0.0195586470031933,FALSE,"uptake",0.122787550909463,TRUE,"below detection",TRUE,FALSE
4,"compost",2025-09-30,"B",7.12108243091189,-0.433819160866296,0.190123204790299,0.999354263005476,0.992507872019406,0.176778805487361,"HM","HM","HM",0.0196064217352104,FALSE,"uptake",0.123090637806818,FALSE,"emission",TRUE,FALSE
4,"compost",2025-09-30,"C",8.46938594995777,-0.318371476527285,0.097433071658999,0.999478751200157,0.984617653953986,0.145423223675262,"HM","HM","HM",0.0193470305269627,FALSE,"uptake",0.121471017043258,TRUE,"below detection",FALSE,FALSE
5,"control",2025-09-30,"A",7.38952424504834,-0.486170413261353,-0.0780914190480484,0.999106663829349,0.994435168581622,0.0969241012094824,"HM","HM","LM",0.0194328707231243,FALSE,"uptake",0.122001509834751,TRUE,"below detection",FALSE,FALSE
5,"control",2025-09-30,"B",6.76084076772727,-0.494256051181574,0.124226772112285,0.999327673683333,0.991195381926987,0.302466268498917,"HM","HM","LM",0.0198315754748864,FALSE,"uptake",0.124488373218563,TRUE,"below detection",TRUE,FALSE
5,"control",2025-09-30,"C",9.07215778961847,-0.517758826675105,0.243138066145232,0.998485594910891,0.993313433194642,0.442476815360915,"HM","HM","HM",0.0202003953903518,FALSE,"uptake",0.126820476037215,FALSE,"emission",FALSE,FALSE
6,"slurry",2025-09-30,"A",6.04533482554981,-0.519603231390098,0.0696834969164806,0.999263104779234,0.994771296035192,0.0804770429106868,"HM","HM","LM",0.019218854945039,FALSE,"uptake",0.120651173232332,TRUE,"below detection",TRUE,FALSE
6,"slurry",2025-09-30,"B",7.52811141851497,-0.419890079122414,0.0691980048904787,0.998926576787475,0.992353208629037,0.0631989849030647,"HM","HM","HM",0.0205094998072642,FALSE,"uptake",0.128761496941248,TRUE,"below detection",FALSE,FALSE
6,"slurry",2025-09-30,"C",8.26442498125861,-0.365232449275096,0.432468526195008,0.998353355265086,0.988381994898748,0.493173479604616,"HM","HM","HM",0.020428598479649,FALSE,"uptake",0.128252740271808,FALSE,"emission",FALSE,FALSE
7,"control",2025-09-30,"A",9.02192159663913,-0.385809088923159,0.149780647130397,0.999500298932876,0.985980087398132,0.166795953045977,"HM","HM","HM",0.0197768578982276,FALSE,"uptake",0.124156229399377,FALSE,"emission",TRUE,FALSE
7,"control",2025-09-30,"B",8.6120286077777,-0.475671895342992,0.248845281974748,0.999219094639371,0.993735746271814,0.498035364634884,"HM","HM","HM",0.0199676518886105,FALSE,"uptake",0.125372485223824,FALSE,"emission",TRUE,FALSE
7,"control",2025-09-30,"C",9.35500273444663,-0.335616036364106,0.200439701142469,0.9992849382764,0.986458692406114,0.412017821022744,"HM","HM","HM",0.0195786296674833,FALSE,"uptake",0.122938962620176,FALSE,"emission",FALSE,FALSE
8,"compost",2025-09-30,"A",7.31412271384362,-0.430703371216925,0.0656676868484891,0.999361508013233,0.992444623158642,0.0835602079377856,"HM","HM","HM",0.0196292544658284,FALSE,"uptake",0.123236953006583,TRUE,"below detection",TRUE,FALSE
8,"compost",2025-09-30,"B",9.91573304495944,-0.929484985716129,0.227192353576395,0.998646197645882,0.995099621063474,0.150170204384252,"HM","HM","HM",0.022023919213862,FALSE,"uptake",0.138261409625466,FALSE,"emission",TRUE,FALSE
8,"compost",2025-09-30,"C",8.54331694552639,-0.629397041364966,-0.06643518530778,0.999487227648167,0.994793467491908,0.00314302746792494,"HM","HM","HM",0.0198037353295595,FALSE,"uptake",0.124345547696154,TRUE,"below detection",FALSE,FALSE
9,"compost",2025-09-30,"A",10.5712882616913,-0.563664315994665,0.213482387046765,0.999411855598211,0.994275847327051,0.139505908711329,"HM","HM","HM",0.0194291482439995,FALSE,"uptake",0.121964286958298,FALSE,"emission",FALSE,FALSE
9,"compost",2025-09-30,"B",8.70619125792519,-0.362235627319148,0.185331645724371,0.999536111075093,0.985146868997761,0.35754401759254,"HM","HM","HM",0.019929027798153,FALSE,"uptake",0.125124778536008,FALSE,"emission",FALSE,FALSE
9,"compost",2025-09-30,"C",8.7080032803803,-0.383326104313806,0.175208034137352,0.999465088480236,0.989543124781497,0.357860855079286,"HM","HM","HM",0.0196548380034263,FALSE,"uptake",0.123397242850053,FALSE,"emission",TRUE,FALSE
10,"control",2025-09-30,"A",7.64239322881581,-0.281248230727737,0.190409822836546,0.998499343606042,0.983662777906891,0.310133296305587,"HM","HM","HM",0.0201538199575112,FALSE,"uptake",0.12651685310187,FALSE,"emission",FALSE,FALSE
10,"control",2025-09-30,"B",7.70067833432059,-0.285257759399404,0.108895907745332,0.997738326267925,0.985144921980317,0.140139805887631,"HM","HM","HM",0.0188084075536134,FALSE,"uptake",0.118077192223634,TRUE,"below detection",FALSE,FALSE
10,"control",2025-09-30,"C",6.30431953904274,-0.245615081487397,0.155302966674637,0.999041184965158,0.978046073304774,0.141214659249553,"HM","HM","LM",0.0188871943805296,FALSE,"uptake",0.118578108524746,FALSE,"emission",FALSE,FALSE
11,"slurry",2025-09-30,"A",10.6577034597437,-0.338258560284321,0.189157938021726,0.998943340870198,0.974644772630036,0.293424584852277,"HM","HM","LM",0.0195360313883022,FALSE,"uptake",0.12263314902418,FALSE,"emission",FALSE,FALSE
11,"slurry",2025-09-30,"B",6.96698213245108,-0.256533249341206,-0.0316662688792879,0.999267106738328,0.972477829548226,0.00356550214093965,"HM","HM","HM",0.019469668226452,FALSE,"uptake",0.122235305011834,TRUE,"below detection",TRUE,FALSE
11,"slurry",2025-09-30,"C",6.60432234284155,-0.186499895696903,-0.00236645300214116,0.999296035881485,0.964282698463671,-0.0106396959497379,"HM","HM","HM",0.0189978345220879,FALSE,"uptake",0.119264612831801,TRUE,"below detection",TRUE,FALSE
12,"slurry",2025-09-30,"A",7.95501092424674,-0.376163255550452,0.139323007264881,0.999079599682402,0.980709704162444,0.218772226436548,"HM","HM","HM",0.0201004622354904,FALSE,"uptake",0.126191804467609,FALSE,"emission",TRUE,FALSE
12,"slurry",2025-09-30,"B",13.9722893568141,-0.512589106474856,0.146370627988616,0.998995932567286,0.994200339845559,0.199854215266552,"HM","HM","HM",0.0190663014822118,FALSE,"uptake",0.119698315588406,FALSE,"emission",TRUE,FALSE
12,"slurry",2025-09-30,"C",7.27486536207187,-0.261210147374369,0.47209701026678,0.999360236217358,0.977858730872962,0.535332047747211,"HM","HM","HM",0.0182239262606331,FALSE,"uptake",0.114405245773231,FALSE,"emission",FALSE,FALSE
14,"compost",2025-09-30,"A",9.03985181597903,-0.297563837120081,-0.0123213406002859,0.999396480401503,0.984687337148733,-0.00960749093603441,"HM","HM","HM",0.0188866600959889,FALSE,"uptake",0.118521646420244,TRUE,"below detection",TRUE,TRUE
14,"compost",2025-09-30,"B",15.9164384801276,-0.523613868593056,0.240111320345959,0.999721465870997,0.989420599916618,0.362660588661285,"HM","HM","HM",0.0200686734766238,FALSE,"uptake",0.125984270950524,FALSE,"emission",TRUE,FALSE
14,"compost",2025-09-30,"C",7.85152708280076,-0.22378797790388,0.150476121719524,0.999393386244484,0.953933923788228,0.189294152977572,"HM","HM","HM",0.0204856734548939,FALSE,"uptake",0.1286056820927,FALSE,"emission",TRUE,FALSE
15,"control",2025-09-30,"A",7.39816874252629,-0.285340526294838,0.102362098039834,0.998858049093306,0.969570108934301,0.106779592911578,"HM","HM","HM",0.0190166682124452,FALSE,"uptake",0.119387960950737,TRUE,"below detection",TRUE,TRUE
15,"control",2025-09-30,"B",9.11185073601884,-0.384307129826222,0.0647755779917832,0.999458665972939,0.992253307552037,0.0310922501503209,"HM","HM","LM",0.0197246489989126,FALSE,"uptake",0.123820796352842,TRUE,"below detection",FALSE,FALSE
15,"control",2025-09-30,"C",12.4443019077005,-0.374373894312382,0.241383207135878,0.998209391407591,0.986219834387035,0.366234686872862,"HM","HM","HM",0.0196891351723056,FALSE,"uptake",0.123613081157363,FALSE,"emission",FALSE,TRUE
1,"slurry",2025-10-14,"A",4.59982965450961,-0.229495194888452,0.0806494980459471,0.998237276081216,0.975066269783718,0.121043261106935,"HM","HM","HM",0.0207586115363886,FALSE,"uptake",0.116902661426245,TRUE,"below detection",TRUE,FALSE
1,"slurry",2025-10-14,"B",4.04836043695763,-0.137468150292809,0.0890942585106457,0.999053565925711,0.910282692437344,0.0224292477120652,"HM","HM","HM",0.0208003606149029,FALSE,"uptake",0.117130928608702,TRUE,"below detection",FALSE,FALSE
1,"slurry",2025-10-14,"C",4.24291738222838,-0.215588039855977,-0.0424095583483942,0.999044234155961,0.970678307708818,0.0176267997745837,"HM","HM","HM",0.0200368970197293,FALSE,"uptake",0.112827229023903,TRUE,"below detection",FALSE,FALSE
2,"control",2025-10-14,"A",3.5835524682219,-0.162351463997454,0.0274107560919359,0.995859854230287,0.938947543233339,0.00916973601186921,"HM","HM","HM",0.0206463215596268,FALSE,"uptake",0.116258683374422,TRUE,"below detection",FALSE,FALSE
2,"control",2025-10-14,"B",4.19947997908616,-0.255658654930936,0.0348323374672839,0.999116016638984,0.972772516232711,0.00443742306202122,"HM","HM","HM",0.0200837804563336,FALSE,"uptake",0.11309223429174,TRUE,"below detection",FALSE,FALSE
2,"control",2025-10-14,"C",5.77666788445867,-0.188725313720331,0.038488085759574,0.999452000157933,0.960287478373484,0.00397006953134849,"HM","HM","HM",0.0207988456782647,FALSE,"uptake",0.117113481807017,TRUE,"below detection",FALSE,FALSE
3,"compost",2025-10-14,"A",5.47214089639209,-0.182960186629877,0.0179626055627945,0.998404133635349,0.95755472537415,-0.00402935301411578,"HM","HM","HM",0.0204098358191429,FALSE,"uptake",0.114920563105126,TRUE,"below detection",FALSE,FALSE
3,"compost",2025-10-14,"B",4.90342428719901,-0.145341618724417,-0.0191717542121712,0.99932305488558,0.943706589586625,-0.00242776118684662,"HM","HM","HM",0.0199362449452458,FALSE,"uptake",0.112256109945265,TRUE,"below detection",FALSE,FALSE
3,"compost",2025-10-14,"C",4.4592012338229,-0.186816186746318,-0.0266127153921831,0.999093386238628,0.958762719545385,0.00598873842397762,"HM","HM","HM",0.0211737825789341,FALSE,"uptake",0.119230212341184,TRUE,"below detection",FALSE,FALSE
4,"compost",2025-10-14,"A",4.8718331671111,-0.264650361996256,0.0438053467680673,0.998680283924748,0.981865364282604,0.0316067049596866,"HM","HM","HM",0.0211878248426856,FALSE,"uptake",0.122303036989511,TRUE,"below detection",FALSE,FALSE
4,"compost",2025-10-14,"B",4.47711552283469,-0.356242601233497,0.0838453797836292,0.999135922343442,0.986721970624696,0.0519111241470172,"HM","HM","HM",0.0212922527142954,FALSE,"uptake",0.122907683353393,TRUE,"below detection",FALSE,FALSE
4,"compost",2025-10-14,"C",4.04142880926285,-0.22286277388234,0.00457435102827296,0.999331189558494,0.967627585229503,-0.0100278066384998,"HM","HM","HM",0.0210463645427056,FALSE,"uptake",0.121486681013981,TRUE,"below detection",FALSE,FALSE
5,"control",2025-10-14,"A",5.11344500379283,-0.339594056338421,0.048380449359248,0.999545786779448,0.98709690665954,0.0500074430501084,"HM","HM","LM",0.0201095854826164,FALSE,"uptake",0.113240686187043,TRUE,"below detection",FALSE,FALSE
5,"control",2025-10-14,"B",4.19926557762628,-0.353042462703838,0.0744570182674328,0.998607493983341,0.983896366339038,0.141378449533485,"HM","HM","LM",0.020592427480782,FALSE,"uptake",0.115966796735182,TRUE,"below detection",FALSE,FALSE
5,"control",2025-10-14,"C",4.6634215309446,-0.284314174670177,0.0616365718492632,0.998408038384188,0.981350723879635,0.0719350953965441,"HM","HM","HM",0.0209842233009066,FALSE,"uptake",0.118173204619538,TRUE,"below detection",FALSE,TRUE
6,"slurry",2025-10-14,"A",3.04204386516713,-0.194539632467758,0.104309696776514,0.998507563053834,0.964156738571588,0.132764817082979,"HM","HM","HM",0.0196941635775985,FALSE,"uptake",0.110892130913834,TRUE,"below detection",FALSE,FALSE
6,"slurry",2025-10-14,"B",4.20593598742799,-0.140206225354007,0.0186451471058301,0.998536805269357,0.913201333009742,-0.00187305269172167,"HM","HM","HM",0.0214850645949068,FALSE,"uptake",0.120978875663581,TRUE,"below detection",FALSE,FALSE
6,"slurry",2025-10-14,"C",5.21023814948108,-0.227597020685448,-0.201493709599997,0.998090636463454,0.96927729593656,0.218532914570235,"HM","HM","HM",0.0212394632965233,FALSE,"uptake",0.119616312549892,FALSE,"uptake",TRUE,TRUE
7,"control",2025-10-14,"A",5.02540687508675,-0.230270269238003,0.186697666807631,0.999334679087398,0.973111333541359,0.0854627915830835,"HM","HM","LM",0.0215056878645828,FALSE,"uptake",0.12414230032835,FALSE,"emission",FALSE,FALSE
7,"control",2025-10-14,"B",4.98340513982544,-0.276524744392063,0.215334310416195,0.99929291421476,0.973707812477989,0.42196418720814,"HM","HM","HM",0.0218389353166722,FALSE,"uptake",0.126060394946623,FALSE,"emission",FALSE,FALSE
7,"control",2025-10-14,"C",4.72275592941821,-0.189115583453851,0.107803009830894,0.999290170986935,0.955048212894832,0.247813416943546,"HM","HM","HM",0.0214862455508539,FALSE,"uptake",0.124020040699325,TRUE,"below detection",FALSE,FALSE
8,"compost",2025-10-14,"A",3.951886639635,-0.288779639304227,-0.00222708308150818,0.999108521027947,0.986663589528518,-0.0104735200965669,"HM","HM","HM",0.0215050634515847,FALSE,"uptake",0.124132882489122,TRUE,"below detection",TRUE,FALSE
8,"compost",2025-10-14,"B",4.9466685503456,-0.348257919797674,0.0434741929332728,0.996162482591994,0.982313924274604,0.0247687109740742,"HM","HM","HM",0.0241441170488197,FALSE,"uptake",0.139363629740551,TRUE,"below detection",TRUE,FALSE
8,"compost",2025-10-14,"C",5.26531823719427,-0.388237693912315,0.041144248373748,0.999459212693506,0.993293743217281,0.0278199748404864,"HM","HM","HM",0.021717979029023,FALSE,"uptake",0.125357702840785,TRUE,"below detection",TRUE,FALSE
9,"compost",2025-10-14,"A",5.6672674996133,-0.284224244058815,0.103893877164146,0.998542453039246,0.987435723738145,0.141931842025797,"HM","HM","HM",0.0214059949070111,FALSE,"uptake",0.1235614455568,TRUE,"below detection",FALSE,FALSE
9,"compost",2025-10-14,"B",5.10678728244861,-0.212929453492145,0.0973192870613822,0.994415601653706,0.959067520297893,0.185156768413016,"HM","HM","HM",0.0215595900554083,FALSE,"uptake",0.124437924764505,TRUE,"below detection",FALSE,FALSE
9,"compost",2025-10-14,"C",4.09431974244897,-0.234619951616236,-0.073946596219347,0.999021546515336,0.974207825143186,0.0344675398711556,"HM","HM","HM",0.0213349305742692,FALSE,"uptake",0.123136512837443,TRUE,"below detection",FALSE,FALSE
10,"control",2025-10-14,"A",4.04066642780039,-0.165018561867412,0.100115522692414,0.999080268300638,0.947134949937564,0.179228517538003,"HM","HM","HM",0.0219684430645408,FALSE,"uptake",0.126799388508302,TRUE,"below detection",FALSE,FALSE
10,"control",2025-10-14,"B",3.54227071897072,-0.20080034366171,-0.0197437680847367,0.999060881824321,0.960083475058292,-0.00672328169411873,"HM","HM","HM",0.020768722220569,FALSE,"uptake",0.119876846116643,TRUE,"below detection",FALSE,FALSE
10,"control",2025-10-14,"C",3.41163053922939,-0.158025045813328,0.042361510328027,0.998896252125041,0.937367157305791,0.0320431719803477,"HM","HM","LM",0.020683894583978,FALSE,"uptake",0.119385126508771,TRUE,"below detection",FALSE,FALSE
11,"slurry",2025-10-14,"A",5.43839029604554,-0.0811949515485444,0.2049732206153,0.99868538685148,0.760330043471607,0.409619566173865,"HM","HM","HM",0.0214617059039204,FALSE,"uptake",0.123883949544434,FALSE,"emission",FALSE,FALSE
11,"slurry",2025-10-14,"B",3.75283988464356,-0.148835435950837,0.00720070922652496,0.99907486550393,0.936801938041348,-0.00933795515031433,"HM","HM","HM",0.0214494921025341,FALSE,"uptake",0.123792173258566,TRUE,"below detection",FALSE,FALSE
11,"slurry",2025-10-14,"C",3.04189286402686,-0.0899882351937218,0.00663504458468584,0.99777179796018,0.826698989026351,-0.0103024383006736,"HM","HM","HM",0.0205765534424898,FALSE,"uptake",0.118756939879074,TRUE,"below detection",FALSE,FALSE
12,"slurry",2025-10-14,"A",4.26681531283901,-0.252268311977095,0.136148259113872,0.998952867109437,0.977215322438922,0.301701666667107,"HM","HM","HM",0.0219327198347026,FALSE,"uptake",0.126591041943493,FALSE,"emission",FALSE,FALSE
12,"slurry",2025-10-14,"B",6.55853475352928,-0.302527400538918,-0.0320858509028024,0.999032595858248,0.983098447182959,0.000791665633770422,"HM","HM","HM",0.0212810768339715,FALSE,"uptake",0.122835105307189,TRUE,"below detection",FALSE,FALSE
12,"slurry",2025-10-14,"C",3.74498810035972,-0.177463642402675,0.0411224534256131,0.999131742603338,0.955605367423623,0.0400182527491698,"HM","HM","HM",0.0202394732837302,FALSE,"uptake",0.116822539355324,TRUE,"below detection",FALSE,FALSE
13,"slurry",2025-10-14,"A",5.99376823324755,-0.385318928071651,0.192082087432661,0.999096371294993,0.987545265085278,0.425763972131189,"HM","HM","HM",0.0219796956703246,FALSE,"uptake",0.12687392436978,FALSE,"emission",FALSE,FALSE
13,"slurry",2025-10-14,"B",7.03490289977424,-0.271663814181908,0.101578401770563,0.999345012810852,0.963431479729121,0.236788149576557,"HM","HM","HM",0.0217266477735696,FALSE,"uptake",0.125400388948635,TRUE,"below detection",FALSE,FALSE
13,"slurry",2025-10-14,"C",5.91842211085677,-0.210591892499155,2.67649210251844,0.998812653399022,0.956045489866461,0.992256457773569,"HM","HM","HM",0.0207753653805943,FALSE,"uptake",0.119909774206507,FALSE,"emission",FALSE,FALSE
14,"compost",2025-10-14,"A",5.31248618684302,-0.225850073741275,0.0785937638735208,0.998955097509335,0.97927846379975,0.0412785658173594,"HM","HM","HM",0.0206968461041632,FALSE,"uptake",0.119445373439646,TRUE,"below detection",FALSE,FALSE
14,"compost",2025-10-14,"B",7.43626824966619,-0.264803235392866,0.135129894186122,0.99972388031825,0.979408880509475,0.27739674394158,"HM","HM","HM",0.0218483574799862,FALSE,"uptake",0.126110527464562,FALSE,"emission",FALSE,TRUE
14,"compost",2025-10-14,"C",5.05108670761527,-0.129086415584998,0.0605791519707268,0.999315305985279,0.913240903612173,0.0567330138469949,"HM","HM","LM",0.0223145410626058,FALSE,"uptake",0.128797616493404,TRUE,"below detection",FALSE,FALSE
15,"control",2025-10-14,"A",6.81219495853801,-0.587156605889056,0.176479176340122,0.994899496739166,0.985162131182422,0.411089231221669,"HM","HM","HM",0.0207906264491972,FALSE,"uptake",0.12000571739907,FALSE,"emission",TRUE,FALSE
15,"control",2025-10-14,"B",4.44640989816688,-0.294072627640723,0.071242259133741,0.999061746087195,0.984872380702616,0.124256088671104,"HM","HM","HM",0.0219349727089877,FALSE,"uptake",0.126612041636635,TRUE,"below detection",FALSE,FALSE
15,"control",2025-10-14,"C",5.13309128071839,-0.289723070233821,0.0684865649505098,0.998948999484812,0.982790605875684,0.0892248453518576,"HM","HM","HM",0.0215995686830081,FALSE,"uptake",0.12466660894763,TRUE,"below detection",FALSE,TRUE
